           ,profit             ,cumulative_profit
2019-11-27 ,1.0002             , 1.0002
2019-11-28 ,1.0002             , 1.00040004
2019-11-29 ,1.0002             , 1.000600120008
2019-11-30 ,1.0002             , 1.0008002400320015
2019-12-01 ,1.0002             , 1.001000400080008
2019-12-02 ,1.0002             , 1.001200600160024
2019-12-03 ,1.0002             , 1.001400840280056
2019-12-04 ,1.0002             , 1.0016011204481121
2019-12-05 ,1.0122669426446915 , 1.0138877039455079
2019-12-06 ,1.0002             , 1.014090481486297
2019-12-07 ,1.0002             , 1.0142932995825942
2019-12-08 ,1.0002             , 1.0144961582425107
2019-12-09 ,1.0002             , 1.0146990574741592
2019-12-10 ,1.0002             , 1.0149019972856541
2019-12-11 ,1.0002             , 1.0151049776851113
2019-12-12 ,1.0002             , 1.0153079986806484
2019-12-13 ,1.0002             , 1.0155110602803845
2019-12-14 ,1.0002             , 1.0157141624924406
2019-12-15 ,1.0002             , 1.015917305324939
2019-12-16 ,1.0002             , 1.016120488786004
2019-12-17 ,1.0002             , 1.0163237128837612
2019-12-18 ,1.0002             , 1.016526977626338
2019-12-19 ,1.0002             , 1.0167302830218632
2019-12-20 ,1.0002             , 1.0169336290784676
2019-12-21 ,1.0002             , 1.0171370158042834
2019-12-22 ,1.0002             , 1.0173404432074442
2019-12-23 ,1.0002             , 1.0175439112960856
2019-12-24 ,1.0002             , 1.0177474200783447
2019-12-25 ,1.0002             , 1.0179509695623603
2019-12-26 ,1.0002             , 1.0181545597562727
2019-12-27 ,1.0002             , 1.018358190668224
2019-12-28 ,1.0002             , 1.0185618623063577
2019-12-29 ,1.0002             , 1.018765574678819
2019-12-30 ,1.0002             , 1.0189693277937546
2019-12-31 ,1.0002             , 1.0191731216593134
2020-01-01 ,1.0002             , 1.0193769562836452
2020-01-02 ,1.0002             , 1.019580831674902
2020-01-03 ,1.0002             , 1.019784747841237
2020-01-04 ,1.0002             , 1.0199887047908052
2020-01-05 ,1.0002             , 1.0201927025317632
2020-01-06 ,1.0002             , 1.0203967410722696
2020-01-07 ,0.994678159890146  , 1.014966352767667
2020-01-08 ,1.0002             , 1.0151693460382205
2020-01-09 ,1.0002             , 1.0153723799074281
2020-01-10 ,1.0002             , 1.0155754543834097
2020-01-11 ,1.012952077931307  , 1.0287292668137062
2020-01-12 ,1.0002             , 1.0289350126670689
2020-01-13 ,0.9806345386074417 , 1.0090092114038132
2020-01-14 ,1.0002             , 1.0092110132460939
2020-01-15 ,1.0002             , 1.0094128554487432
2020-01-16 ,1.0318366806985586 , 1.0415492102206851
2020-01-17 ,1.0002             , 1.0417575200627291
2020-01-18 ,0.9691011358311704 , 1.009568395953454
2020-01-19 ,1.0002             , 1.0097703096326447
2020-01-20 ,1.0002             , 1.0099722636945712
2020-01-21 ,1.0310972229795952 , 1.0413795963818877
2020-01-22 ,0.9937961292465505 , 1.034919011960655
2020-01-23 ,1.0002             , 1.0351259957630472
2020-01-24 ,1.0002             , 1.0353330209621998
2020-01-25 ,0.9617505782036726 , 0.9957321315437507
2020-01-26 ,1.030846079447823  , 1.0264465639820994
2020-01-27 ,1.0002             , 1.0266518532948958
2020-01-28 ,1.0002             , 1.026857183665555
2020-01-29 ,1.0002             , 1.027062555102288
2020-01-30 ,1.0002             , 1.0272679676133085
2020-01-31 ,1.0002             , 1.027473421206831
2020-02-01 ,1.0419050878556406 , 1.070529785191839
2020-02-02 ,0.9939048910984947 , 1.0640047895687896
2020-02-03 ,1.0066681363933312 , 1.071099718628792
2020-02-04 ,0.9845544222202038 , 1.0545559646147933
2020-02-05 ,1.0002             , 1.0547668758077162
2020-02-06 ,1.0002             , 1.0549778291828777
2020-02-07 ,1.0490315238947117 , 1.106704999822849
2020-02-08 ,1.0029895949443066 , 1.1100135994951583
2020-02-09 ,1.0002             , 1.1102356022150572
2020-02-10 ,0.9784942413472655 , 1.0863591433061468
2020-02-11 ,1.0002             , 1.086576415134808
2020-02-12 ,1.0684715810548806 , 1.1609760202160326
2020-02-13 ,1.0034501514256258 , 1.1649815632872984
2020-02-14 ,1.0645835853805121 , 1.2402202495465862
2020-02-15 ,0.9048314451244879 , 1.1221902806698905
2020-02-16 ,1.0002             , 1.1224147187260245
2020-02-17 ,0.9652427037712059 , 1.0834026178557055
2020-02-18 ,1.0531289682535845 , 1.1409626811456115
2020-02-19 ,0.9229382361215239 , 1.0530380844170153
2020-02-20 ,0.9808810343704568 , 1.0329050854744464
2020-02-21 ,1.0166600244071398 , 1.0501133094087094
2020-02-22 ,0.9554862140206734 , 1.0033687902996478
2020-02-23 ,1.0469460842614784 , 1.0504730260743926
2020-02-24 ,0.943815642438031  , 0.9914528739682253
2020-02-25 ,0.8977322962751396 , 0.8900592651960816
2020-02-26 ,0.8571787254863605 , 0.7629398665481038
2020-02-27 ,1.0078645564584054 , 0.7689400502029397
2020-02-28 ,1.0373122408926516 , 0.7976309265881194
2020-02-29 ,0.9783766356394258 , 0.7803834624372421
2020-03-01 ,0.9851788921516635 , 0.7688173149774015
2020-03-02 ,1.0002             , 0.7689710784403969
2020-03-03 ,1.0772149555119797 , 0.8283471460521712
2020-03-04 ,0.9997890890836343 , 0.8281724385965284
2020-03-05 ,1.0169240031847473 , 0.842188431584856
2020-03-06 ,0.9911714557778764 , 0.8347531337732481
2020-03-07 ,0.9458165948433445 , 0.7895233665202244
2020-03-08 ,0.9408522129163246 , 0.7428248065396995
2020-03-09 ,0.9951048341936994 , 0.7391885559466546
2020-03-10 ,0.9896644515803513 , 0.7315486368354177
2020-03-11 ,1.0002             , 0.7316949465627848
2020-03-12 ,1.0002             , 0.7318412855520973
2020-03-13 ,1.2075001534884573 , 0.8836984646333473
2020-03-14 ,1.0002             , 0.883875204326274
2020-03-15 ,1.0159699935149622 , 0.8979906856074005
2020-03-16 ,1.0002             , 0.8981702837445219
2020-03-17 ,1.044587263598457  , 0.9382172389421398
2020-03-18 ,1.0002             , 0.9384048823899283
2020-03-19 ,1.0002             , 0.9385925633664062
2020-03-20 ,1.0002             , 0.9387802818790795
2020-03-21 ,0.9978734275544405 , 0.9367838975992009
2020-03-22 ,0.9228920274439568 , 0.8645503905321785
2020-03-23 ,1.0735723181320107 , 0.928157366905566
2020-03-24 ,1.0276037807180067 , 0.9537780193334298
2020-03-25 ,0.9671874156276709 , 0.9224820976015786
2020-03-26 ,1.0002             , 0.922666594021099
2020-03-27 ,1.0002             , 0.9228511273399032
2020-03-28 ,0.9822070886255745 , 0.9064309190193556
2020-03-29 ,1.0002             , 0.9066122052031594
2020-03-30 ,1.0002             , 0.9067935276442001
2020-03-31 ,1.0002             , 0.9069748863497289
2020-04-01 ,1.0002             , 0.9071562813269988
2020-04-02 ,1.0002             , 0.9073377125832641
2020-04-03 ,1.010450184195613  , 0.9168195588073854
2020-04-04 ,1.0002             , 0.9170029227191469
2020-04-05 ,1.0002             , 0.9171863233036907
2020-04-06 ,1.0002             , 0.9173697605683514
2020-04-07 ,1.0059860371619538 , 0.9228611700463661
2020-04-08 ,1.1537605179354788 , 1.0647607815352373
2020-04-09 ,0.9886889178156457 , 1.052717184828615
2020-04-10 ,0.9683599126764163 , 1.0194091211736005
2020-04-11 ,1.0002             , 1.0196130029978352
2020-04-12 ,1.0002             , 1.0198169255984348
2020-04-13 ,0.9718653188985003 , 0.991124701614811
2020-04-14 ,1.0002             , 0.991322926555134
2020-04-15 ,0.965538815218917  , 0.9571607640053936
2020-04-16 ,1.0002             , 0.9573521961581947
2020-04-17 ,1.0016399378958218 , 0.9589221943043228
2020-04-18 ,1.0233173629517578 , 0.9812817311514127
2020-04-19 ,0.9619750080516274 , 0.9439685012252951
2020-04-20 ,0.9510251962152998 , 0.8977378290988487
2020-04-21 ,1.0002             , 0.8979173766646684
2020-04-22 ,1.0575036847854393 , 0.9495509344557621
2020-04-23 ,1.1103363304414882 , 1.0543209001308969
2020-04-24 ,1.0215788506391574 , 1.0770719333605634
2020-04-25 ,1.0002             , 1.0772873477472356
2020-04-26 ,0.9946682726816082 , 1.0715435453654938
2020-04-27 ,1.0002             , 1.071757854074567
2020-04-28 ,1.0002             , 1.0719722056453818
2020-04-29 ,1.094537342701535  , 1.1733136094169996
2020-04-30 ,0.957092248896739  , 1.1229693610980662
2020-05-01 ,1.0002             , 1.1231939549702858
2020-05-02 ,0.9964449805141913 , 1.119200978574024
2020-05-03 ,1.0002             , 1.1194248187697389
2020-05-04 ,1.0002             , 1.1196487037334928
2020-05-05 ,0.9751640080349488 , 1.0918411175238878
2020-05-06 ,1.0290116028197172 , 1.123517178367727
2020-05-07 ,1.0002             , 1.1237418818034004
2020-05-08 ,0.990590321220526  , 1.1131678316645888
2020-05-09 ,0.9748996932447151 , 1.0852269776196923
2020-05-10 ,0.9214015137879804 , 0.9999297799823392
2020-05-11 ,0.9844586159575777 , 0.9843894872561788
2020-05-12 ,1.0483843894738514 , 1.0320185716015466
2020-05-13 ,1.0002             , 1.032224975315867
2020-05-14 ,1.0498733863354148 , 1.0837055302948593
2020-05-15 ,1.0002             , 1.0839222714009182
2020-05-16 ,1.0046900579435187 , 1.089005929660059
2020-05-17 ,1.0084458354497678 , 1.0982034945457892
2020-05-18 ,1.0052585247022783 , 1.1039784247499866
2020-05-19 ,1.0002             , 1.1041992204349367
2020-05-20 ,1.007368234982759  , 1.1123352197588807
2020-05-21 ,0.9187079153362292 , 1.0219111708997477
2020-05-22 ,1.067899708798484  , 1.0912986418217585
2020-05-23 ,0.990723466846918  , 1.0811751737909856
2020-05-24 ,1.0002             , 1.0813914088257437
2020-05-25 ,1.0002             , 1.0816076871075089
2020-05-26 ,0.991634493045149  , 1.0725594904785907
2020-05-27 ,1.0002             , 1.0727740023766863
2020-05-28 ,1.0002             , 1.0729885571771616
2020-05-29 ,0.9937303602491339 , 1.066261305466859
2020-05-30 ,1.0002             , 1.0664745577279524
2020-05-31 ,0.9590360786436548 , 1.0227875778166415
2020-06-01 ,1.0002             , 1.022992135332205
2020-06-02 ,0.9687959376426603 , 0.9910706249502307
2020-06-03 ,1.048267889330965  , 1.0389075121944986
2020-06-04 ,1.0310360148293247 , 1.0711510611492638
2020-06-05 ,0.959483400767849  , 1.0277516628875858
2020-06-06 ,1.0067525107964925 , 1.0346915670873473
2020-06-07 ,1.007194766069864  , 1.0421359308670017
2020-06-08 ,0.9968512719685696 , 1.0388545282489199
2020-06-09 ,0.9648674484587862 , 1.0023569179913914
2020-06-10 ,1.0011215905561408 , 1.0034811520444928
2020-06-11 ,0.9359888323866212 , 0.9392471518241063
2020-06-12 ,1.017182559759993  , 0.9553858221397273
2020-06-13 ,0.9926519885496913 , 0.948365636179182
2020-06-14 ,0.97022866575147   , 0.9201315258346718
2020-06-15 ,0.9946624555634144 , 0.9152202829280259
2020-06-16 ,1.0088286065177963 , 0.9233004026831036
2020-06-17 ,1.0551305281240222 , 0.9742024415001456
2020-06-18 ,0.9847684752885721 , 0.9593638529385028
2020-06-19 ,0.9691255212249797 , 0.9297439940234313
2020-06-20 ,1.0003221791801742 , 0.9300435381811977
2020-06-21 ,0.9893718528910991 , 0.9201588986397252
2020-06-22 ,1.0654755156834184 , 0.9804067770388475
2020-06-23 ,0.9944612812672813 , 0.974976579657178
2020-06-24 ,0.9872621861387685 , 0.9625575094664447
2020-06-25 ,0.9888035675055996 , 0.9517802992897255
2020-06-26 ,0.9856726821972487 , 0.9381438404634038
2020-06-27 ,0.9642617601119908 , 0.9046162308434645
2020-06-28 ,1.0349258131121355 , 0.9362106882601078
2020-06-29 ,1.0125728479648342 , 0.9479815229066548
2020-06-30 ,0.9912699504384618 , 0.9397055972282572
2020-07-01 ,1.0537831714265629 , 0.9902459444544852
2020-07-02 ,0.9734666533900231 , 0.9639714055811505
2020-07-03 ,1.021327323489898  , 0.9845303355829914
2020-07-04 ,1.0283420826443461 , 1.0124339757199503
2020-07-05 ,1.0002             , 1.0126364625150943
2020-07-06 ,1.0002             , 1.0128389898075973
2020-07-07 ,0.9718688893665336 , 0.9843467041314314
2020-07-08 ,1.133312498409216  , 1.1155724225600698
2020-07-09 ,0.9806198948737965 , 1.0939525117349622
2020-07-10 ,1.0493179925628748 , 1.1479040535728453
2020-07-11 ,1.058006360148809  , 1.2144897895206694
2020-07-12 ,1.0002             , 1.2147326874785735
2020-07-13 ,1.0481534197935116 , 1.27322622051563
2020-07-14 ,1.000957721025092  , 1.2744456160367161
2020-07-15 ,1.0933458412021402 , 1.3934098141320432
2020-07-16 ,0.8955570017644213 , 1.2478779153732122
2020-07-17 ,1.0503924438820151 , 1.310761533195263
2020-07-18 ,1.0002             , 1.311023685501902
2020-07-19 ,0.9943892904957823 , 1.303667912449402
2020-07-20 ,0.9531291438784716 , 1.2425638812947328
2020-07-21 ,1.0801959190714374 , 1.3422124337601364
2020-07-22 ,1.0270442324039943 , 1.3785115387542763
2020-07-23 ,1.0002             , 1.3787872410620272
2020-07-24 ,1.0083682319706027 , 1.3903252525333416
2020-07-25 ,1.0002             , 1.3906033175838481
2020-07-26 ,0.9824339032502025 , 1.3661758451665809
2020-07-27 ,0.9803468179876986 , 1.3393261426207124
2020-07-28 ,1.0185711959271928 , 1.364199030825733
2020-07-29 ,0.9404314148819127 , 1.2829356247399781
2020-07-30 ,1.0101776143951304 , 1.2959928488223573
2020-07-31 ,1.0002             , 1.2962520473921217
2020-08-01 ,1.0289765136054778 , 1.333812912479508
2020-08-02 ,1.0568435350319623 , 1.4096315534961206
2020-08-03 ,1.0321087925587786 , 1.4548931206316364
2020-08-04 ,1.0495038788758229 , 1.526915973452653
2020-08-05 ,0.9664819398970556 , 1.475736712082321
2020-08-06 ,1.0002             , 1.4760318594247375
2020-08-07 ,0.9799327836415512 , 1.4464120087496979
2020-08-08 ,1.0002             , 1.4467012911514479
2020-08-09 ,1.0813173803833491 , 1.5643432503450925
2020-08-10 ,1.0002             , 1.5646561189951615
2020-08-11 ,0.9723551938842749 , 1.5214015039477575
2020-08-12 ,1.0960371781906992 , 1.667512611281986
2020-08-13 ,1.0002             , 1.6678461138042424
2020-08-14 ,0.9496884992698496 , 1.5839342728318018
2020-08-15 ,0.9859023440777732 , 1.5616045124499967
2020-08-16 ,1.0144038580118662 , 1.584097642118016
2020-08-17 ,0.898876149461685  , 1.4239075889183765
2020-08-18 ,1.03928735812178   , 1.4798491562965332
2020-08-19 ,1.0002             , 1.4801451261277925
2020-08-20 ,1.0468715173130299 , 1.5495217740328882
2020-08-21 ,0.8872326587517115 , 1.3747863233688682
2020-08-22 ,1.0281478497123824 , 1.4134836021856938
2020-08-23 ,1.0423232173766919 , 1.4733067759393883
2020-08-24 ,1.0061006609874832 , 1.4822949211099563
2020-08-25 ,0.9508001500364673 , 1.40936623338964
2020-08-26 ,1.0002             , 1.4096481066363178
2020-08-27 ,1.0002             , 1.409930036257645
2020-08-28 ,1.1128861384861632 , 1.5690915935864267
2020-08-29 ,1.050230751967293  , 1.6479082442378312
2020-08-30 ,1.0002             , 1.6482378258866788
2020-08-31 ,1.0369246384075446 , 1.7090984116171817
2020-09-01 ,0.9756874713725843 , 1.6675459075576682
2020-09-02 ,0.9737825118766148 , 1.6238270425310755
2020-09-03 ,0.8817518440659922 , 1.431812489196002
2020-09-04 ,0.9428230564587297 , 1.3499458273395564
2020-09-05 ,0.8131191452078942 , 1.0976667972033036
2020-09-06 ,1.0002             , 1.0978863305627442
2020-09-07 ,0.9548253808811862 , 1.0482897337438202
2020-09-08 ,1.0352085994786944 , 1.0851985471168335
2020-09-09 ,0.9690970675249442 , 1.0516627296932533
2020-09-10 ,0.9655760565729998 , 1.0154603513820082
2020-09-11 ,1.0002             , 1.0156634434522847
2020-09-12 ,0.9755481381277364 , 0.9908285812242819
2020-09-13 ,1.0002             , 0.9910267469405267
2020-09-14 ,1.0002             , 0.9912249522899148
2020-09-15 ,0.9019176073167148 , 0.8940032372819448
2020-09-16 ,1.0002             , 0.8941820379294011
2020-09-17 ,1.0115145360653042 , 0.9044781292540863
2020-09-18 ,1.05233746636527   , 0.9518162229220445
2020-09-19 ,0.9708819792148966 , 0.9241012183594018
2020-09-20 ,1.0002             , 0.9242860386030737
2020-09-21 ,1.0002             , 0.9244708958107942
2020-09-22 ,1.0081333456454888 , 0.9319899371456181
2020-09-23 ,1.0002             , 0.9321763351330472
2020-09-24 ,1.1003731931282457 , 1.0257418504489368
2020-09-25 ,1.0002             , 1.0259469988190266
2020-09-26 ,1.0002             , 1.0261521882187905
2020-09-27 ,1.0377972710572299 , 1.0649379406228656
2020-09-28 ,0.9532431564815843 , 1.0151448039763384
2020-09-29 ,0.9931350118034588 , 1.0081758468792608
2020-09-30 ,0.9898955128613789 , 0.9979887470010008
2020-10-01 ,1.0002             , 0.998188344750401
2020-10-02 ,1.0002             , 0.998387982419351
2020-10-03 ,1.0002             , 0.9985876600158349
2020-10-04 ,1.0015930229057302 , 1.0001784330316197
2020-10-05 ,1.0002             , 1.000378468718226
2020-10-06 ,1.0002             , 1.0005785444119697
2020-10-07 ,1.0207205582076675 , 1.021311090382801
2020-10-08 ,1.0283645684838865 , 1.0502801387493168
2020-10-09 ,1.0002             , 1.0504901947770666
2020-10-10 ,1.0002             , 1.050700292816022
2020-10-11 ,1.011868845366463  , 1.0631708921179528
2020-10-12 ,1.0025310123054392 , 1.065861790728688
2020-10-13 ,0.9893650278638672 , 1.0545263802833198
2020-10-14 ,0.9960366652707721 , 1.0503469392574558
2020-10-15 ,1.0002             , 1.0505570086453073
2020-10-16 ,1.0002             , 1.0507671200470363
2020-10-17 ,1.0002             , 1.0509772734710456
2020-10-18 ,1.0002             , 1.0511874689257399
2020-10-19 ,1.0002             , 1.051397706419525
2020-10-20 ,0.9176766228718749 , 0.9648430965223047
2020-10-21 ,1.0764380431135656 , 1.0385938147321028
2020-10-22 ,1.0002             , 1.0388015334950491
2020-10-23 ,0.9946133563385641 , 1.0332058797991581
2020-10-24 ,1.0091190355615358 , 1.0426277209594346
2020-10-25 ,0.9551123461010775 , 0.9958266086755851
2020-10-26 ,1.0002             , 0.9960257739973203
2020-10-27 ,1.0002             , 0.9962249791521197
2020-10-28 ,0.9719552027061241 , 0.9682860515527028
2020-10-29 ,0.9977056963620755 , 0.9660645093420739
2020-10-30 ,1.0002             , 0.9662577222439422
2020-10-31 ,1.0093087621273242 , 0.9752523855340012
2020-11-01 ,1.0002             , 0.975447436011108
2020-11-02 ,1.0002             , 0.9756425254983101
2020-11-03 ,1.0002             , 0.9758376540034097
2020-11-04 ,1.0002             , 0.9760328215342103
2020-11-05 ,1.0002             , 0.9762280280985172
2020-11-06 ,1.0002             , 0.9764232737041368
2020-11-07 ,1.0002             , 0.9766185583588777
2020-11-08 ,1.0002             , 0.9768138820705494
2020-11-09 ,1.0002             , 0.9770092448469635
2020-11-10 ,0.9972966805086289 , 0.9743680767121189
2020-11-11 ,0.9438410669856103 , 0.9196486051606833
2020-11-12 ,1.0366240352578315 , 0.9533298481009037
2020-11-13 ,1.0002             , 0.9535205140705239
2020-11-14 ,1.0002             , 0.9537112181733379
2020-11-15 ,0.9929953460528056 , 0.9470308011244765
2020-11-16 ,1.0476657266993301 , 0.9921717124667234
2020-11-17 ,1.0575172355992701 , 1.0492386866076033
2020-11-18 ,1.0090004381062563 , 1.0586822944651046
2020-11-19 ,1.0002             , 1.0588940309239976
2020-11-20 ,1.011012253656375  , 1.070554840587754
2020-11-21 ,1.0011232296991623 , 1.0717573195792842
2020-11-22 ,1.0002             , 1.0719716710432001
2020-11-23 ,1.0492218737635153 , 1.124736125313353
2020-11-24 ,1.0002             , 1.1249610725384156
2020-11-25 ,0.9658825672343312 , 1.0865802887820915
2020-11-26 ,0.9135161786826953 , 0.9926086732401557
2020-11-27 ,1.0002             , 0.9928071949748036
2020-11-28 ,1.0353230184315545 , 1.0278761418218785
2020-11-29 ,1.0258385466422366 , 1.0544349674547853
2020-11-30 ,1.0678853123498655 , 1.1260156145730735
2020-12-01 ,0.9576866030207443 , 1.0783700688688025
2020-12-02 ,1.0339374507829837 , 1.1149672000068802
2020-12-03 ,1.0025035161164493 , 1.1177585383614097
2020-12-04 ,0.9576096175244552 , 1.0703763264049635
2020-12-05 ,1.0478579343135304 , 1.1216023263248103
2020-12-06 ,1.0099686548505447 , 1.1327831927955103
2020-12-07 ,0.9834599817197919 , 1.11404693807916
2020-12-08 ,0.9489270405812249 , 1.0571492640200324
2020-12-09 ,1.0002             , 1.0573606938728364
2020-12-10 ,0.984460626474255  , 1.0409299710993054
2020-12-11 ,0.9887743002665347 , 1.0292448038001798
2020-12-12 ,1.064210101697793  , 1.0953327173241143
2020-12-13 ,1.0689252694295386 , 1.1708288199806676
2020-12-14 ,1.0002             , 1.1710629857446637
2020-12-15 ,0.9931125268083425 , 1.162997320824605
2020-12-16 ,1.0002             , 1.16322992028877
2020-12-17 ,1.0547845088845822 , 1.2269569001916418
2020-12-18 ,1.0831323223214127 , 1.3289566766928547
2020-12-19 ,1.0318579989728156 , 1.371294577133852
2020-12-20 ,0.9516417600093813 , 1.3049811848749793
2020-12-21 ,0.9713998452939328 , 1.2676585210990479
2020-12-22 ,1.0433881082533571 , 1.322659826240784
2020-12-23 ,0.895654333217227  , 1.1846460047449028
2020-12-24 ,1.0346913086147553 , 1.2257429248947451
2020-12-25 ,1.0392364356000219 , 1.2738367082295603
2020-12-26 ,1.0713222989003557 , 1.3646896706841543
2020-12-27 ,0.9936807077571854 , 1.3560657978343507
2020-12-28 ,1.0305921298808296 , 1.3975507388486499
2020-12-29 ,1.0393281439045263 , 1.4525138154199666
2020-12-30 ,1.0541249421952568 , 1.5311310417173842
2020-12-31 ,1.0716880694432267 , 1.6408948701627002
2021-01-01 ,1.0126977933840493 , 1.6617306141889725
2021-01-02 ,1.0936400424314088 , 1.817335139411199
2021-01-03 ,1.0310880410813685 , 1.873832528883829
2021-01-04 ,1.0002             , 1.8742072953896056
2021-01-05 ,0.9939064153252297 , 1.8627866545370768
2021-01-06 ,1.0963730203439617 , 2.042309030691239
2021-01-07 ,1.0688813753304534 , 2.1829860855750565
2021-01-08 ,0.9985556294258493 , 2.1798330447092713
2021-01-09 ,1.0002             , 2.180269011318213
2021-01-10 ,1.0002             , 2.1807050651204767
2021-01-11 ,1.0002             , 2.1811412061335007
2021-01-12 ,1.0002             , 2.181577434374727
2021-01-13 ,1.0799382584106492 , 2.355968935066615
2021-01-14 ,1.0002             , 2.3564401288536283
2021-01-15 ,0.9407685675683202 , 2.2168648045821358
2021-01-16 ,1.0557413924987584 , 2.340435935771032
2021-01-17 ,1.0226903642293967 , 2.393541279609246
2021-01-18 ,1.006250280780042  , 2.4085015846654247
2021-01-19 ,0.9891229104575691 , 2.382304097265932
2021-01-20 ,1.0089767741970876 , 2.4036895032158854
2021-01-21 ,0.8671229492939293 , 2.084294331215418
2021-01-22 ,1.1051249631925326 , 2.3034056960668434
2021-01-23 ,0.9961661401207591 , 2.294574761383078
2021-01-24 ,1.051004097027401  , 2.4116074751492858
2021-01-25 ,0.9958857023436201 , 2.401685404166171
2021-01-26 ,1.0002             , 2.402165741247004
2021-01-27 ,1.0002             , 2.402646174395253
2021-01-28 ,1.0933739433687917 , 2.6269907222184794
2021-01-29 ,1.0098138666115528 , 2.6527716587561185
2021-01-30 ,1.0002             , 2.6533022130878696
2021-01-31 ,1.0002             , 2.653832873530487
2021-02-01 ,1.0002             , 2.654363640105193
2021-02-02 ,1.0578382476599955 , 2.807887381701284
2021-02-03 ,1.042737156310159  , 2.927888503634375
2021-02-04 ,0.9917168896584793 , 2.903636480091101
2021-02-05 ,1.0002             , 2.9042172073871195
2021-02-06 ,0.9716581306188949 , 2.8219062626409963
2021-02-07 ,1.0547141482741789 , 2.9763044603109696
2021-02-08 ,1.0002             , 2.976899721203032
2021-02-09 ,1.031329126477763  , 3.0701633890802196
2021-02-10 ,0.9792585039852837 , 3.0064836073810843
2021-02-11 ,1.042497570142332  , 3.134251855367533
2021-02-12 ,1.0002             , 3.1348787057386067
2021-02-13 ,0.9919868888789365 , 3.1097585743184677
2021-02-14 ,1.0002             , 3.1103805260333313
2021-02-15 ,1.0002             , 3.1110026021385377
2021-02-16 ,1.0002             , 3.1116248026589655
2021-02-17 ,1.0002             , 3.112247127619497
2021-02-18 ,1.0002             , 3.112869577045021
2021-02-19 ,1.0002             , 3.11349215096043
2021-02-20 ,1.1220908309716993 , 3.493620994895052
2021-02-21 ,0.985662534128122  , 3.443531323111468
2021-02-22 ,1.0002             , 3.44422002937609
2021-02-23 ,0.8865731487506618 , 3.0535529964340573
2021-02-24 ,1.0617468628243363 , 3.242100314431712
2021-02-25 ,0.9473892825639807 , 3.071531090889916
2021-02-26 ,1.0002             , 3.072145397108094
2021-02-27 ,1.0002             , 3.0727598261875153
2021-02-28 ,1.0002             , 3.073374378152753
2021-03-01 ,1.0566980093570049 , 3.2476285874028368
2021-03-02 ,1.0002             , 3.248278113120317
2021-03-03 ,0.9993372578431995 , 3.24612534227774
2021-03-04 ,0.9290364459216977 , 3.015768751006066
2021-03-05 ,1.0109663973085565 , 3.0488408693203275
2021-03-06 ,1.0002             , 3.0494506374941914
2021-03-07 ,1.014499222118437  , 3.093665299626429
2021-03-08 ,0.9972125657861451 , 3.085041911124035
2021-03-09 ,1.0688783625880627 , 3.297534546477806
2021-03-10 ,1.0002             , 3.2981940533871015
2021-03-11 ,1.0307863536716482 , 3.3997334219924036
2021-03-12 ,1.0002             , 3.400413368676802
2021-03-13 ,1.0002             , 3.4010934513505373
2021-03-14 ,0.9647270566042685 , 3.2811268745574567
2021-03-15 ,0.9472475625854223 , 3.1080394344580755
2021-03-16 ,0.9962057841251166 , 3.096246861896091
2021-03-17 ,1.0449222273906045 , 3.235337167483633
2021-03-18 ,1.0002             , 3.23598423491713
2021-03-19 ,1.0002             , 3.2366314317641134
2021-03-20 ,1.0002             , 3.2372787580504663
2021-03-21 ,1.0215796524234961 , 3.3071381084471625
2021-03-22 ,0.9332922871625394 , 3.086526489195047
2021-03-23 ,1.0000986093886046 , 3.0868308496850583
2021-03-24 ,0.9594367543773565 , 2.96161897173373
2021-03-25 ,1.0267891473672908 , 3.040958218813269
2021-03-26 ,1.0002             , 3.041566410457032
2021-03-27 ,1.0582661190435527 , 3.2187866810075927
2021-03-28 ,1.0345951263997706 , 3.3301410130909486
2021-03-29 ,1.01644164571812   , 3.384894011819571
2021-03-30 ,1.0148209410324394 , 3.435061326369806
2021-03-31 ,1.120069641679435  , 3.847507908973913
2021-04-01 ,1.0002             , 3.8482774105557076
2021-04-02 ,1.0749111207930833 , 4.1365561845031396
2021-04-03 ,1.0858026155419016 , 4.491483524469538
2021-04-04 ,1.2671080733731257 , 5.691195035277732
2021-04-05 ,1.0572528816621605 , 6.017032351148764
2021-04-06 ,0.9941033983838697 , 5.981552308462672
2021-04-07 ,0.939819255521489  , 5.621578037402233
2021-04-08 ,1.1119745348562065 , 6.251051623298213
2021-04-09 ,0.9825038863963016 , 6.141682513954405
2021-04-10 ,1.0071545884684583 , 6.185623724845675
2021-04-11 ,0.979304873379729  , 6.057611458634641
2021-04-12 ,1.0146572040536683 , 6.146399105861688
2021-04-13 ,1.0954559639328267 , 6.733109557227579
2021-04-14 ,1.0002             , 6.734456179139025
2021-04-15 ,1.0997922220348182 , 7.40650252545142
2021-04-16 ,1.0002             , 7.40798382595651
2021-04-17 ,0.9782428391141241 , 7.246807130015208
2021-04-18 ,0.9592885572660961 , 6.951779156537947
2021-04-19 ,1.0002             , 6.9531695123692545
2021-04-20 ,1.0225719129177626 , 7.110115849104895
2021-04-21 ,1.0002             , 7.111537872274716
2021-04-22 ,1.032577222377832  , 7.343212022988183
2021-04-23 ,0.9958495965807423 , 7.312734730699639
2021-04-24 ,0.9758542494252541 , 7.136163261872884
2021-04-25 ,1.1596788014264907 , 8.275657258312503
2021-04-26 ,1.1535246536162067 , 9.546174672341376
2021-04-27 ,1.0508415136455007 ,10.031516642207553
2021-04-28 ,1.0006710126186673 ,10.038247916458845
2021-04-29 ,0.9699200428445518 , 9.736297849215996
2021-04-30 ,1.059285060031029  ,10.313514851686746
2021-05-01 ,1.0454537424216885 ,10.782302699217574
2021-05-02 ,0.9544713753436137 ,10.291399286693357
2021-05-03 ,1.0053487869789104 ,10.34644578919279
2021-05-04 ,0.9845043462935117 ,10.186120848150505
2021-05-05 ,1.0795520865761623 ,10.996448015737826
2021-05-06 ,1.0180926041006964 ,11.195402396200459
2021-05-07 ,0.9768610010159589 ,10.936351991528845
2021-05-08 ,1.0145044161435295 ,11.094977391906097
2021-05-09 ,0.9912342782652432 ,10.997721907435231
2021-05-10 ,0.9435635935114636 ,10.377050003419335
2021-05-11 ,1.0510881072112794 ,10.907193846530829
2021-05-12 ,0.9198484532907973 ,10.032965389474285
2021-05-13 ,0.9702866433934294 , 9.734852311035455
2021-05-14 ,1.0312715047280552 ,10.039275791106919
2021-05-15 ,0.8915178916431963 , 8.950193986912222
2021-05-16 ,0.992902365870662  , 8.886668784606519
2021-05-17 ,1.0002             , 8.88844611836344
2021-05-18 ,1.0702935413213182 , 9.51324647286693
2021-05-19 ,0.6931113559009555 , 6.593739161828781
2021-05-20 ,1.1632080482736895 , 7.669890461256649
2021-05-21 ,0.8732339413852935 , 6.697608677476611
2021-05-22 ,0.9654726017400723 , 6.4663576752802285
2021-05-23 ,0.8857351899621146 , 5.727480543877311
2021-05-24 ,1.0002             , 5.728626039986087
2021-05-25 ,1.0069532575037177 , 5.768458651984612
2021-05-26 ,1.0002             , 5.769612343715009
2021-05-27 ,0.9274954458221805 , 5.3512891729551075
2021-05-28 ,0.8879675593053865 , 4.7517711860462875
2021-05-29 ,0.926526095894845  , 4.402640005593084
2021-05-30 ,1.0593814646652382 , 4.664075217518974
2021-05-31 ,1.0683778603400875 , 4.98299470135815
2021-06-01 ,1.0002             , 4.983991300298421
2021-06-02 ,1.0002             , 4.984988098558481
2021-06-03 ,1.0002             , 4.985985096178193
2021-06-04 ,1.0002             , 4.986982293197428
2021-06-05 ,0.940212988616764  , 4.688825526066037
2021-06-06 ,1.0002             , 4.689763291171251
2021-06-07 ,1.0002             , 4.690701243829485
2021-06-08 ,1.0002             , 4.691639384078251
2021-06-09 ,1.0218780528589737 , 4.794283318518358
2021-06-10 ,0.9563778935223932 , 4.585146581114136
2021-06-11 ,1.0002             , 4.586063610430359
2021-06-12 ,1.029559939498252  , 4.721627373289816
2021-06-13 ,1.0571930616320004 , 4.991671698653721
2021-06-14 ,1.0002             , 4.992670032993452
2021-06-15 ,1.0002             , 4.993668567000051
2021-06-16 ,1.0002             , 4.994667300713451
2021-06-17 ,1.0002             , 4.995666234173594
2021-06-18 ,0.9398405849372651 , 4.695129875677055
2021-06-19 ,0.9601926375593303 , 4.508229139009962
2021-06-20 ,1.0002             , 4.5091307848377635
2021-06-21 ,1.0002             , 4.510032610994731
2021-06-22 ,0.9599295252352711 , 4.329313463067762
2021-06-23 ,1.116521793238944  , 4.83377283127792
2021-06-24 ,1.0002             , 4.834739585844176
2021-06-25 ,1.0002             , 4.8357065337613445
2021-06-26 ,1.0002             , 4.836673675068097
2021-06-27 ,1.0002             , 4.83764100980311
2021-06-28 ,1.0002             , 4.8386085380050705
2021-06-29 ,1.0002             , 4.839576259712671
2021-06-30 ,1.0002             , 4.840544174964614
2021-07-01 ,1.0002             , 4.841512283799607
2021-07-02 ,1.0002             , 4.842480586256366
2021-07-03 ,1.009097994483965  , 4.886537447918835
2021-07-04 ,1.0427449711895351 , 5.09541235034671
2021-07-05 ,1.0002             , 5.09643143281678
2021-07-06 ,1.0002             , 5.097450719103343
2021-07-07 ,1.0002             , 5.098470209247164
2021-07-08 ,1.0002             , 5.0994899032890135
2021-07-09 ,1.0002             , 5.100509801269671
2021-07-10 ,1.0002             , 5.101529903229925
2021-07-11 ,1.0002             , 5.102550209210571
2021-07-12 ,1.0002             , 5.103570719252413
2021-07-13 ,1.0002             , 5.104591433396263
2021-07-14 ,1.0002             , 5.105612351682942
2021-07-15 ,1.0002             , 5.106633474153279
2021-07-16 ,1.0002             , 5.10765480084811
2021-07-17 ,1.0002             , 5.1086763318082795
2021-07-18 ,1.0002             , 5.109698067074641
2021-07-19 ,1.0002             , 5.110720006688056
2021-07-20 ,1.0002             , 5.111742150689394
2021-07-21 ,1.0002             , 5.112764499119532
2021-07-22 ,1.0002             , 5.113787052019355
2021-07-23 ,1.049217627407327  , 5.365475517786058
2021-07-24 ,1.0002             , 5.3665486128896145
2021-07-25 ,1.0002             , 5.367621922612193
2021-07-26 ,1.0002             , 5.368695446996715
2021-07-27 ,1.0571655821513173 , 5.675600047617409
2021-07-28 ,1.0124728858905374 , 5.74639115937167
2021-07-29 ,1.013859657943714  , 5.826034175251343
2021-07-30 ,1.0551636590327194 , 6.147419538007878
2021-07-31 ,0.9864891160678133 , 6.064362466147397
2021-08-01 ,1.012404513131784  , 6.1395879299946206
2021-08-02 ,0.9776246590202932 , 6.002212556586098
2021-08-03 ,0.9626847129163951 , 5.77823827190027
2021-08-04 ,1.0002             , 5.77939391955465
2021-08-05 ,1.0283067750306745 , 5.942989923049131
2021-08-06 ,1.052060049674085  , 6.252382273655656
2021-08-07 ,1.0094623450395528 , 6.31154447204817
2021-08-08 ,1.0002             , 6.312806780942579
2021-08-09 ,1.0002             , 6.314069342298768
2021-08-10 ,0.984965348702812  , 6.219139511471041
2021-08-11 ,1.0002             , 6.220383339373335
2021-08-12 ,1.000676183423972  , 6.22458945947817
2021-08-13 ,1.0002             , 6.225834377370066
2021-08-14 ,1.024973279073071  , 6.381313876738847
2021-08-15 ,1.0042609190873841 , 6.4085041388388335
2021-08-16 ,0.9591991243082223 , 6.147031558099827
2021-08-17 ,0.9296854354026999 , 5.714805710526174
2021-08-18 ,1.0559552132775945 , 6.034578882898681
2021-08-19 ,0.9988885625534719 , 6.0278718259541995
2021-08-20 ,1.0605767886203878 , 6.393020943385818
2021-08-21 ,1.0002             , 6.394299547574495
2021-08-22 ,0.9913174967466082 , 6.338781020949518
2021-08-23 ,1.064405048304633  , 6.7470305187962625
2021-08-24 ,1.0002             , 6.748379924900021
2021-08-25 ,1.025845424743362  , 6.922794670388639
2021-08-26 ,1.0002             , 6.924179229322717
2021-08-27 ,1.0655812452578952 , 7.378275525570554
2021-08-28 ,0.9808315881684352 , 7.236845701689662
2021-08-29 ,0.9939113936367369 , 7.192783396900401
2021-08-30 ,1.0399405102535964 , 7.480066835916199
2021-08-31 ,1.0002             , 7.4815628492833826
2021-09-01 ,1.0890383099858978 , 8.147708561436852
2021-09-02 ,1.084871601645585  , 8.839217636787444
2021-09-03 ,1.0776994417975616 , 9.52601991309299
2021-09-04 ,0.963171289537628  , 9.175188883854897
2021-09-05 ,1.0270577882324081 , 9.423449201666587
2021-09-06 ,1.070793030247975  ,10.090563726040426
2021-09-07 ,0.8113641816881129 , 8.187121980350545
2021-09-08 ,1.0915483825081627 , 8.936639755048663
2021-09-09 ,1.0130085508825444 , 9.052892488021183
2021-09-10 ,0.9610894975775922 , 8.700639892936238
2021-09-11 ,1.0599165572929428 , 9.221952281566615
2021-09-12 ,1.0002             , 9.223796672022928
2021-09-13 ,0.9704795546864722 , 8.951506086783375
2021-09-14 ,1.0538313705705131 , 9.433377928105216
2021-09-15 ,0.9754240321845256 , 9.201543535752895
2021-09-16 ,0.98311658759739   , 9.046190081498208
2021-09-17 ,1.0002             , 9.047999319514508
2021-09-18 ,1.0888369956400066 , 9.851796395613
2021-09-19 ,0.9110870956557542 , 8.975844565070876
2021-09-20 ,0.8288735955252485 , 7.4398405575260576
2021-09-21 ,1.0002             , 7.441328525637562
2021-09-22 ,1.131116967037695  , 8.417012952650243
2021-09-23 ,1.06150320567606   , 8.934686231455153
2021-09-24 ,0.9584093839404573 , 8.563087126790219
2021-09-25 ,0.9776187572290713 , 8.371434594936913
2021-09-26 ,1.0061147862356923 , 8.422624127971032
2021-09-27 ,1.0002             , 8.424308652796626
2021-09-28 ,0.9635797040278785 , 8.117492838301269
2021-09-29 ,1.0346205417351129 , 8.398524837894158
2021-09-30 ,1.0468266072459143 , 8.791799261923282
2021-10-01 ,1.0670421505077854 , 9.381220391275379
2021-10-02 ,1.0344755147207758 , 9.704642792973635
2021-10-03 ,1.0209481280478452 , 9.907936892859444
2021-10-04 ,1.0097457480620697 ,10.004497149632138
2021-10-05 ,1.0002             ,10.006498049062065
2021-10-06 ,1.0284108101540728 ,10.290790765441066
2021-10-07 ,1.0174092070064638 ,10.469945272136835
2021-10-08 ,1.0030798609691804 ,10.502191247929945
2021-10-09 ,0.9881612799543423 ,10.377858745879745
2021-10-10 ,0.9851545912412252 ,10.223795190756334
2021-10-11 ,1.0117758072367184 ,10.34418863215037
2021-10-12 ,1.0002             ,10.3462574698768
2021-10-13 ,1.0002             ,10.348326721370775
2021-10-14 ,1.0100101179633618 ,10.451914692575105
2021-10-15 ,1.0836380584075544 ,11.326092544103478
2021-10-16 ,0.9664541106105883 ,10.946148696404741
2021-10-17 ,1.0131782875492479 ,11.090400191482788
2021-10-18 ,0.9973168965650598 ,11.060643500634159
2021-10-19 ,1.0268116534731826 ,11.357197641363571
2021-10-20 ,1.0265732441935742 ,11.65899522764221
2021-10-21 ,1.0002             ,11.661327026687738
2021-10-22 ,1.0002             ,11.663659292093076
2021-10-23 ,1.0002             ,11.665992023951494
2021-10-24 ,1.0101201865135547 ,11.784054039099525
2021-10-25 ,1.0352005242756397 ,12.198858919368298
2021-10-26 ,1.008320977884797  ,12.30036535465612
2021-10-27 ,0.9690215190673053 ,11.919318721051727
2021-10-28 ,1.0415280073998094 ,12.41430427710025
2021-10-29 ,1.026442839730265  ,12.742573735462354
2021-10-30 ,0.9927393549609357 ,12.650054430685058
2021-10-31 ,0.9933937648071614 ,12.566485195913742
2021-11-01 ,1.1353405527213734 ,14.267240248093664
2021-11-02 ,1.0394330556543505 ,14.82984112683073
2021-11-03 ,1.0697632340706023 ,15.864418804591667
2021-11-04 ,0.9849466425486968 ,15.625606037568971
2021-11-05 ,1.0002             ,15.628731158776485
2021-11-06 ,1.030909768989667  ,16.111811628495875
2021-11-07 ,0.9681975060550153 ,15.5994158367379
2021-11-08 ,1.0284160411501089 ,16.042689479072305
2021-11-09 ,0.9657029200035244 ,15.492472074649944
2021-11-10 ,0.9749931213879455 ,15.105053706078529
2021-11-11 ,1.0168185438207493 ,15.359098713748983
2021-11-12 ,0.9601856615690556 ,14.747586359565497
2021-11-13 ,1.0430438122398225 ,15.382378697817202
2021-11-14 ,0.9932020744162089 ,15.277810432127747
2021-11-15 ,0.985167022251058  ,15.051195009935443
2021-11-16 ,0.9360252718627118 ,14.088298901033514
2021-11-17 ,1.017485682940234  ,14.334642428784232
2021-11-18 ,1.0002             ,14.337509357269989
2021-11-19 ,1.0457664323060178 ,14.993686008706383
2021-11-20 ,1.0002             ,14.996684745908125
2021-11-21 ,1.0002             ,14.999684082857305
2021-11-22 ,0.9339694838275013 ,14.009247200441825
2021-11-23 ,1.0338035187875168 ,14.482809051380928
2021-11-24 ,0.9778118760415221 ,14.161462688881922
2021-11-25 ,1.0002             ,14.1642949814197
2021-11-26 ,1.0002             ,14.167127840415983
2021-11-27 ,1.0070137676392577 ,14.266492783204319
2021-11-28 ,1.0201603208822638 ,14.554109855578218
2021-11-29 ,1.0002             ,14.557020677549334
2021-11-30 ,1.0002             ,14.559932081684844
2021-12-01 ,0.9920648800079752 ,14.444397273540943
2021-12-02 ,1.018004139471704  ,14.704456216638476
2021-12-03 ,1.0002             ,14.707397107881803
2021-12-04 ,0.9116522239609617 ,13.408031282077461
2021-12-05 ,0.970112565258794  ,13.007299622126322
2021-12-06 ,1.0002             ,13.009901082050746
2021-12-07 ,1.0031468518277489 ,13.050841313049629
2021-12-08 ,1.0002             ,13.053451481312239
2021-12-09 ,1.0002             ,13.0560621716085
2021-12-10 ,0.9255364107838635 ,12.083860921281506
2021-12-11 ,1.062524101213865  ,12.839393464577979
2021-12-12 ,1.0002             ,12.841961343270894
2021-12-13 ,1.0002             ,12.844529735539547
2021-12-14 ,1.0100672603181848 ,12.97383896005189
2021-12-15 ,1.0002             ,12.976433727843899
2021-12-16 ,1.0002             ,12.979029014589468
2021-12-17 ,0.9475416111666691 ,12.29817006386305
2021-12-18 ,1.0670240135164528 ,13.122442780451044
2021-12-19 ,1.0002             ,13.125067269007134
2021-12-20 ,1.0002             ,13.127692282460936
2021-12-21 ,1.0002             ,13.130317820917428
2021-12-22 ,1.0002             ,13.13294388448161
2021-12-23 ,1.0002             ,13.135570473258507
2021-12-24 ,1.0002             ,13.138197587353158
2021-12-25 ,1.0002             ,13.140825226870628
2021-12-26 ,1.086480441813673  ,14.27724959828666
2021-12-27 ,1.0002             ,14.280105048206318
2021-12-28 ,1.0002             ,14.28296106921596
2021-12-29 ,1.0002             ,14.285817661429803
2021-12-30 ,1.0002             ,14.288674824962088
2021-12-31 ,1.0002             ,14.29153255992708
2022-01-01 ,1.0002             ,14.294390866439066
2022-01-02 ,1.0002             ,14.297249744612353
2022-01-03 ,1.0002             ,14.300109194561275
2022-01-04 ,0.9557726847810821 ,13.667653757548468
2022-01-05 ,0.9307379139310427 ,12.721003546632438
2022-01-06 ,0.9907132496488991 ,12.602866762479394
2022-01-07 ,1.0002             ,12.605387335831889
2022-01-08 ,0.9812313082278914 ,12.36880070625762
2022-01-09 ,1.0002             ,12.371274466398871
2022-01-10 ,1.0116517164228838 ,12.515421048271014
2022-01-11 ,1.0002             ,12.517924132480667
2022-01-12 ,1.0002             ,12.520427717307163
2022-01-13 ,1.0002             ,12.522931802850623
2022-01-14 ,1.0002             ,12.525436389211192
2022-01-15 ,1.0002             ,12.527941476489033
2022-01-16 ,0.9978700357161163 ,12.501257408593526
2022-01-17 ,1.0002             ,12.503757660075244
2022-01-18 ,1.0002             ,12.50625841160726
2022-01-19 ,0.9413191269233299 ,11.772380249091695
2022-01-20 ,0.9326407513786926 ,10.97940156102856
2022-01-21 ,1.0002             ,10.981597441340766
2022-01-22 ,0.9604804767238028 ,10.54760994564787
2022-01-23 ,1.0002             ,10.549719467637
2022-01-24 ,0.9580214922519554 ,10.106857987225105
2022-01-25 ,1.0002             ,10.10887935882255
2022-01-26 ,1.0002             ,10.110901134694315
2022-01-27 ,1.0002             ,10.112923314921254
2022-01-28 ,1.0002             ,10.114945899584239
2022-01-29 ,1.0002             ,10.116968888764156
2022-01-30 ,1.0002             ,10.118992282541909
2022-01-31 ,1.0002             ,10.121016080998416
2022-02-01 ,1.0002             ,10.123040284214616
2022-02-02 ,1.0002             ,10.125064892271459
2022-02-03 ,1.0002             ,10.127089905249912
2022-02-04 ,1.0002             ,10.129115323230963
2022-02-05 ,1.0150511351841576 ,10.281570007256834
2022-02-06 ,1.0002             ,10.283626321258286
2022-02-07 ,1.0002             ,10.285683046522538
2022-02-08 ,1.0060151649745683 ,10.347553126923492
2022-02-09 ,1.0463520911867572 ,10.827183853022465
2022-02-10 ,1.0002             ,10.829349289793068
2022-02-11 ,1.0002             ,10.831515159651026
2022-02-12 ,1.0002             ,10.833681462682955
2022-02-13 ,1.0002             ,10.835848198975492
2022-02-14 ,1.0002             ,10.838015368615288
2022-02-15 ,1.0002             ,10.84018297168901
2022-02-16 ,1.0002             ,10.842351008283348
2022-02-17 ,1.0002             ,10.844519478485005
2022-02-18 ,1.0002             ,10.846688382380702
2022-02-19 ,1.0002             ,10.848857720057177
2022-02-20 ,1.0002             ,10.851027491601188
2022-02-21 ,1.0002             ,10.853197697099509
2022-02-22 ,1.0002             ,10.855368336638929
2022-02-23 ,1.0002             ,10.857539410306256
2022-02-24 ,1.0002             ,10.859710918188316
2022-02-25 ,1.080667174018233  ,11.735733108613518
2022-02-26 ,1.0002             ,11.738080255235241
2022-02-27 ,0.9699555324601182 ,11.3854158840263
2022-02-28 ,1.0002             ,11.387692967203105
2022-03-01 ,0.99108996051803   ,11.286228173256774
2022-03-02 ,0.9753092437070551 ,11.007562663964322
2022-03-03 ,1.0002             ,11.009764176497114
2022-03-04 ,1.0002             ,11.011966129332414
2022-03-05 ,1.0002             ,11.01416852255828
2022-03-06 ,1.0002             ,11.016371356262793
2022-03-07 ,1.0002             ,11.018574630534046
2022-03-08 ,1.0002             ,11.020778345460153
2022-03-09 ,1.0002             ,11.022982501129245
2022-03-10 ,1.0002             ,11.025187097629471
2022-03-11 ,1.0002             ,11.027392135048997
2022-03-12 ,1.0002             ,11.029597613476007
2022-03-13 ,1.0002             ,11.031803532998701
2022-03-14 ,1.0002             ,11.034009893705301
2022-03-15 ,1.0002             ,11.036216695684042
2022-03-16 ,1.0002             ,11.038423939023177
2022-03-17 ,0.981492480275566  ,10.834130090245042
2022-03-18 ,1.0002             ,10.836296916263091
2022-03-19 ,1.0002             ,10.838464175646344
2022-03-20 ,0.9776356818813073 ,10.596069314904135
2022-03-21 ,1.0002             ,10.598188528767116
2022-03-22 ,1.0002             ,10.60030816647287
2022-03-23 ,1.0002             ,10.602428228106163
2022-03-24 ,1.0002             ,10.604548713751784
2022-03-25 ,1.0002             ,10.606669623494534
2022-03-26 ,1.0478855458750294 ,11.114575788331662
2022-03-27 ,1.0452903140090908 ,11.61795841586304
2022-03-28 ,1.0002             ,11.620282007546212
2022-03-29 ,1.0241711406480758 ,11.901157478320917
2022-03-30 ,0.9951879940149222 ,11.843889037305884
2022-03-31 ,1.0002             ,11.846257815113345
2022-04-01 ,1.0002             ,11.848627066676368
2022-04-02 ,0.9792530076904088 ,11.60280369204482
2022-04-03 ,1.0002             ,11.605124252783229
2022-04-04 ,0.9686178061104007 ,11.240929993369495
2022-04-05 ,1.0002             ,11.243178179368169
2022-04-06 ,1.0002             ,11.245426815004041
2022-04-07 ,1.0518942429570888 ,11.828999726298022
2022-04-08 ,1.0002             ,11.831365526243282
2022-04-09 ,1.019788018019653  ,12.065484800473685
2022-04-10 ,1.0002             ,12.06789789743378
2022-04-11 ,1.0002             ,12.070311477013266
2022-04-12 ,1.0394599551623347 ,12.546605426691624
2022-04-13 ,1.0209152139706388 ,12.809020363796057
2022-04-14 ,0.959664770961357  ,12.292365593661701
2022-04-15 ,1.0002             ,12.294824066780434
2022-04-16 ,1.0002             ,12.297283031593789
2022-04-17 ,1.0002             ,12.299742488200108
2022-04-18 ,1.0002             ,12.302202436697748
2022-04-19 ,1.0002             ,12.304662877185088
2022-04-20 ,0.9714076306593455 ,11.952843411588372
2022-04-21 ,1.0002             ,11.95523398027069
2022-04-22 ,0.9354341465735783 ,11.183334095421955
2022-04-23 ,1.0002             ,11.185570762241039
2022-04-24 ,1.0002             ,11.187807876393487
2022-04-25 ,1.0002             ,11.190045437968765
2022-04-26 ,1.0002             ,11.192283447056358
2022-04-27 ,1.021598607852837  ,11.434021188207126
2022-04-28 ,1.0002             ,11.436307992444767
2022-04-29 ,1.0002             ,11.438595254043257
2022-04-30 ,1.0002             ,11.440882973094066
2022-05-01 ,1.053785030050125  ,12.056231207601893
2022-05-02 ,1.0002             ,12.058642453843413
2022-05-03 ,1.0002             ,12.061054182334182
2022-05-04 ,1.0002             ,12.063466393170648
2022-05-05 ,0.8647134928982201 ,10.431442161298884
2022-05-06 ,0.990258718667184  ,10.329826548498673
2022-05-07 ,1.0002             ,10.331892513808372
2022-05-08 ,1.050807331811165  ,10.856828404994726
2022-05-09 ,1.0002             ,10.858999770675725
2022-05-10 ,1.053603850496196  ,11.441083970921254
2022-05-11 ,1.0002             ,11.443372187715438
2022-05-12 ,1.0002             ,11.44566086215298
2022-05-13 ,1.0277001323508201 ,11.76270718287722
2022-05-14 ,1.076845510564415  ,12.666618421965131
2022-05-15 ,0.9981652850889612 ,12.643378788273912
2022-05-16 ,1.0002             ,12.645907464031566
2022-05-17 ,1.0002             ,12.648436645524372
2022-05-18 ,1.0002             ,12.650966332853477
2022-05-19 ,1.0002             ,12.653496526120048
2022-05-20 ,1.0002             ,12.656027225425271
2022-05-21 ,1.0002             ,12.658558430870356
2022-05-22 ,1.0002             ,12.66109014255653
2022-05-23 ,1.0002             ,12.663622360585041
2022-05-24 ,1.0002             ,12.666155085057158
2022-05-25 ,1.0002             ,12.668688316074169
2022-05-26 ,0.9728931396754394 ,12.325279951394954
2022-05-27 ,0.979182877564112  ,12.06870308959017
2022-05-28 ,1.0002             ,12.071116830208087
2022-05-29 ,1.0002             ,12.07353105357413
2022-05-30 ,1.0002             ,12.075945759784844
2022-05-31 ,1.0002             ,12.078360948936801
2022-06-01 ,1.0002             ,12.080776621126589
2022-06-02 ,1.0002             ,12.083192776450813
2022-06-03 ,1.0002             ,12.085609415006104
2022-06-04 ,1.0002             ,12.088026536889105
2022-06-05 ,1.0002             ,12.090444142196482
2022-06-06 ,1.0002             ,12.09286223102492
2022-06-07 ,1.0002             ,12.095280803471125
2022-06-08 ,1.0002             ,12.097699859631819
2022-06-09 ,1.0126261060474218 ,12.250446700989409
2022-06-10 ,1.0002             ,12.252896790329606
2022-06-11 ,1.0002             ,12.255347369687671
2022-06-12 ,1.0002             ,12.257798439161608
2022-06-13 ,0.9292151883262317 ,11.390132485110543
2022-06-14 ,1.0002             ,11.392410511607565
2022-06-15 ,1.0002             ,11.394688993709886
2022-06-16 ,1.0002             ,11.396967931508629
2022-06-17 ,1.0002             ,11.39924732509493
2022-06-18 ,1.0002             ,11.401527174559948
2022-06-19 ,1.0002             ,11.40380747999486
2022-06-20 ,1.0002             ,11.40608824149086
2022-06-21 ,1.0002             ,11.408369459139157
2022-06-22 ,1.0002             ,11.410651133030985
2022-06-23 ,1.1188256912243009 ,12.766529641232744
2022-06-24 ,1.0002             ,12.76908294716099
2022-06-25 ,1.0002             ,12.771636763750422
2022-06-26 ,1.0002             ,12.774191091103171
2022-06-27 ,1.0002             ,12.776745929321391
2022-06-28 ,1.0002             ,12.779301278507255
2022-06-29 ,1.0002             ,12.781857138762955
2022-06-30 ,1.0002             ,12.784413510190708
2022-07-01 ,1.0002             ,12.786970392892746
2022-07-02 ,1.0002             ,12.789527786971325
2022-07-03 ,1.0002             ,12.792085692528719
2022-07-04 ,1.0002             ,12.794644109667225
2022-07-05 ,1.0002             ,12.797203038489158
2022-07-06 ,1.0002             ,12.799762479096856
2022-07-07 ,1.0002             ,12.802322431592675
2022-07-08 ,1.0002             ,12.804882896078993
2022-07-09 ,0.9942615425681554 ,12.731402620660088
2022-07-10 ,0.9639234292701901 ,12.272097273526157
2022-07-11 ,1.0002             ,12.274551692980863
2022-07-12 ,1.0002             ,12.277006603319458
2022-07-13 ,1.0002             ,12.279462004640122
2022-07-14 ,1.0002             ,12.28191789704105
2022-07-15 ,1.0002             ,12.284374280620458
2022-07-16 ,1.0002             ,12.286831155476582
2022-07-17 ,0.9763726177232017 ,11.996525498795663
2022-07-18 ,1.0002             ,11.998924803895422
2022-07-19 ,1.0280486838454408 ,12.335478852205103
2022-07-20 ,0.937563899593872  ,11.565299656031156
2022-07-21 ,0.9970485227103353 ,11.531164936748214
2022-07-22 ,1.0002             ,11.533471169735563
2022-07-23 ,1.0002             ,11.53577786396951
2022-07-24 ,1.0002             ,11.538085019542304
2022-07-25 ,0.9038407223775707 ,10.428591098916943
2022-07-26 ,0.9994279045657767 ,10.42262494956387
2022-07-27 ,1.0002             ,10.424709474553783
2022-07-28 ,1.0259792737104785 ,10.695535855345433
2022-07-29 ,1.0002             ,10.697674962516501
2022-07-30 ,1.0002             ,10.699814497509005
2022-07-31 ,1.053173778076882  ,11.268764059063352
2022-08-01 ,1.0002             ,11.271017811875165
2022-08-02 ,0.968861634914158  ,10.920056744359968
2022-08-03 ,1.0086452856176866 ,11.014463753876305
2022-08-04 ,1.0002             ,11.01666664662708
2022-08-05 ,1.0002             ,11.018869979956404
2022-08-06 ,1.0002             ,11.021073753952395
2022-08-07 ,1.0002             ,11.023277968703185
2022-08-08 ,1.0718255655383746 ,11.815031142891996
2022-08-09 ,0.9608860184131398 ,11.352898232320738
2022-08-10 ,1.0002             ,11.355168811967202
2022-08-11 ,1.0002             ,11.357439845729594
2022-08-12 ,1.0409992902876632 ,11.823086818889335
2022-08-13 ,1.035333335170574  ,12.240835908211947
2022-08-14 ,0.9773030242143372 ,11.96300595200699
2022-08-15 ,1.0002             ,11.96539855319739
2022-08-16 ,0.9780821000254816 ,11.703142144553162
2022-08-17 ,1.0002             ,11.705482772982073
2022-08-18 ,1.0072487993780772 ,11.790333469226958
2022-08-19 ,1.0002             ,11.792691535920802
2022-08-20 ,0.9996739785304889 ,11.78884686529677
2022-08-21 ,1.0266206684767283 ,12.102673849420754
2022-08-22 ,0.9926156816546687 ,12.013303852886915
2022-08-23 ,1.024542239900222  ,12.308137238038727
2022-08-24 ,1.0002             ,12.310598865486334
2022-08-25 ,1.0002             ,12.313060985259431
2022-08-26 ,1.0002             ,12.315523597456483
2022-08-27 ,1.0002             ,12.317986702175974
2022-08-28 ,1.0002             ,12.32045029951641
2022-08-29 ,1.0681531679428402 ,13.160128017910766
2022-08-30 ,1.0002             ,13.162760043514348
2022-08-31 ,1.0002             ,13.16539259552305
2022-09-01 ,1.0002             ,13.168025674042154
2022-09-02 ,1.0002             ,13.170659279176961
2022-09-03 ,1.0002             ,13.173293411032796
2022-09-04 ,1.0002             ,13.175928069715003
2022-09-05 ,0.9919849818068895 ,13.070322766525122
2022-09-06 ,1.0002             ,13.072936831078426
2022-09-07 ,1.0002             ,13.075551418444642
2022-09-08 ,1.0002             ,13.07816652872833
2022-09-09 ,1.0337171870353177 ,13.519125515656494
2022-09-10 ,1.002336925504023  ,13.55071870486612
2022-09-11 ,0.9920178961887981 ,13.442555461447483
2022-09-12 ,0.966613322259907  ,12.99375319425281
2022-09-13 ,1.0002             ,12.996351944891659
2022-09-14 ,1.0002             ,12.998951215280638
2022-09-15 ,1.0002             ,13.001551005523693
2022-09-16 ,0.9841240921740639 ,12.795139580165792
2022-09-17 ,1.0002             ,12.797698608081825
2022-09-18 ,0.9085692012019775 ,11.627594801568563
2022-09-19 ,1.0002             ,11.629920320528877
2022-09-20 ,0.9613602641630312 ,11.180543271538646
2022-09-21 ,1.0002             ,11.182779380192953
2022-09-22 ,1.0608139793462104 ,11.862848694453234
2022-09-23 ,1.0002             ,11.865221264192124
2022-09-24 ,0.9713680451071337 ,11.525496784161897
2022-09-25 ,1.0002             ,11.527801883518729
2022-09-26 ,1.0002             ,11.530107443895432
2022-09-27 ,1.0002             ,11.532413465384211
2022-09-28 ,1.0002             ,11.534719948077289
2022-09-29 ,1.0002             ,11.537026892066903
2022-09-30 ,1.0002             ,11.539334297445317
2022-10-01 ,1.0002             ,11.541642164304806
2022-10-02 ,1.0002             ,11.543950492737666
2022-10-03 ,1.0199073696625987 ,11.773760182563333
2022-10-04 ,1.0002             ,11.776114934599844
2022-10-05 ,1.0002             ,11.778470157586764
2022-10-06 ,1.0002             ,11.78082585161828
2022-10-07 ,1.0002             ,11.783182016788603
2022-10-08 ,1.0002             ,11.78553865319196
2022-10-09 ,1.0002             ,11.787895760922598
2022-10-10 ,1.0002             ,11.790253340074782
2022-10-11 ,1.0002             ,11.792611390742797
2022-10-12 ,1.0002             ,11.794969913020946
2022-10-13 ,1.0002             ,11.79732890700355
2022-10-14 ,1.0002             ,11.799688372784951
2022-10-15 ,1.0002             ,11.802048310459508
2022-10-16 ,1.0418106045998983 ,12.295499085837028
2022-10-17 ,1.0002             ,12.297958185654196
2022-10-18 ,1.0002             ,12.300417777291326
2022-10-19 ,1.0002             ,12.302877860846785
2022-10-20 ,1.0002             ,12.305338436418953
2022-10-21 ,1.0002             ,12.307799504106237
2022-10-22 ,1.0002             ,12.310261064007058
2022-10-23 ,1.0002             ,12.312723116219859
2022-10-24 ,0.9743942698960959 ,11.997446851261833
2022-10-25 ,1.0002             ,11.999846340632084
2022-10-26 ,1.0002             ,12.00224630990021
2022-10-27 ,0.9665144463839341 ,11.600344447576818
2022-10-28 ,1.0002             ,11.602664516466334
2022-10-29 ,1.0002             ,11.604985049369626
2022-10-30 ,1.0002             ,11.607306046379499
2022-10-31 ,1.0002             ,11.609627507588774
2022-11-01 ,1.0002             ,11.611949433090292
2022-11-02 ,1.0002             ,11.61427182297691
2022-11-03 ,1.0002             ,11.616594677341505
2022-11-04 ,1.0002             ,11.618917996276974
2022-11-05 ,1.0314601952850453 ,11.984451425440774
2022-11-06 ,0.9770251415914206 ,11.709110350836776
2022-11-07 ,1.0002             ,11.711452172906943
2022-11-08 ,1.0002             ,11.713794463341525
2022-11-09 ,1.0002             ,11.716137222234194
2022-11-10 ,1.160699317548048  ,13.598912478146511
2022-11-11 ,0.9679319504777318 ,13.162821879348318
2022-11-12 ,0.9771007283244727 ,12.861402845116546
2022-11-13 ,0.9603289581094201 ,12.351177594076304
2022-11-14 ,1.0634711386268891 ,13.135120899355249
2022-11-15 ,1.0247214386626193 ,13.45983998499475
2022-11-16 ,1.0002             ,13.462531952991748
2022-11-17 ,1.0002             ,13.465224459382346
2022-11-18 ,1.0002             ,13.467917504274222
2022-11-19 ,1.0002             ,13.470611087775076
2022-11-20 ,1.0002             ,13.473305209992631
2022-11-21 ,1.0002             ,13.47599987103463
2022-11-22 ,1.0002             ,13.478695071008836
2022-11-23 ,1.0002             ,13.481390810023038
2022-11-24 ,1.0134422116800166 ,13.662610519032398
2022-11-25 ,1.0002             ,13.665343041136204
2022-11-26 ,1.0446296456601427 ,14.27522245888641
2022-11-27 ,0.9824672869117083 ,14.024939079243214
2022-11-28 ,0.9876744604996744 ,13.852074138632343
2022-11-29 ,1.0255705136911855 ,14.206278790045557
2022-11-30 ,1.0002             ,14.209120045803566
2022-12-01 ,0.9616040905062766 ,13.663547958539441
2022-12-02 ,1.0002             ,13.666280668131149
2022-12-03 ,1.0002             ,13.669013924264775
2022-12-04 ,1.0002             ,13.671747727049627
2022-12-05 ,1.0002             ,13.674482076595037
2022-12-06 ,1.0002             ,13.677216973010356
2022-12-07 ,1.0002             ,13.679952416404959
2022-12-08 ,1.0002             ,13.68268840688824
2022-12-09 ,1.0002             ,13.685424944569617
2022-12-10 ,1.0002             ,13.68816202955853
2022-12-11 ,1.0002             ,13.69089966196444
2022-12-12 ,1.0002             ,13.693637841896834
2022-12-13 ,1.0002             ,13.696376569465214
2022-12-14 ,0.9913985300599932 ,13.578567598115946
2022-12-15 ,1.0002             ,13.581283311635568
2022-12-16 ,1.0002             ,13.583999568297894
2022-12-17 ,1.0002             ,13.586716368211555
2022-12-18 ,1.0002             ,13.589433711485196
2022-12-19 ,1.0002             ,13.592151598227492
2022-12-20 ,1.0002             ,13.594870028547136
2022-12-21 ,1.0002             ,13.597589002552846
2022-12-22 ,1.0002             ,13.600308520353357
2022-12-23 ,1.0002             ,13.603028582057428
2022-12-24 ,1.0002             ,13.605749187773839
2022-12-25 ,1.0002             ,13.608470337611394
2022-12-26 ,1.0002             ,13.611192031678916
2022-12-27 ,1.0002             ,13.613914270085251
2022-12-28 ,1.0002             ,13.616637052939268
2022-12-29 ,1.0002             ,13.619360380349855
2022-12-30 ,1.0002             ,13.622084252425925
2022-12-31 ,1.0002             ,13.62480866927641
2023-01-01 ,1.011611470223129  ,13.783012729435542
2023-01-02 ,1.0002             ,13.78576933198143
2023-01-03 ,1.0002             ,13.788526485847825
2023-01-04 ,1.006261753510982  ,13.87486683998185
2023-01-05 ,1.0002             ,13.877641813349847
2023-01-06 ,1.0078453894622188 ,13.986517318192748
2023-01-07 ,0.9944054871592823 ,13.908269567459199
2023-01-08 ,1.0002             ,13.91105122137269
2023-01-09 ,1.0734155605743847 ,14.932338844968745
2023-01-10 ,0.9947317793131754 ,14.853671988563006
2023-01-11 ,1.0312720710972259 ,15.31817707504422
2023-01-12 ,1.0093592817176795 ,15.461544209690858
2023-01-13 ,1.0002             ,15.464636518532796
2023-01-14 ,1.3260123154970005 ,20.506298478259144
2023-01-15 ,1.0011271614259052 ,20.529412386891934
2023-01-16 ,1.005266494551221  ,20.63753042536727
2023-01-17 ,1.014771462900491  ,20.942376940403335
2023-01-18 ,0.9776821323226321 ,20.474987742997854
2023-01-19 ,1.0176999071298038 ,20.837393124532788
2023-01-20 ,1.0753257803565759 ,22.40698602223497
2023-01-21 ,0.9826180800856728 ,22.017509585675032
2023-01-22 ,1.0002             ,22.021913087592168
2023-01-23 ,1.0002             ,22.026317470209687
2023-01-24 ,0.9571299550857344 ,21.082048250965926
2023-01-25 ,1.0002             ,21.08626466061612
2023-01-26 ,1.0002             ,21.090481913548242
2023-01-27 ,1.0002             ,21.09470000993095
2023-01-28 ,0.9777615400160061 ,20.625586367885745
2023-01-29 ,1.0608091078489172 ,21.879809873777667
2023-01-30 ,0.9606930143223069 ,21.01978050043844
2023-01-31 ,1.0002             ,21.02398445653853
2023-02-01 ,1.0348597404334132 ,21.756875097569576
2023-02-02 ,0.9806650208646932 ,21.33620637150859
2023-02-03 ,1.0002             ,21.340473612782894
2023-02-04 ,0.9911112862059299 ,21.15078425060896
2023-02-05 ,1.0002             ,21.15501440745908
2023-02-06 ,0.9958055645254601 ,21.06628106456403
2023-02-07 ,1.0002             ,21.070494320776945
2023-02-08 ,0.9830005761171218 ,20.712308056396278
2023-02-09 ,0.9508629167524214 ,19.69456565117964
2023-02-10 ,1.0002             ,19.698504564309875
2023-02-11 ,1.0164922914677073 ,20.023378043062436
2023-02-12 ,0.9839312279483378 ,19.701626945584206
2023-02-13 ,1.0002             ,19.705567270973322
2023-02-14 ,1.0500682814369016 ,20.69219115897021
2023-02-15 ,1.0610205759387594 ,21.954840580925477
2023-02-16 ,0.9337554098179917 ,20.500451164130745
2023-02-17 ,1.0002             ,20.50455125436357
2023-02-18 ,0.9982756292170644 ,20.469193805263338
2023-02-19 ,1.0002             ,20.47328764402439
2023-02-20 ,1.0002             ,20.47738230155319
2023-02-21 ,1.0002             ,20.481477778013502
2023-02-22 ,1.0002             ,20.485574073569104
2023-02-23 ,1.0002             ,20.489671188383817
2023-02-24 ,1.0002             ,20.493769122621494
2023-02-25 ,1.0002             ,20.49786787644602
2023-02-26 ,1.0288795795375836 ,21.08983768213472
2023-02-27 ,1.0002             ,21.094055649671148
2023-02-28 ,1.0002             ,21.098274460801083
2023-03-01 ,1.0002             ,21.102494115693244
2023-03-02 ,1.0002             ,21.10671461451638
2023-03-03 ,1.0002             ,21.110935957439285
2023-03-04 ,0.9995718708866701 ,21.10189775114626
2023-03-05 ,1.0002             ,21.10611813069649
2023-03-06 ,1.0002             ,21.11033935432263
2023-03-07 ,0.9811017605826158 ,20.71139110702241
2023-03-08 ,1.0002             ,20.715533385243816
2023-03-09 ,1.0002             ,20.719676491920865
2023-03-10 ,0.9911740661235406 ,20.536805997261542
2023-03-11 ,1.0002             ,20.540913358460994
2023-03-12 ,1.0002             ,20.545021541132687
2023-03-13 ,1.0002             ,20.549130545440914
2023-03-14 ,1.0224904497541178 ,21.01128973346396
2023-03-15 ,0.9712586860712743 ,20.407397659187062
2023-03-16 ,1.0278717963717254 ,20.97618849122075
2023-03-17 ,1.0002             ,20.980383728918994
2023-03-18 ,0.9536801487429604 ,20.00857547527985
2023-03-19 ,1.0396437353359038 ,20.801790145870303
2023-03-20 ,0.9902157787327701 ,20.598260828328627
2023-03-21 ,1.0002             ,20.602380480494293
2023-03-22 ,0.9697683992074779 ,19.97953753843234
2023-03-23 ,1.072726958287463  ,21.43258853159271
2023-03-24 ,0.9721127531722304 ,20.83489264505416
2023-03-25 ,1.0002             ,20.83905962358317
2023-03-26 ,1.0002             ,20.843227435507888
2023-03-27 ,0.9694871186090412 ,20.20724050896346
2023-03-28 ,1.0334969593569923 ,20.884121623009175
2023-03-29 ,1.0002             ,20.888298447333778
2023-03-30 ,0.9897985370151009 ,20.675207243905778
2023-03-31 ,1.0595677596069186 ,21.90678301883398
2023-04-01 ,1.0002             ,21.911164375437746
2023-04-02 ,1.0002             ,21.915546608312834
2023-04-03 ,0.9860604527996596 ,21.610053811944997
2023-04-04 ,1.0002             ,21.614375822707387
2023-04-05 ,1.0002             ,21.618698697871928
2023-04-06 ,1.0002             ,21.623022437611503
2023-04-07 ,1.0002             ,21.627347042099025
2023-04-08 ,1.0002             ,21.631672511507443
2023-04-09 ,1.0002             ,21.635998846009745
2023-04-10 ,1.0002             ,21.640326045778945
2023-04-11 ,1.0196056244073841 ,22.064598150285818
2023-04-12 ,1.0002             ,22.069011069915874
2023-04-13 ,1.026098387024422  ,22.644976662064792
2023-04-14 ,1.0002             ,22.649505657397203
2023-04-15 ,1.0002             ,22.654035558528683
2023-04-16 ,1.0002             ,22.65856636564039
2023-04-17 ,0.9820074746706774 ,22.25088153638047
2023-04-18 ,1.0002             ,22.255331712687745
2023-04-19 ,1.0002             ,22.25978277903028
2023-04-20 ,0.9677922924448136 ,21.5428462050413
2023-04-21 ,1.0002             ,21.54715477428231
2023-04-22 ,1.0202306023049343 ,21.983066693323682
2023-04-23 ,0.9940184053379405 ,21.8515728989352
2023-04-24 ,1.0002             ,21.855943213514987
2023-04-25 ,1.0286653113922541 ,22.482450631501816
2023-04-26 ,1.0002             ,22.486947121628116
2023-04-27 ,1.0002             ,22.491444511052443
2023-04-28 ,1.0002             ,22.49594279995465
2023-04-29 ,1.0002             ,22.50044198851464
2023-04-30 ,1.0002             ,22.504942076912343
2023-05-01 ,1.0002             ,22.509443065327726
2023-05-02 ,1.0002             ,22.51394495394079
2023-05-03 ,1.0002             ,22.518447742931578
2023-05-04 ,1.0002             ,22.522951432480163
2023-05-05 ,1.0002             ,22.527456022766657
2023-05-06 ,1.0002             ,22.53196151397121
2023-05-07 ,1.0002             ,22.536467906274005
2023-05-08 ,1.0002             ,22.54097519985526
2023-05-09 ,1.0002             ,22.545483394895232
2023-05-10 ,1.0002             ,22.549992491574212
2023-05-11 ,1.0002             ,22.554502490072526
2023-05-12 ,1.0002             ,22.55901339057054
2023-05-13 ,1.0002             ,22.563525193248655
2023-05-14 ,1.0002             ,22.568037898287304
2023-05-15 ,1.0002             ,22.57255150586696
2023-05-16 ,1.0002             ,22.577066016168136
2023-05-17 ,1.0447631251693685 ,23.587686048206965
2023-05-18 ,1.0002             ,23.592403585416605
2023-05-19 ,1.0002             ,23.59712206613369
2023-05-20 ,1.0002             ,23.601841490546917
2023-05-21 ,1.0002             ,23.606561858845026
2023-05-22 ,1.0002             ,23.611283171216794
2023-05-23 ,1.0002             ,23.616005427851036
2023-05-24 ,1.0002             ,23.620728628936604
2023-05-25 ,1.0002             ,23.625452774662392
2023-05-26 ,1.0002             ,23.630177865217323
2023-05-27 ,1.0002             ,23.634903900790366
2023-05-28 ,1.0034204482260225 ,23.715745865910037
2023-05-29 ,1.0002             ,23.720489015083217
2023-05-30 ,1.0002             ,23.725233112886233
2023-05-31 ,1.0002             ,23.72997815950881
2023-06-01 ,1.0002             ,23.73472415514071
2023-06-02 ,1.0002             ,23.739471099971738
2023-06-03 ,1.0002             ,23.74421899419173
2023-06-04 ,1.0002             ,23.748967837990566
2023-06-05 ,1.0002             ,23.753717631558164
2023-06-06 ,1.058552286023967  ,25.1445521004537
2023-06-07 ,1.0002             ,25.149581010873792
2023-06-08 ,1.0002             ,25.154610927075968
2023-06-09 ,1.0002             ,25.159641849261384
2023-06-10 ,1.0002             ,25.164673777631236
2023-06-11 ,1.0002             ,25.169706712386763
2023-06-12 ,1.0002             ,25.174740653729238
2023-06-13 ,1.0002             ,25.179775601859983
2023-06-14 ,1.0002             ,25.184811556980353
2023-06-15 ,1.0002             ,25.18984851929175
2023-06-16 ,1.0002             ,25.194886488995607
2023-06-17 ,1.0002             ,25.199925466293404
2023-06-18 ,1.0002             ,25.204965451386663
2023-06-19 ,1.0002             ,25.21000644447694
2023-06-20 ,1.0002             ,25.215048445765834
2023-06-21 ,1.0606113350098663 ,26.743366194402157
2023-06-22 ,1.0002             ,26.748714867641038
2023-06-23 ,1.0002             ,26.754064610614567
2023-06-24 ,1.0125476897190384 ,27.089766312071664
2023-06-25 ,0.9836717034798151 ,26.647436575065644
2023-06-26 ,1.0002             ,26.652766062380657
2023-06-27 ,1.0002             ,26.65809661559313
2023-06-28 ,1.0002             ,26.66342823491625
2023-06-29 ,1.0002             ,26.668760920563233
2023-06-30 ,1.0002             ,26.674094672747344
2023-07-01 ,0.9934260800705312 ,26.498741310177635
2023-07-02 ,1.0558758445801717 ,27.979380861195295
2023-07-03 ,1.0002             ,27.984976737367536
2023-07-04 ,1.0002             ,27.99057373271501
2023-07-05 ,1.0002             ,27.996171847461554
2023-07-06 ,1.0002             ,28.001771081831045
2023-07-07 ,1.0002             ,28.00737143604741
2023-07-08 ,1.0002             ,28.012972910334618
2023-07-09 ,1.0002             ,28.018575504916683
2023-07-10 ,0.9984067744607519 ,27.973935594848896
2023-07-11 ,1.0002             ,27.979530381967866
2023-07-12 ,1.0002             ,27.98512628804426
2023-07-13 ,1.0002             ,27.990723313301867
2023-07-14 ,1.0002             ,27.996321457964527
2023-07-15 ,1.0002             ,28.00192072225612
2023-07-16 ,0.964815731519664  ,27.016693625599178
2023-07-17 ,1.0002             ,27.022096964324298
2023-07-18 ,0.9626924743765337 ,26.013969389427977
2023-07-19 ,0.9953686798306142 ,25.893490368308935
2023-07-20 ,0.9772243411974202 ,25.303749066472445
2023-07-21 ,1.0002             ,25.308809816285738
2023-07-22 ,1.0002             ,25.313871578248996
2023-07-23 ,1.0031883065618616 ,25.39457996110805
2023-07-24 ,1.0002             ,25.399658877100272
2023-07-25 ,1.0002             ,25.404738808875692
2023-07-26 ,1.0473444057677108 ,26.60751107146581
2023-07-27 ,1.0002             ,26.612832573680105
2023-07-28 ,1.0002             ,26.61815514019484
2023-07-29 ,1.0002             ,26.623478771222878
2023-07-30 ,0.9949311582703899 ,26.488528571039915
2023-07-31 ,1.0002             ,26.49382627675412
2023-08-01 ,1.0079125571284102 ,26.703460190719113
2023-08-02 ,1.0002             ,26.708800882757256
2023-08-03 ,1.0002             ,26.71414264293381
2023-08-04 ,0.9976973775511653 ,26.652630058382815
2023-08-05 ,1.0002             ,26.65796058439449
2023-08-06 ,1.0002             ,26.66329217651137
2023-08-07 ,1.0002             ,26.66862483494667
2023-08-08 ,1.0002             ,26.673958559913657
2023-08-09 ,1.0002             ,26.67929335162564
2023-08-10 ,1.0002             ,26.684629210295963
2023-08-11 ,0.9988718176531203 ,26.654524082687875
2023-08-12 ,1.0002             ,26.65985498750441
2023-08-13 ,1.0002             ,26.66518695850191
2023-08-14 ,1.0002             ,26.67051999589361
2023-08-15 ,1.0002             ,26.67585409989279
2023-08-16 ,1.0002             ,26.681189270712768
2023-08-17 ,1.0002             ,26.68652550856691
2023-08-18 ,1.0002             ,26.69186281366862
2023-08-19 ,1.0002             ,26.697201186231354
2023-08-20 ,1.0002             ,26.7025406264686
2023-08-21 ,1.0002             ,26.707881134593894
2023-08-22 ,1.0002             ,26.713222710820812
2023-08-23 ,1.0002             ,26.718565355362976
2023-08-24 ,1.0002             ,26.723909068434047
2023-08-25 ,1.0002             ,26.729253850247733
2023-08-26 ,1.0002             ,26.734599701017782
2023-08-27 ,1.0002             ,26.739946620957983
2023-08-28 ,1.0002             ,26.745294610282176
2023-08-29 ,1.0002             ,26.750643669204234
2023-08-30 ,0.984533756746295  ,26.336911707023138
2023-08-31 ,1.0002             ,26.342179089364542
2023-09-01 ,1.0002             ,26.347447525182414
2023-09-02 ,1.0002             ,26.35271701468745
2023-09-03 ,1.0002             ,26.357987558090386
2023-09-04 ,1.0002             ,26.363259155602
2023-09-05 ,1.0002             ,26.368531807433122
2023-09-06 ,1.0002             ,26.373805513794608
2023-09-07 ,1.0002             ,26.379080274897365
2023-09-08 ,1.0002             ,26.384356090952345
2023-09-09 ,1.0002             ,26.389632962170534
2023-09-10 ,1.0002             ,26.39491088876297
2023-09-11 ,1.0002             ,26.40018987094072
2023-09-12 ,1.0002             ,26.40546990891491
2023-09-13 ,1.0002             ,26.410751002896692
2023-09-14 ,1.0002             ,26.41603315309727
2023-09-15 ,1.0002             ,26.42131635972789
2023-09-16 ,1.0040996522094048 ,26.52963456771743
2023-09-17 ,1.0002             ,26.534940494630973
2023-09-18 ,1.0002             ,26.5402474827299
2023-09-19 ,1.0002             ,26.545555532226444
2023-09-20 ,1.0134080789461108 ,26.901480436470905
2023-09-21 ,0.9668954951344626 ,26.010920246471596
2023-09-22 ,1.0002             ,26.01612243052089
2023-09-23 ,1.0002             ,26.021325655006994
2023-09-24 ,1.0002             ,26.026529920137996
2023-09-25 ,1.0002             ,26.031735226122024
2023-09-26 ,0.9838826789607041 ,25.612173392272666
2023-09-27 ,1.0002             ,25.61729582695112
2023-09-28 ,1.0002             ,25.62241928611651
2023-09-29 ,1.0002             ,25.627543769973734
2023-09-30 ,0.9948509645686419 ,25.495586639083456
2023-10-01 ,1.0002             ,25.500685756411272
2023-10-02 ,0.9840577303137833 ,25.094146946899098
2023-10-03 ,1.0078208904597885 ,25.290405521352632
2023-10-04 ,1.0002             ,25.295463602456902
2023-10-05 ,1.0002             ,25.300522695177392
2023-10-06 ,1.0002             ,25.305582799716426
2023-10-07 ,1.0002             ,25.31064391627637
2023-10-08 ,1.0002             ,25.315706045059624
2023-10-09 ,1.0002             ,25.320769186268635
2023-10-10 ,1.0002             ,25.325833340105888
2023-10-11 ,1.0002             ,25.33089850677391
2023-10-12 ,1.0002             ,25.335964686475265
2023-10-13 ,1.0002             ,25.341031879412558
2023-10-14 ,1.0002             ,25.34610008578844
2023-10-15 ,1.0002             ,25.351169305805595
2023-10-16 ,1.0002             ,25.356239539666756
2023-10-17 ,1.0002             ,25.361310787574688
2023-10-18 ,1.0002             ,25.366383049732203
2023-10-19 ,1.0002             ,25.371456326342148
2023-10-20 ,1.0002             ,25.376530617607415
2023-10-21 ,1.0002             ,25.381605923730937
2023-10-22 ,1.1379099102225219 ,28.8819809179761
2023-10-23 ,1.0002             ,28.887757314159696
2023-10-24 ,0.962548707290984  ,27.805873459280082
2023-10-25 ,1.022911806451276  ,28.442956250187784
2023-10-26 ,0.9914089372765114 ,28.198601029000976
2023-10-27 ,0.9809220531642819 ,27.66062961772807
2023-10-28 ,1.0002             ,27.666161743651614
2023-10-29 ,1.0002             ,27.671694976000342
2023-10-30 ,1.025156951523455  ,28.36783046508342
2023-10-31 ,1.1018221377902364 ,31.25630360750921
2023-11-01 ,1.0765580949303817 ,33.64922666626573
2023-11-02 ,1.0002             ,33.65595651159899
2023-11-03 ,1.0269468586407988 ,34.56287881413792
2023-11-04 ,1.0002             ,34.56979138990074
2023-11-05 ,1.0494965615247944 ,36.28087719633027
2023-11-06 ,1.0002             ,36.28813337176954
2023-11-07 ,1.0008351756707816 ,36.31844033789972
2023-11-08 ,1.0002             ,36.325704025967305
2023-11-09 ,1.0002             ,36.3329691667725
2023-11-10 ,1.2464985987343489 ,45.288995154240226
2023-11-11 ,1.0575872377496014 ,47.897063285628
2023-11-12 ,1.0002             ,47.906642698285125
2023-11-13 ,0.9241077396032258 ,44.270899295891645
2023-11-14 ,0.9830280625964152 ,43.51953636424137
2023-11-15 ,1.0815146842767474 ,47.067017630842926
2023-11-16 ,0.9246589559311892 ,43.520939381330095
2023-11-17 ,0.9876270476949474 ,42.98245687409381
2023-11-18 ,1.0021192861611272 ,43.07354900011833
2023-11-19 ,1.040439589692299  ,44.81542564827425
2023-11-20 ,0.969239094834919  ,43.43686258997494
2023-11-21 ,0.9353478754463259 ,40.62857713958706
2023-11-22 ,1.058273255038641  ,42.99613657709931
2023-11-23 ,1.0002             ,43.00473580441473
2023-11-24 ,1.008305457992433  ,43.36190983111398
2023-11-25 ,1.0211884541602338 ,44.28068166987073
2023-11-26 ,0.9897948276727451 ,43.82878968266138
2023-11-27 ,1.0002             ,43.83755544059791
2023-11-28 ,1.0454903063326997 ,45.831739266467416
2023-11-29 ,1.0002             ,45.84090561432071
2023-11-30 ,0.9997624695943759 ,45.83001700541596
2023-12-01 ,1.0077029914475346 ,46.18304523444905
2023-12-02 ,1.067445351757847  ,49.297876965535025
2023-12-03 ,1.0035051622692157 ,49.47067402382706
2023-12-04 ,1.0377702325933325 ,51.33919288825594
2023-12-05 ,0.9946072583845695 ,51.06233388626483
2023-12-06 ,0.9924324422042794 ,50.67591672339614
2023-12-07 ,1.0631035545492886 ,53.873747198686175
2023-12-08 ,1.0002             ,53.88452194812591
2023-12-09 ,1.0002             ,53.89529885251553
2023-12-10 ,1.0268873907210105 ,55.34440281078874
2023-12-11 ,0.9275853917359936 ,51.336659561640104
2023-12-12 ,0.9834683963621726 ,50.48798225367699
2023-12-13 ,1.0002             ,50.49807985012772
2023-12-14 ,1.0002             ,50.50817946609775
2023-12-15 ,0.9402464907632428 ,47.490138497838494
2023-12-16 ,1.009586517037401  ,47.94540351965656
2023-12-17 ,1.0002             ,47.95499260036049
2023-12-18 ,1.0378643353881234 ,49.77077652371552
2023-12-19 ,1.0002             ,49.78073067902026
2023-12-20 ,1.0002             ,49.790686825156065
2023-12-21 ,1.190776228385638  ,59.28956626638982
2023-12-22 ,1.0002             ,59.3014241796431
2023-12-23 ,1.0002             ,59.313284464479025
2023-12-24 ,1.0441726080935652 ,61.933306933870604
2023-12-25 ,1.0002             ,61.945693595257374
2023-12-26 ,0.9305640950159558 ,57.64443830060637
2023-12-27 ,0.9624908488182935 ,55.48224434960437
2023-12-28 ,0.9630251587552661 ,53.43079717287621
2023-12-29 ,1.0317722313942885 ,55.12841282423413
2023-12-30 ,0.991231407204397  ,54.64501422071052
2023-12-31 ,0.9896050964588236 ,54.07698456888002
2024-01-01 ,1.0002             ,54.0877999657938
2024-01-02 ,0.9765624908516382 ,52.82011665928074
2024-01-03 ,1.0002             ,52.830680682612595
2024-01-04 ,1.0002             ,52.84124681874911
2024-01-05 ,0.944717439217202  ,49.92004737965278
2024-01-06 ,1.0002             ,49.93003138912871
2024-01-07 ,0.9511614096168052 ,47.49151903829499
2024-01-08 ,1.0843189241879463 ,51.495952831655394
2024-01-09 ,0.9868654817392483 ,50.81957829883321
2024-01-10 ,1.0002             ,50.829742214492974
2024-01-11 ,0.9969431317149205 ,50.674362387578725
2024-01-12 ,0.9638371912992633 ,48.841835114524905
2024-01-13 ,1.0037182862862628 ,49.02344304022715
2024-01-14 ,0.9589750578223236 ,47.01225912415122
2024-01-15 ,1.0002             ,47.02166157597605
2024-01-16 ,1.0337634893150656 ,48.609276944173146
2024-01-17 ,1.0002             ,48.61899879956198
2024-01-18 ,1.0002             ,48.62872259932189
2024-01-19 ,0.9908276308231496 ,48.18268200304226
2024-01-20 ,1.0235655765621507 ,49.31813468475472
2024-01-21 ,1.0002             ,49.327998311691665
2024-01-22 ,1.0002             ,49.337863911354006
2024-01-23 ,1.0057507796776994 ,49.62159509647652
2024-01-24 ,1.0002             ,49.63151941549581
2024-01-25 ,1.0002             ,49.64144571937891
2024-01-26 ,1.0002             ,49.65137400852278
2024-01-27 ,1.0002             ,49.66130428332448
2024-01-28 ,1.0186456275248874 ,50.58727046539145
2024-01-29 ,1.0002             ,50.597387919484525
2024-01-30 ,1.0002             ,50.607507397068424
2024-01-31 ,1.0002             ,50.617628898547835
2024-02-01 ,1.0002             ,50.62775242432755
2024-02-02 ,1.0353772608416558 ,52.41882362766975
2024-02-03 ,1.0002             ,52.42930739239529
2024-02-04 ,1.0002             ,52.439793253873766
2024-02-05 ,1.0002             ,52.45028121252454
2024-02-06 ,1.0014377326692878 ,52.52569069533712
2024-02-07 ,1.0002             ,52.536195833476185
2024-02-08 ,0.9669838940791186 ,50.801655227157966
2024-02-09 ,1.0002             ,50.8118155582034
2024-02-10 ,1.0002             ,50.82197792131504
2024-02-11 ,1.009240631640318  ,51.29160509851828
2024-02-12 ,1.0002             ,51.30186341953799
2024-02-13 ,0.9763660738495826 ,50.089398968101825
2024-02-14 ,1.02555341590572   ,51.36935421240128
2024-02-15 ,1.0002             ,51.37962808324376
2024-02-16 ,1.0002             ,51.389904008860405
2024-02-17 ,1.0002             ,51.40018198966218
2024-02-18 ,0.9971463512981452 ,51.25350392705228
2024-02-19 ,1.0002             ,51.263754627837685
2024-02-20 ,1.02350556928251   ,52.46873836392391
2024-02-21 ,0.9620119425831599 ,50.47555291836601
2024-02-22 ,0.9777122462189409 ,49.350566222958655
2024-02-23 ,0.9900549919807925 ,48.8597744461189
2024-02-24 ,1.0002             ,48.86954640100812
2024-02-25 ,1.0002             ,48.87932031028832
2024-02-26 ,1.0002             ,48.88909617435038
2024-02-27 ,1.0002             ,48.89887399358525
2024-02-28 ,1.0002             ,48.908653768383964
2024-02-29 ,1.0002             ,48.91843549913764
2024-03-01 ,1.0278543048525015 ,50.28102451443805
2024-03-02 ,1.0002             ,50.29108071934094
2024-03-03 ,1.0003569782724786 ,50.309033542457215
2024-03-04 ,1.0002             ,50.31909534916571
2024-03-05 ,1.0002             ,50.32915916823554
2024-03-06 ,1.0488358927548824 ,52.7870285878189
2024-03-07 ,1.0002             ,52.797585993536465
2024-03-08 ,1.0002             ,52.80814551073517
2024-03-09 ,1.0029227989643463 ,52.962493103743
2024-03-10 ,0.9912152559701151 ,52.49723115864207
2024-03-11 ,1.0002             ,52.5077306048738
2024-03-12 ,0.9910733473598833 ,52.039012332843264
2024-03-13 ,1.0002             ,52.04942013530983
2024-03-14 ,1.0002             ,52.05983001933689
2024-03-15 ,1.0355725128604796 ,53.91172899221414
2024-03-16 ,0.9640641936469037 ,51.97436753898932
2024-03-17 ,1.060466807115612  ,55.11709159592532
2024-03-18 ,0.9820387783045654 ,54.12712129456333
2024-03-19 ,0.8923292354480878 ,48.299212761783615
2024-03-20 ,1.0759907892363239 ,51.96950805904468
2024-03-21 ,0.9919170276673053 ,51.549439963259665
2024-03-22 ,0.9720200599077541 ,50.107089721298834
2024-03-23 ,1.0002             ,50.11711113924309
2024-03-24 ,1.035355788811928  ,51.8890411365461
2024-03-25 ,1.040525849283125  ,53.991888597091645
2024-03-26 ,0.9951687622923318 ,53.731040948993154
2024-03-27 ,0.9737260211905043 ,52.31931271768716
2024-03-28 ,1.0002             ,52.3297765802307
2024-03-29 ,1.0002             ,52.34024253554674
2024-03-30 ,1.0057757370980662 ,52.642546016081084
2024-03-31 ,1.0242056122570309 ,53.91679107316925
2024-04-01 ,0.9485212728394652 ,51.14122329614201
2024-04-02 ,1.0002             ,51.15145154080123
2024-04-03 ,0.9227971623404798 ,47.20241433144794
2024-04-04 ,1.021717357606591  ,48.22752604337847
2024-04-05 ,0.9624194149431384 ,46.415107398823274
2024-04-06 ,1.0273465753782227 ,47.684401631993495
2024-04-07 ,1.0002             ,47.693938512319896
2024-04-08 ,1.0002             ,47.70347730002236
2024-04-09 ,1.0002             ,47.71301799548236
2024-04-10 ,1.0002             ,47.722560599081454
2024-04-11 ,1.0002             ,47.73210511120127
2024-04-12 ,1.0002             ,47.74165153222351
2024-04-13 ,1.0002             ,47.75119986252995
2024-04-14 ,1.0002             ,47.760750102502456
2024-04-15 ,0.9771717644161351 ,46.67045644750043
2024-04-16 ,1.0002             ,46.67979053878992
2024-04-17 ,1.0002             ,46.68912649689768
2024-04-18 ,1.0365144993322595 ,48.393956575192426
2024-04-19 ,1.0002             ,48.403635366507466
2024-04-20 ,1.0002             ,48.41331609358077
2024-04-21 ,1.0002             ,48.42299875679948
2024-04-22 ,1.0002             ,48.43268335655084
2024-04-23 ,1.0002             ,48.44236989322215
2024-04-24 ,1.0002             ,48.45205836720079
2024-04-25 ,1.0002             ,48.46174877887423
2024-04-26 ,1.0002             ,48.471441128630005
2024-04-27 ,1.0002             ,48.48113541685573
2024-04-28 ,1.0002             ,48.490831643939096
2024-04-29 ,1.0002             ,48.500529810267885
2024-04-30 ,1.0002             ,48.51022991622994
2024-05-01 ,0.9611367107993019 ,46.62496282180314
2024-05-02 ,1.0002             ,46.6342878143675
2024-05-03 ,1.0002             ,46.64361467193037
2024-05-04 ,1.0002             ,46.65294339486476
2024-05-05 ,1.0002             ,46.66227398354373
2024-05-06 ,1.0002             ,46.67160643834043
2024-05-07 ,1.0002             ,46.6809407596281
2024-05-08 ,1.0002             ,46.69027694778003
2024-05-09 ,1.0002             ,46.69961500316958
2024-05-10 ,1.0002             ,46.708954926170215
2024-05-11 ,1.0002             ,46.71829671715545
2024-05-12 ,1.0002             ,46.727640376498876
2024-05-13 ,1.0002             ,46.736985904574176
2024-05-14 ,1.0002             ,46.74633330175509
2024-05-15 ,1.0002             ,46.75568256841544
2024-05-16 ,1.0002             ,46.76503370492912
2024-05-17 ,1.0002             ,46.774386711670104
2024-05-18 ,1.0017905277724726 ,46.858137550117725
2024-05-19 ,1.0002             ,46.867509177627745
2024-05-20 ,1.0002             ,46.87688267946327
2024-05-21 ,0.9928949705504415 ,46.54382104752219
2024-05-22 ,0.9766963420178141 ,45.45917976064666
2024-05-23 ,1.0002             ,45.46827159659879
2024-05-24 ,1.0020047541460404 ,45.55942430259536
2024-05-25 ,1.0063419909949125 ,45.848361761255816
2024-05-26 ,1.0002             ,45.85753143360807
2024-05-27 ,1.0406807241042224 ,47.72304901795938
2024-05-28 ,1.0002             ,47.732593627762974
2024-05-29 ,1.0002             ,47.742140146488524
2024-05-30 ,1.0002             ,47.75168857451782
2024-05-31 ,1.0002             ,47.76123891223273
2024-06-01 ,1.0002             ,47.77079116001517
2024-06-02 ,1.0002             ,47.78034531824717
2024-06-03 ,1.0003678189861687 ,47.79791983642092
2024-06-04 ,1.0002             ,47.8074794203882
2024-06-05 ,1.0135604907426874 ,48.45577230249959
2024-06-06 ,1.0002             ,48.46546345696009
2024-06-07 ,1.0002             ,48.47515654965148
2024-06-08 ,0.9721357670634    ,47.12443349591384
2024-06-09 ,1.0002             ,47.13385838261302
2024-06-10 ,1.0002             ,47.14328515428954
2024-06-11 ,1.0002             ,47.1527138113204
2024-06-12 ,1.0385166628355194 ,48.968878990970765
2024-06-13 ,1.0002             ,48.97867276676896
2024-06-14 ,1.0002             ,48.98846850132231
2024-06-15 ,1.0002             ,48.99826619502257
2024-06-16 ,1.0002             ,49.00806584826157
2024-06-17 ,1.0002             ,49.01786746143122
2024-06-18 ,1.0002             ,49.02767103492351
2024-06-19 ,1.0002             ,49.03747656913049
2024-06-20 ,1.0002             ,49.04728406444431
2024-06-21 ,1.0002             ,49.0570935212572
2024-06-22 ,1.0002             ,49.066904939961454
2024-06-23 ,1.0002             ,49.076718320949446
2024-06-24 ,1.0002             ,49.08653366461363
2024-06-25 ,1.0002             ,49.09635097134655
2024-06-26 ,1.0002             ,49.10617024154082
2024-06-27 ,1.0002             ,49.115991475589134
2024-06-28 ,1.0002             ,49.12581467388425
2024-06-29 ,1.0002             ,49.135639836819024
2024-06-30 ,1.0002             ,49.14546696478639
2024-07-01 ,1.0002             ,49.155296058179346
2024-07-02 ,1.0002             ,49.16512711739098
2024-07-03 ,1.0002             ,49.174960142814456
2024-07-04 ,1.0002             ,49.184795134843014
2024-07-05 ,0.9750690724904859 ,47.958572572765945
2024-07-06 ,1.0002             ,47.968164287280494
2024-07-07 ,1.0002             ,47.97775792013795
2024-07-08 ,1.0303326144038274 ,49.433048751089665
2024-07-09 ,1.0002             ,49.44293536083988
2024-07-10 ,1.0002             ,49.45282394791205
2024-07-11 ,1.0002             ,49.46271451270163
2024-07-12 ,1.0002             ,49.47260705560417
2024-07-13 ,1.0002             ,49.48250157701529
2024-07-14 ,1.0002             ,49.49239807733069
2024-07-15 ,1.0002             ,49.502296556946156
2024-07-16 ,1.0002             ,49.512197016257545
2024-07-17 ,1.0002             ,49.52209945566079
2024-07-18 ,1.0002             ,49.53200387555192
2024-07-19 ,1.0002             ,49.54191027632703
2024-07-20 ,1.0002             ,49.551818658382295
2024-07-21 ,1.0002             ,49.56172902211397
2024-07-22 ,1.0002             ,49.571641367918396
2024-07-23 ,1.0002             ,49.58155569619198
2024-07-24 ,1.0002             ,49.59147200733121
2024-07-25 ,1.0002             ,49.60139030173268
2024-07-26 ,1.0002             ,49.61131057979302
2024-07-27 ,0.9913661088807824 ,49.1829719259654
2024-07-28 ,1.0002             ,49.19280852035059
2024-07-29 ,1.0002             ,49.20264708205466
2024-07-30 ,1.0002             ,49.21248761147107
2024-07-31 ,1.0002             ,49.22233010899336
2024-08-01 ,1.0002             ,49.23217457501516
2024-08-02 ,0.9326629733933487 ,45.91702632575406
2024-08-03 ,1.0002             ,45.926209731019206
2024-08-04 ,0.9253589106631533 ,42.49822740758344
2024-08-05 ,0.8999186418358388 ,38.24494708906311
2024-08-06 ,1.0002             ,38.25259607848092
2024-08-07 ,1.0002             ,38.260246597696614
2024-08-08 ,1.0002             ,38.26789864701615
2024-08-09 ,1.0002             ,38.27555222674555
2024-08-10 ,1.0002             ,38.2832073371909
2024-08-11 ,1.0002             ,38.29086397865834
2024-08-12 ,1.0002             ,38.298522151454065
2024-08-13 ,0.9924268378878023 ,38.00848123454351
2024-08-14 ,1.0002             ,38.01608293079042
2024-08-15 ,1.0002             ,38.02368614737657
2024-08-16 ,1.0002             ,38.031290884606044
2024-08-17 ,1.0002             ,38.038897142782965
2024-08-18 ,1.0002             ,38.04650492221152
2024-08-19 ,1.0002             ,38.05411422319596
2024-08-20 ,1.0002             ,38.0617250460406
2024-08-21 ,1.0226522170882857 ,38.92390750453815
2024-08-22 ,1.0002             ,38.93169228603906
2024-08-23 ,1.0539594119736428 ,41.03242350893253
2024-08-24 ,1.0002             ,41.04062999363432
2024-08-25 ,1.0002             ,41.04883811963305
2024-08-26 ,1.0002             ,41.05704788725697
2024-08-27 ,1.0002             ,41.06525929683442
2024-08-28 ,1.0002             ,41.073472348693784
2024-08-29 ,1.0002             ,41.08168704316352
2024-08-30 ,1.0002             ,41.08990338057215
2024-08-31 ,1.0002             ,41.09812136124827
2024-09-01 ,1.0002             ,41.10634098552052
2024-09-02 ,1.0002             ,41.11456225371762
2024-09-03 ,1.0002             ,41.12278516616836
2024-09-04 ,1.01563362633499   ,41.765683423310314
2024-09-05 ,1.0002             ,41.774036559994975
2024-09-06 ,1.0002             ,41.78239136730697
2024-09-07 ,1.0328992292487928 ,43.156999839462785
2024-09-08 ,1.0002             ,43.165631239430674
2024-09-09 ,1.008595902392443  ,43.536678792273
2024-09-10 ,1.0002             ,43.54538612803145
2024-09-11 ,1.0002             ,43.554095205257056
2024-09-12 ,1.0002             ,43.562806024298105
2024-09-13 ,1.0002             ,43.571518585502965
2024-09-14 ,1.0002             ,43.58023288922006
2024-09-15 ,1.0002             ,43.58894893579791
2024-09-16 ,0.9997401629108079 ,43.57762291018549
2024-09-17 ,1.0002             ,43.58633843476753
2024-09-18 ,1.0002             ,43.59505570245448
2024-09-19 ,1.0002             ,43.60377471359497
2024-09-20 ,1.0002             ,43.61249546853769
2024-09-21 ,1.0033315217112428 ,43.7577914440726
2024-09-22 ,1.0002             ,43.766543002361416
2024-09-23 ,1.0002             ,43.775296310961885
2024-09-24 ,1.0002             ,43.78405137022408
2024-09-25 ,1.0002             ,43.79280818049812
2024-09-26 ,1.0002             ,43.80156674213422
2024-09-27 ,1.0139728624482447 ,44.41360000923967
2024-09-28 ,1.020693442398815  ,45.33267028275488
2024-09-29 ,1.0002             ,45.341736816811434
2024-09-30 ,1.0002             ,45.350805164174794
2024-10-01 ,1.0002             ,45.359875325207625
2024-10-02 ,0.9662445369627625 ,43.828731730293875
2024-10-03 ,1.0002             ,43.83749747663993
2024-10-04 ,1.0002             ,43.84626497613526
2024-10-05 ,1.0002             ,43.85503422913049
2024-10-06 ,1.0002             ,43.863805235976315
2024-10-07 ,1.0002             ,43.87257799702351
2024-10-08 ,1.0002             ,43.88135251262292
2024-10-09 ,1.0002             ,43.89012878312544
2024-10-10 ,1.0002             ,43.89890680888207
2024-10-11 ,1.0196311381523608 ,44.76069231318485
2024-10-12 ,1.0002             ,44.76964445164749
2024-10-13 ,1.0002             ,44.778598380537815
2024-10-14 ,1.0002             ,44.787554100213924
2024-10-15 ,1.0002             ,44.796511611033964
2024-10-16 ,0.9942094119562368 ,44.53711346649681
2024-10-17 ,1.0002             ,44.54602088919011
2024-10-18 ,1.0002             ,44.55493009336795
2024-10-19 ,0.9991779738557093 ,44.51830477597416
2024-10-20 ,1.0002             ,44.52720843692935
