,profit,cumulative_profit
2021-04-17,0.9782428391141241,0.9782428391141241
2021-04-18,0.9592885572660961,0.9384171617896778
2021-04-19,1.0002,0.9386048452220357
2021-04-20,1.0225719129177626,0.9597909520525776
2021-04-21,1.0002,0.9599829102429881
2021-04-22,1.032577222377832,0.9912564869888922
2021-04-23,0.9958495965807423,0.9871423726759322
2021-04-24,0.9758542494252541,0.9633070791635363
2021-04-25,1.1596788014264907,1.1171267989700233
2021-04-26,1.1535246536162067,1.288633303827278
2021-04-27,1.0508415136455007,1.3541493715278592
2021-04-28,1.0006710126186673,1.3550580228437148
2021-04-29,0.9699200428445518,1.3142979355734294
2021-04-30,1.059285060031029,1.3922161675825577
2021-05-01,1.0454537424216885,1.4554976026591657
2021-05-02,0.9544713753436137,1.3892307986194266
2021-05-03,1.0053487869789104,1.3966614982257834
2021-05-04,0.9845043462935117,1.3750193153040915
2021-05-05,1.0795520865761623,1.484404970919058
2021-05-06,1.0180926041006964,1.5112617223830023
2021-05-07,0.9768610010159589,1.4762926389241617
2021-05-08,1.0145044161435295,1.497705401708747
2021-05-09,0.9912342782652432,1.484576932916726
2021-05-10,0.9435635935114636,1.400792745667133
2021-05-11,1.0510881072112794,1.472356595638558
2021-05-12,0.9198484532907973,1.3543449371906315
2021-05-13,0.9702866433934294,1.3141028031035829
2021-05-14,1.0312715047280552,1.355196775123987
2021-05-15,0.8915178916431963,1.2081821717201957
2021-05-16,0.992902365870662,1.1996069367037367
2021-05-17,1.0002,1.1998468580910775
2021-05-18,1.0702935413213182,1.2841883427895564
2021-05-19,0.6931113559009555,0.8900855235030705
2021-05-20,1.1632080482736895,1.0353546445906718
2021-05-21,0.8732339413852935,0.9041068170274822
2021-05-22,0.9654726017400723,0.8728903608864588
2021-05-23,0.8857351899621146,0.7731497096158664
2021-05-24,1.0002,0.7733043395577895
2021-05-25,1.0069532575037177,0.7786813237594772
2021-05-26,1.0002,0.778837060024229
2021-05-27,0.9274954458221805,0.7223678262100086
2021-05-28,0.8879675593053865,0.6414391955604389
2021-05-29,0.926526095894845,0.5943101536165435
2021-05-30,1.0593814646652382,0.6296011610037165
2021-05-31,1.0683778603400875,0.6726519412607856
2021-06-01,1.0002,0.6727864716490378
2021-06-02,1.0002,0.6729210289433676
2021-06-03,1.0002,0.6730556131491563
2021-06-04,1.0002,0.6731902242717861
2021-06-05,0.940212988616764,0.6329421926701656
2021-06-06,1.0002,0.6330687811086996
2021-06-07,1.0002,0.6331953948649213
2021-06-08,1.0002,0.6333220339438942
2021-06-09,1.0218780528589737,0.6471778868792715
2021-06-10,0.9563778935223932,0.6189466241878714
2021-06-11,1.0002,0.619070413512709
2021-06-12,1.029559939498252,0.6373700974813025
2021-06-13,1.0571930616320004,0.6738232447489447
2021-06-14,1.0002,0.6739580093978945
2021-06-15,1.0002,0.6740928009997741
2021-06-16,1.0002,0.674227619559974
2021-06-17,1.0002,0.674362465083886
2021-06-18,0.9398405849372651,0.6337932136441754
2021-06-19,0.9601926375593303,0.6085635774762049
2021-06-20,1.0002,0.6086852901917001
2021-06-21,1.0002,0.6088070272497385
2021-06-22,0.9599295252352711,0.5844118406277382
2021-06-23,1.116521793238944,0.6525085562877542
2021-06-24,1.0002,0.6526390579990117
2021-06-25,1.0002,0.6527695858106115
2021-06-26,1.0002,0.6529001397277736
2021-06-27,1.0002,0.6530307197557191
2021-06-28,1.0002,0.6531613258996702
2021-06-29,1.0002,0.6532919581648502
2021-06-30,1.0002,0.6534226165564831
2021-07-01,1.0002,0.6535533010797945
2021-07-02,1.0002,0.6536840117400105
2021-07-03,1.009097994483965,0.6596312252730773
2021-07-04,1.0427449711895351,0.6878271429930927
2021-07-05,1.0002,0.6879647084216912
2021-07-06,1.0002,0.6881023013633756
2021-07-07,1.0002,0.6882399218236482
2021-07-08,1.0002,0.6883775698080129
2021-07-09,1.0002,0.6885152453219745
2021-07-10,1.0002,0.6886529483710389
2021-07-11,1.0002,0.688790678960713
2021-07-12,1.0002,0.6889284370965051
2021-07-13,1.0002,0.6890662227839244
2021-07-14,1.0002,0.6892040360284811
2021-07-15,1.0002,0.6893418768356868
2021-07-16,1.0002,0.6894797452110539
2021-07-17,1.0002,0.6896176411600962
2021-07-18,1.0002,0.6897555646883282
2021-07-19,1.0002,0.6898935158012659
2021-07-20,1.0002,0.6900314945044261
2021-07-21,1.0002,0.690169500803327
2021-07-22,1.0002,0.6903075347034876
2021-07-23,1.049217627407327,0.7242828337429943
2021-07-24,1.0002,0.7244276903097429
2021-07-25,1.0002,0.7245725758478048
2021-07-26,1.0002,0.7247174903629743
2021-07-27,1.0571655821513173,0.7661463875948153
2021-07-28,1.0124728858905374,0.7757024440627329
2021-07-29,1.013859657943714,0.7864534146035453
2021-07-30,1.0551636590327194,0.8298370626118532
2021-07-31,0.9864891160678133,0.8186252303762777
2021-08-01,1.012404513131784,0.8287798777964899
2021-08-02,0.9776246590202932,0.8102356454336737
2021-08-03,0.9626847129163951,0.7800014697189462
2021-08-04,1.0002,0.78015747001289
2021-08-05,1.0283067750306745,0.8022412120050451
2021-08-06,1.052060049674085,0.8440059293526259
2021-08-07,1.0094623450395528,0.8519922046715889
2021-08-08,1.0002,0.8521626031125231
2021-08-09,1.0002,0.8523330356331456
2021-08-10,0.984965348702812,0.8395185056533275
2021-08-11,1.0002,0.8396864093544582
2021-08-12,1.000676183423972,0.8402541913857982
2021-08-13,1.0002,0.8404222422240752
2021-08-14,1.024973279073071,0.8614103414183532
2021-08-15,1.0042609190873841,0.8650807411841727
2021-08-16,0.9591991243082223,0.8297846893997664
2021-08-17,0.9296854354026999,0.7714387402551158
2021-08-18,1.0559552132775945,0.8146047594966896
2021-08-19,0.9988885625534719,0.813699377262865
2021-08-20,1.0605767886203878,0.8629906724398588
2021-08-21,1.0002,0.8631632705743468
2021-08-22,0.9913174967466082,0.8556688526693768
2021-08-23,1.064405048304633,0.9107782464583178
2021-08-24,1.0002,0.9109604021076095
2021-08-25,1.025845424743362,0.9345045606244645
2021-08-26,1.0002,0.9346914615365894
2021-08-27,1.0655812452578952,0.9959896915160811
2021-08-28,0.9808315881684352,0.9768981509291076
2021-08-29,0.9939113936367369,0.9709502026311007
2021-08-30,1.0399405102535964,1.0097304491550196
2021-08-31,1.0002,1.0099323952448507
2021-09-01,1.0890383099858978,1.099855068917462
2021-09-02,1.084871601645585,1.1932015301945023
2021-09-03,1.0776994417975616,1.2859126230426114
2021-09-04,0.963171289537628,1.2385541193686658
2021-09-05,1.0270577882324081,1.27206665444492
2021-09-06,1.070793030247975,1.3621201075904794
2021-09-07,0.8113641816881129,1.1051754664560736
2021-09-08,1.0915483825081627,1.2063524927978313
2021-09-09,1.0130085508825444,1.2220453905826762
2021-09-10,0.9610894975775922,1.1744949904521167
2021-09-11,1.0599165572929428,1.2448666868378153
2021-09-12,1.0002,1.245115660175183
2021-09-13,0.9704795546864722,1.2083592914199643
2021-09-14,1.0538313705705131,1.273406928218715
2021-09-15,0.9754240321845256,1.2421117205348098
2021-09-16,0.98311658759739,1.221140636106905
2021-09-17,1.0002,1.2213848642341263
2021-09-18,1.0888369956400066,1.3298890260928633
2021-09-19,0.9110870956557542,1.2116447303274063
2021-09-20,0.8288735955252485,1.0043003241256974
2021-09-21,1.0002,1.0045011841905225
2021-09-22,1.131116967037695,1.136208332847357
2021-09-23,1.06150320567606,1.2060887876333213
2021-09-24,0.9584093839404573,1.1559268119331445
2021-09-25,0.9776187572290713,1.130055733329843
2021-09-26,1.0061147862356923,1.1369657825735735
2021-09-27,1.0002,1.1371931757300882
2021-09-28,0.9635797040278785,1.0957762636925217
2021-09-29,1.0346205417351129,1.1337126315620347
2021-09-30,1.0468266072459143,1.186800547689922
2021-10-01,1.0670421505077854,1.2663662086308718
2021-10-02,1.0344755147207758,1.3100248354984185
2021-10-03,1.0209481280478452,1.3374674034982967
2021-10-04,1.0097457480620697,1.3505020238540217
2021-10-05,1.0002,1.3507721242587925
2021-10-06,1.0284108101540728,1.3891486546425227
2021-10-07,1.0174092070064638,1.413332631133945
2021-10-08,1.0030798609691804,1.4176854991410435
2021-10-09,0.9881612799543423,1.4009019174039241
2021-10-10,0.9851545912412252,1.3801049558091114
2021-10-11,1.0117758072367184,1.3963568057351594
2021-10-12,1.0002,1.3966360770963064
2021-10-13,1.0002,1.3969154043117256
2021-10-14,1.0100101179633618,1.4108986922937232
2021-10-15,1.0836380584075544,1.5289035195269278
2021-10-16,0.9664541106105883,1.4776150911737953
2021-10-17,1.0131782875492479,1.4970875277323916
2021-10-18,0.9973168965650598,1.4930706870443267
2021-10-19,1.0268116534731826,1.5331023809163258
2021-10-20,1.0265732441935742,1.5738418848581652
2021-10-21,1.0002,1.5741566532351368
2021-10-22,1.0002,1.5744714845657837
2021-10-23,1.0002,1.5747863788626968
2021-10-24,1.0101201865135547,1.5907235107357927
2021-10-25,1.0352005242756397,1.6467178122912787
2021-10-26,1.008320977884797,1.6604201147898556
2021-10-27,0.9690215190673053,1.6089828219235753
2021-10-28,1.0415280073998094,1.6758006724585839
2021-10-29,1.026442839730265,1.7201136010602764
2021-10-30,0.9927393549609357,1.7076244667761111
2021-10-31,0.9933937648071614,1.6963434979275425
2021-11-01,1.1353405527213734,1.925927564542364
2021-11-02,1.0394330556543505,2.0018727733812107
2021-11-03,1.0697632340706023,2.14152989225017
2021-11-04,0.9849466425486968,2.1092926772894773
2021-11-05,1.0002,2.1097145358249354
2021-11-06,1.030909768989667,2.1749253247614266
2021-11-07,0.9681975060550153,2.1057572752899074
2021-11-08,1.0284160411501089,2.1655945606766864
2021-11-09,0.9657029200035244,2.091320990789226
2021-11-10,0.9749931213879455,2.0390235806337182
2021-11-11,1.0168185438207493,2.0733169880761477
2021-11-12,0.9601856615690556,1.9907692438382576
2021-11-13,1.0430438122398225,2.076459541382845
2021-11-14,0.9932020744162089,2.0623439239427714
2021-11-15,0.985167022251058,2.0317532224082626
2021-11-16,0.9360252718627118,1.9017723623626348
2021-11-17,1.017485682940234,1.9350261509154074
2021-11-18,1.0002,1.9354131561455905
2021-11-19,1.0457664323060178,2.023990111340504
2021-11-20,1.0002,2.0243949093627718
2021-11-21,1.0002,2.0247997883446445
2021-11-22,0.9339694838275013,1.8911012131742815
2021-11-23,1.0338035187875168,1.955027088562914
2021-11-24,0.9778118760415221,1.9116487051796978
2021-11-25,1.0002,1.9120310349207337
2021-11-26,1.0002,1.9124134411277178
2021-11-27,1.0070137676392577,1.9258266646339808
2021-11-28,1.0201603208822638,1.9646519481566218
2021-11-29,1.0002,1.965044878546253
2021-11-30,1.0002,1.9654378875219622
2021-12-01,0.9920648800079752,1.9498419020476037
2021-12-02,1.018004139471704,1.9849471275998416
2021-12-03,1.0002,1.9853441170253616
2021-12-04,0.9116522239609617,1.8099433796139828
2021-12-05,0.970112565258794,1.755848814970492
2021-12-06,1.0002,1.7561999847334862
2021-12-07,1.0031468518277489,1.7617264858653372
2021-12-08,1.0002,1.7620788311625102
2021-12-09,1.0002,1.7624312469287426
2021-12-10,0.9255364107838635,1.6311942905357575
2021-12-11,1.062524101213865,1.733183247456694
2021-12-12,1.0002,1.7335298841061852
2021-12-13,1.0002,1.7338765900830064
2021-12-14,1.0100672603181848,1.7513319770749787
2021-12-15,1.0002,1.7516822434703936
2021-12-16,1.0002,1.7520325799190877
2021-12-17,0.9475416111666691,1.6601237735930283
2021-12-18,1.0670240135164528,1.771391931833312
2021-12-19,1.0002,1.7717462102196786
2021-12-20,1.0002,1.7721005594617225
2021-12-21,1.0002,1.7724549795736149
2021-12-22,1.0002,1.7728094705695296
2021-12-23,1.0002,1.7731640324636435
2021-12-24,1.0002,1.7735186652701362
2021-12-25,1.0002,1.7738733690031903
2021-12-26,1.086480441813673,1.927278721676095
2021-12-27,1.0002,1.9276641774204302
2021-12-28,1.0002,1.9280497102559142
2021-12-29,1.0002,1.9284353201979654
2021-12-30,1.0002,1.928821007262005
2021-12-31,1.0002,1.9292067714634573
2022-01-01,1.0002,1.92959261281775
2022-01-02,1.0002,1.9299785313403135
2022-01-03,1.0002,1.9303645270465815
2022-01-04,0.9557726847810821,1.844989686621475
2022-01-05,0.9307379139310427,1.7172018521503598
2022-01-06,0.9907132496488991,1.7012546272469913
2022-01-07,1.0002,1.7015948781724406
2022-01-08,0.9812313082278914,1.6696581683830234
2022-01-09,1.0002,1.6699921000167
2022-01-10,1.0116517164228838,1.6894503743945506
2022-01-11,1.0002,1.6897882644694295
2022-01-12,1.0002,1.6901262221223234
2022-01-13,1.0002,1.690464247366748
2022-01-14,1.0002,1.6908023402162213
2022-01-15,1.0002,1.6911405006842646
2022-01-16,0.9978700357161163,1.6875384318187778
2022-01-17,1.0002,1.6878759395051415
2022-01-18,1.0002,1.6882135146930424
2022-01-19,0.9413191269233299,1.5891476717110207
2022-01-20,0.9326407513786926,1.4821038785962664
2022-01-21,1.0002,1.4824002993719856
2022-01-22,0.9604804767238028,1.4238165462363126
2022-01-23,1.0002,1.42410130954556
2022-01-24,0.9580214922519554,1.3643196616888011
2022-01-25,1.0002,1.3645925256211389
2022-01-26,1.0002,1.364865444126263
2022-01-27,1.0002,1.3651384172150882
2022-01-28,1.0002,1.3654114448985313
2022-01-29,1.0002,1.3656845271875109
2022-01-30,1.0002,1.3659576640929483
2022-01-31,1.0002,1.3662308556257667
2022-02-01,1.0002,1.366504101796892
2022-02-02,1.0002,1.3667774026172512
2022-02-03,1.0002,1.3670507580977747
2022-02-04,1.0002,1.3673241682493942
2022-02-05,1.0150511351841576,1.3879039491462817
2022-02-06,1.0002,1.3881815299361109
2022-02-07,1.0002,1.388459166242098
2022-02-08,1.0060151649745683,1.3968109771874957
2022-02-09,1.0463520911867572,1.461556086972754
2022-02-10,1.0002,1.4618483981901484
2022-02-11,1.0002,1.4621407678697864
2022-02-12,1.0002,1.4624331960233603
2022-02-13,1.0002,1.462725682662565
2022-02-14,1.0002,1.4630182277990975
2022-02-15,1.0002,1.4633108314446572
2022-02-16,1.0002,1.463603493610946
2022-02-17,1.0002,1.4638962143096683
2022-02-18,1.0002,1.4641889935525303
2022-02-19,1.0002,1.4644818313512407
2022-02-20,1.0002,1.464774727717511
2022-02-21,1.0002,1.4650676826630544
2022-02-22,1.0002,1.465360696199587
2022-02-23,1.0002,1.4656537683388269
2022-02-24,1.0002,1.4659468990924946
2022-02-25,1.080667174018233,1.5842006927030778
2022-02-26,1.0002,1.5845175328416183
2022-02-27,0.9699555324601182,1.5369115472597847
2022-02-28,1.0002,1.5372189295692367
2022-03-01,0.99108996051803,1.5235222482143431
2022-03-02,0.9753092437070551,1.4859053316768032
2022-03-03,1.0002,1.4862025127431384
2022-03-04,1.0002,1.486499753245687
2022-03-05,1.0002,1.4867970531963361
2022-03-06,1.0002,1.4870944126069754
2022-03-07,1.0002,1.4873918314894967
2022-03-08,1.0002,1.4876893098557946
2022-03-09,1.0002,1.4879868477177658
2022-03-10,1.0002,1.4882844450873094
2022-03-11,1.0002,1.4885821019763268
2022-03-12,1.0002,1.488879818396722
2022-03-13,1.0002,1.4891775943604013
2022-03-14,1.0002,1.4894754298792734
2022-03-15,1.0002,1.4897733249652492
2022-03-16,1.0002,1.4900712796302422
2022-03-17,0.981492480275566,1.4624937560316729
2022-03-18,1.0002,1.4627862547828792
2022-03-19,1.0002,1.4630788120338356
2022-03-20,0.9776356818813073,1.430358052048792
2022-03-21,1.0002,1.4306441236592018
2022-03-22,1.0002,1.4309302524839336
2022-03-23,1.0002,1.4312164385344304
2022-03-24,1.0002,1.4315026818221372
2022-03-25,1.0002,1.4317889823585017
2022-03-26,1.0478855458750294,1.5003509793565915
2022-03-27,1.0452903140090908,1.5683023463354984
2022-03-28,1.0002,1.5686160068047654
2022-03-29,1.0241711406480758,1.6065312449280664
2022-03-30,0.9951879940149222,1.598800606962258
2022-03-31,1.0002,1.5991203670836505
2022-04-01,1.0002,1.5994401911570673
2022-04-02,0.9792530076904088,1.5662566178114805
2022-04-03,1.0002,1.5665698691350427
2022-04-04,0.9686178061104007,1.5174074697602427
2022-04-05,1.0002,1.5177109512541946
2022-04-06,1.0002,1.5180144934444455
2022-04-07,1.0518942429570888,1.5967907063796336
2022-04-08,1.0002,1.5971100645209095
2022-04-09,1.019788018019653,1.6287137072570186
2022-04-10,1.0002,1.62903944999847
2022-04-11,1.0002,1.6293652578884696
2022-04-12,1.0394599551623347,1.6936599379078145
2022-04-13,1.0209152139706388,1.7290831979026553
2022-04-14,0.959664770961357,1.6593402310883825
2022-04-15,1.0002,1.6596720991346001
2022-04-16,1.0002,1.660004033554427
2022-04-17,1.0002,1.660336034361138
2022-04-18,1.0002,1.6606681015680103
2022-04-19,1.0002,1.6610002351883237
2022-04-20,0.9714076306593455,1.6135083029889052
2022-04-21,1.0002,1.613831004649503
2022-04-22,0.9354341465735783,1.5096326285482882
2022-04-23,1.0002,1.5099345550739978
2022-04-24,1.0002,1.5102365419850126
2022-04-25,1.0002,1.5105385892934096
2022-04-26,1.0002,1.5108406970112682
2022-04-27,1.021598607852837,1.5434727527541214
2022-04-28,1.0002,1.5437814473046723
2022-04-29,1.0002,1.544090203594133
2022-04-30,1.0002,1.5443990216348518
2022-05-01,1.053785030050125,1.627464569422866
2022-05-02,1.0002,1.6277900623367505
2022-05-03,1.0002,1.6281156203492178
2022-05-04,1.0002,1.6284412434732876
2022-05-05,0.8647134928982201,1.4081351156233073
2022-05-06,0.990258718667184,1.3944180753074031
2022-05-07,1.0002,1.3946969589224645
2022-05-08,1.050807331811165,1.465557790090461
2022-05-09,1.0002,1.465850901648479
2022-05-10,1.053603850496196,1.5444261542301583
2022-05-11,1.0002,1.5447350394610042
2022-05-12,1.0002,1.5450439864688963
2022-05-13,1.0277001323508201,1.5878419093819234
2022-05-14,1.076845510564415,1.709860431603953
2022-05-15,0.9981652850889612,1.706723325174294
2022-05-16,1.0002,1.7070646698393288
2022-05-17,1.0002,1.7074060827732966
2022-05-18,1.0002,1.7077475639898512
2022-05-19,1.0002,1.708089113502649
2022-05-20,1.0002,1.7084307313253495
2022-05-21,1.0002,1.7087724174716146
2022-05-22,1.0002,1.7091141719551088
2022-05-23,1.0002,1.7094559947894998
2022-05-24,1.0002,1.7097978859884577
2022-05-25,1.0002,1.7101398455656553
2022-05-26,0.9728931396754394,1.6637833236364417
2022-05-27,0.979182877564112,1.6291481424815133
2022-05-28,1.0002,1.6294739721100095
2022-05-29,1.0002,1.6297998669044316
2022-05-30,1.0002,1.6301258268778125
2022-05-31,1.0002,1.630451852043188
2022-06-01,1.0002,1.6307779424135966
2022-06-02,1.0002,1.6311040980020792
2022-06-03,1.0002,1.6314303188216797
2022-06-04,1.0002,1.631756604885444
2022-06-05,1.0002,1.632082956206421
2022-06-06,1.0002,1.6324093727976623
2022-06-07,1.0002,1.6327358546722217
2022-06-08,1.0002,1.633062401843156
2022-06-09,1.0126261060474218,1.653681620910885
2022-06-10,1.0002,1.6540123572350673
2022-06-11,1.0002,1.6543431597065144
2022-06-12,1.0002,1.6546740283384556
2022-06-13,0.9292151883262317,1.5375482388610424
2022-06-14,1.0002,1.5378557485088147
2022-06-15,1.0002,1.5381633196585165
2022-06-16,1.0002,1.5384709523224482
2022-06-17,1.0002,1.5387786465129127
2022-06-18,1.0002,1.5390864022422153
2022-06-19,1.0002,1.5393942195226638
2022-06-20,1.0002,1.5397020983665684
2022-06-21,1.0002,1.5400100387862417
2022-06-22,1.0002,1.540318040793999
2022-06-23,1.1188256912243009,1.7233473966966066
2022-06-24,1.0002,1.7236920661759458
2022-06-25,1.0002,1.724036804589181
2022-06-26,1.0002,1.7243816119500988
2022-06-27,1.0002,1.7247264882724886
2022-06-28,1.0002,1.7250714335701431
2022-06-29,1.0002,1.7254164478568572
2022-06-30,1.0002,1.7257615311464285
2022-07-01,1.0002,1.7261066834526577
2022-07-02,1.0002,1.7264519047893483
2022-07-03,1.0002,1.726797195170306
2022-07-04,1.0002,1.7271425546093402
2022-07-05,1.0002,1.727487983120262
2022-07-06,1.0002,1.727833480716886
2022-07-07,1.0002,1.7281790474130294
2022-07-08,1.0002,1.728524683222512
2022-07-09,0.9942615425681554,1.718605617907947
2022-07-10,0.9639234292701901,1.6566042207768423
2022-07-11,1.0002,1.6569355416209977
2022-07-12,1.0002,1.6572669287293218
2022-07-13,1.0002,1.6575983821150677
2022-07-14,1.0002,1.6579299017914908
2022-07-15,1.0002,1.6582614877718491
2022-07-16,1.0002,1.6585931400694034
2022-07-17,0.9763726177232017,1.6194049259073084
2022-07-18,1.0002,1.6197288068924898
2022-07-19,1.0280486838454408,1.6651600681123702
2022-07-20,0.937563899593872,1.5611939669074313
2022-07-21,0.9970485227103353,1.5565861383693425
2022-07-22,1.0002,1.5568974555970163
2022-07-23,1.0002,1.5572088350881357
2022-07-24,1.0002,1.5575202768551533
2022-07-25,0.9038407223775707,1.4077502521504757
2022-07-26,0.9994279045657767,1.4069448846586936
2022-07-27,1.0002,1.4072262736356254
2022-07-28,1.0259792737104785,1.443784990170982
2022-07-29,1.0002,1.4440737471690162
2022-07-30,1.0002,1.44436256191845
2022-07-31,1.053173778076882,1.5211647762484581
2022-08-01,1.0002,1.5214690092037078
2022-08-02,0.968861634914158,1.4740929517283283
2022-08-03,1.0086452856176866,1.4868369063230384
2022-08-04,1.0002,1.487134273704303
2022-08-05,1.0002,1.4874317005590438
2022-08-06,1.0002,1.4877291868991556
2022-08-07,1.0002,1.4880267327365353
2022-08-08,1.0718255655383746,1.5949050943515568
2022-08-09,0.9608860184131398,1.5325220058583005
2022-08-10,1.0002,1.532828510259472
2022-08-11,1.0002,1.5331350759615239
2022-08-12,1.0409992902876632,1.595992525991069
2022-08-13,1.035333335170574,1.6523842648416425
2022-08-14,0.9773030242143372,1.6148801391939216
2022-08-15,1.0002,1.6152031152217603
2022-08-16,0.9780821000254816,1.5798012549037992
2022-08-17,1.0002,1.58011721515478
2022-08-18,1.0072487993780772,1.591571167841283
2022-08-19,1.0002,1.5918894820748513
2022-08-20,0.9996739785304889,1.5913704919266058
2022-08-21,1.0266206684767283,1.633733838215832
2022-08-22,0.9926156816546687,1.6216698274629062
2022-08-23,1.024542239900222,1.6614692374074524
2022-08-24,1.0002,1.661801531254934
2022-08-25,1.0002,1.662133891561185
2022-08-26,1.0002,1.6624663183394972
2022-08-27,1.0002,1.6627988116031651
2022-08-28,1.0002,1.6631313713654856
2022-08-29,1.0681531679428402,1.7764790430291637
2022-08-30,1.0002,1.7768343388377694
2022-08-31,1.0002,1.777189705705537
2022-09-01,1.0002,1.777545143646678
2022-09-02,1.0002,1.7779006526754073
2022-09-03,1.0002,1.7782562328059424
2022-09-04,1.0002,1.7786118840525036
2022-09-05,0.9919849818068895,1.7643562774433403
2022-09-06,1.0002,1.7647091486988289
2022-09-07,1.0002,1.7650620905285686
2022-09-08,1.0002,1.7654151029466743
2022-09-09,1.0337171870353177,1.824939934167702
2022-09-10,1.002336925504023,1.8292046828431687
2022-09-11,0.9920178961887981,1.814603781172778
2022-09-12,0.966613322259907,1.7540201895048082
2022-09-13,1.0002,1.7543709935427092
2022-09-14,1.0002,1.7547218677414178
2022-09-15,1.0002,1.7550728121149661
2022-09-16,0.9841240921740639,1.7272094379220224
2022-09-17,1.0002,1.7275548798096068
2022-09-18,0.9085692012019775,1.5696031571811926
2022-09-19,1.0002,1.5699170778126288
2022-09-20,0.9613602641630312,1.509255896640003
2022-09-21,1.0002,1.509557747819331
2022-09-22,1.0608139793462104,1.6013599615171275
2022-09-23,1.0002,1.601680233509431
2022-09-24,0.9713680451071337,1.5558209973107933
2022-09-25,1.0002,1.5561321615102555
2022-09-26,1.0002,1.5564433879425574
2022-09-27,1.0002,1.5567546766201459
2022-09-28,1.0002,1.55706602755547
2022-09-29,1.0002,1.557377440760981
2022-09-30,1.0002,1.5576889162491332
2022-10-01,1.0002,1.558000454032383
2022-10-02,1.0002,1.5583120541231896
2022-10-03,1.0199073696625987,1.5893339482343034
2022-10-04,1.0002,1.5896518150239503
2022-10-05,1.0002,1.589969745386955
2022-10-06,1.0002,1.5902877393360324
2022-10-07,1.0002,1.5906057968838996
2022-10-08,1.0002,1.5909239180432764
2022-10-09,1.0002,1.591242102826885
2022-10-10,1.0002,1.5915603512474503
2022-10-11,1.0002,1.5918786633176998
2022-10-12,1.0002,1.5921970390503632
2022-10-13,1.0002,1.5925154784581732
2022-10-14,1.0002,1.5928339815538648
2022-10-15,1.0002,1.5931525483501756
2022-10-16,1.0418106045998983,1.659763219616565
2022-10-17,1.0002,1.6600951722604884
2022-10-18,1.0002,1.6604271912949404
2022-10-19,1.0002,1.6607592767331993
2022-10-20,1.0002,1.6610914285885459
2022-10-21,1.0002,1.6614236468742636
2022-10-22,1.0002,1.6617559316036383
2022-10-23,1.0002,1.662088282789959
2022-10-24,0.9743942698960959,1.6195292988119778
2022-10-25,1.0002,1.6198532046717402
2022-10-26,1.0002,1.6201771753126746
2022-10-27,0.9665144463839341,1.565924645641216
2022-10-28,1.0002,1.5662378305703442
2022-10-29,1.0002,1.5665510781364582
2022-10-30,1.0002,1.5668643883520854
2022-10-31,1.0002,1.5671777612297557
2022-11-01,1.0002,1.5674911967820016
2022-11-02,1.0002,1.567804695021358
2022-11-03,1.0002,1.5681182559603621
2022-11-04,1.0002,1.5684318796115542
2022-11-05,1.0314601952850453,1.6177750528354242
2022-11-06,0.9770251415914206,1.5806069000595984
2022-11-07,1.0002,1.5809230214396102
2022-11-08,1.0002,1.581239206043898
2022-11-09,1.0002,1.5815554538851067
2022-11-10,1.160699317548048,1.8357103359888367
2022-11-11,0.9679319504777318,1.776842686025807
2022-11-12,0.9771007283244727,1.7361542826338285
2022-11-13,0.9603289581094201,1.6672792333589521
2022-11-14,1.0634711386268891,1.7731033447092117
2022-11-15,1.0247214386626193,1.8169370102879256
2022-11-16,1.0002,1.817300397689983
2022-11-17,1.0002,1.817663857769521
2022-11-18,1.0002,1.8180273905410749
2022-11-19,1.0002,1.818390996019183
2022-11-20,1.0002,1.8187546742183869
2022-11-21,1.0002,1.8191184251532304
2022-11-22,1.0002,1.819482248838261
2022-11-23,1.0002,1.8198461452880286
2022-11-24,1.0134422116800166,1.8443089023980526
2022-11-25,1.0002,1.8446777641785321
2022-11-26,1.0446296456601427,1.9270050791509643
2022-11-27,0.9824672869117083,1.8932194519785295
2022-11-28,0.9876744604996744,1.8698845008403835
2022-11-29,1.0255705136911855,1.917698408070058
2022-11-30,1.0002,1.918081947751672
2022-12-01,0.9616040905062766,1.844435446884254
2022-12-02,1.0002,1.8448043339736309
2022-12-03,1.0002,1.8451732948404256
2022-12-04,1.0002,1.8455423294993936
2022-12-05,1.0002,1.8459114379652934
2022-12-06,1.0002,1.8462806202528865
2022-12-07,1.0002,1.846649876376937
2022-12-08,1.0002,1.8470192063522124
2022-12-09,1.0002,1.8473886101934829
2022-12-10,1.0002,1.8477580879155215
2022-12-11,1.0002,1.8481276395331045
2022-12-12,1.0002,1.8484972650610112
2022-12-13,1.0002,1.8488669645140234
2022-12-14,0.9913985300599932,1.8329639908956845
2022-12-15,1.0002,1.8333305836938636
2022-12-16,1.0002,1.8336972498106023
2022-12-17,1.0002,1.8340639892605644
2022-12-18,1.0002,1.8344308020584164
2022-12-19,1.0002,1.834797688218828
2022-12-20,1.0002,1.8351646477564716
2022-12-21,1.0002,1.835531680686023
2022-12-22,1.0002,1.8358987870221601
2022-12-23,1.0002,1.8362659667795644
2022-12-24,1.0002,1.8366332199729203
2022-12-25,1.0002,1.8370005466169148
2022-12-26,1.0002,1.837367946726238
2022-12-27,1.0002,1.8377354203155833
2022-12-28,1.0002,1.8381029673996465
2022-12-29,1.0002,1.8384705879931265
2022-12-30,1.0002,1.838838282110725
2022-12-31,1.0002,1.8392060497671472
2023-01-01,1.011611470223129,1.860561936048217
2023-01-02,1.0002,1.8609340484354266
2023-01-03,1.0002,1.8613062352451137
2023-01-04,1.006261753510982,1.8729612760986722
2023-01-05,1.0002,1.8733358683538919
2023-01-06,1.0078453894622188,1.888032917834672
2023-01-07,0.9944054871592823,1.8774702934321483
2023-01-08,1.0002,1.8778457874908348
2023-01-09,1.0734155605743847,2.015708888651721
2023-01-10,0.9947317793131754,2.00508968938591
2023-01-11,1.0312720710972259,2.0677929967087008
2023-01-12,1.0093592817176795,2.087146053898742
2023-01-13,1.0002,2.087563483109522
2023-01-14,1.3260123154970005,2.768134887985041
2023-01-15,1.0011271614259052,2.77125502285248
2023-01-16,1.005266494551221,2.7858498223303765
2023-01-17,1.014771462900491,2.8270008996272686
2023-01-18,0.9776821323226321,2.7639082676255873
2023-01-19,1.0176999071298038,2.812829187277857
2023-01-20,1.0753257803565759,3.0247077408193146
2023-01-21,0.9826180800856728,2.9721325131041474
2023-01-22,1.0002,2.972726939606768
2023-01-23,1.0002,2.9733214849946896
2023-01-24,0.9571299550857344,2.845855059388416
2023-01-25,1.0002,2.846424230400294
2023-01-26,1.0002,2.846993515246374
2023-01-27,1.0002,2.847562913949423
2023-01-28,0.9777615400160061,2.784237500035654
2023-01-29,1.0608091078489172,2.9535444984523216
2023-01-30,0.9606930143223069,2.837449567153227
2023-01-31,1.0002,2.8380170570666574
2023-02-01,1.0348597404334132,2.9369495950216002
2023-02-02,0.9806650208646932,2.88016373588041
2023-02-03,1.0002,2.880739768627586
2023-02-04,0.9911112862059299,2.8551336973090597
2023-02-05,1.0002,2.8557047240485214
2023-02-06,0.9958055645254601,2.843726654849161
2023-02-07,1.0002,2.8442954001801306
2023-02-08,0.9830005761171218,2.7959440170243477
2023-02-09,0.9508629167524214,2.658559483104253
2023-02-10,1.0002,2.6590911950008738
2023-02-11,1.0164922914677073,2.702945702028042
2023-02-12,0.9839312279483378,2.659512683674133
2023-02-13,1.0002,2.660044586210868
2023-02-14,1.0500682814369016,2.79322844718798
2023-02-15,1.0610205759387594,2.9636728557639174
2023-02-16,0.9337554098179917,2.7673455620002945
2023-02-17,1.0002,2.7678990311126945
2023-02-18,0.9982756292170644,2.763126146893328
2023-02-19,1.0002,2.7636787721227067
2023-02-20,1.0002,2.764231507877131
2023-02-21,1.0002,2.7647843541787065
2023-02-22,1.0002,2.7653373110495423
2023-02-23,1.0002,2.7658903785117523
2023-02-24,1.0002,2.7664435565874546
2023-02-25,1.0002,2.766996845298772
2023-02-26,1.0288795795375836,2.846906550772821
2023-02-27,1.0002,2.8474759320829754
2023-02-28,1.0002,2.848045427269392
2023-03-01,1.0002,2.8486150363548455
2023-03-02,1.0002,2.8491847593621165
2023-03-03,1.0002,2.8497545963139888
2023-03-04,0.9995718708866701,2.848534533405461
2023-03-05,1.0002,2.8491042403121423
2023-03-06,1.0002,2.8496740611602047
2023-03-07,0.9811017605826158,2.7958202384908897
2023-03-08,1.0002,2.7963794025385877
2023-03-09,1.0002,2.7969386784190955
2023-03-10,0.9911740661235406,2.772253082586857
2023-03-11,1.0002,2.772807533203374
2023-03-12,1.0002,2.7733620947100146
2023-03-13,1.0002,2.7739167671289566
2023-03-14,1.0224904497541178,2.8363034028021756
2023-03-15,0.9712586860712743,2.7547843163051255
2023-03-16,1.0278717963717254,2.831565103817205
2023-03-17,1.0002,2.8321314168379685
2023-03-18,0.9536801487429604,2.700947510869645
2023-03-19,1.0396437353359038,2.8080231591467295
2023-03-20,0.9902157787327701,2.780548839234132
2023-03-21,1.0002,2.781104949001979
2023-03-22,0.9697683992074779,2.6970276944216436
2023-03-23,1.072726958287463,2.893174315053979
2023-03-24,0.9721127531722304,2.8124916488143055
2023-03-25,1.0002,2.813054147144068
2023-03-26,1.0002,2.813616757973497
2023-03-27,0.9694871186090412,2.727765203557838
2023-03-28,1.0334969593569923,2.8191370437168324
2023-03-29,1.0002,2.8197008711255758
2023-03-30,0.9897985370151009,2.7909357970603006
2023-03-31,1.0595677596069186,2.957185589697932
2023-04-01,1.0002,2.957777026815872
2023-04-02,1.0002,2.958368582221235
2023-04-03,0.9860604527996596,2.917130263733358
2023-04-04,1.0002,2.9177136897861047
2023-04-05,1.0002,2.9182972325240617
2023-04-06,1.0002,2.9188808919705664
2023-04-07,1.0002,2.9194646681489607
2023-04-08,1.0002,2.9200485610825906
2023-04-09,1.0002,2.920632570794807
2023-04-10,1.0002,2.921216697308966
2023-04-11,1.0196056244073841,2.9784889746889847
2023-04-12,1.0002,2.979084672483922
2023-04-13,1.026098387024422,3.056833977244931
2023-04-14,1.0002,3.0574453440403797
2023-04-15,1.0002,3.0580568331091875
2023-04-16,1.0002,3.0586684444758094
2023-04-17,0.9820074746706774,3.0036352750145787
2023-04-18,1.0002,3.0042360020695815
2023-04-19,1.0002,3.0048368492699953
2023-04-20,0.9677922924448136,2.9080579427776594
2023-04-21,1.0002,2.9086395543662147
2023-04-22,1.0202306023049343,2.967483084438999
2023-04-23,0.9940184053379405,2.949732803461367
2023-04-24,1.0002,2.950322750022059
2023-04-25,1.0286653113922541,3.034894670359093
2023-04-26,1.0002,3.035501649293165
2023-04-27,1.0002,3.0361087496230237
2023-04-28,1.0002,3.0367159713729484
2023-04-29,1.0002,3.0373233145672227
2023-04-30,1.0002,3.037930779230136
2023-05-01,1.0002,3.0385383653859823
2023-05-02,1.0002,3.0391460730590594
2023-05-03,1.0002,3.039753902273671
2023-05-04,1.0002,3.040361853054126
2023-05-05,1.0002,3.0409699254247364
2023-05-06,1.0002,3.0415781194098215
2023-05-07,1.0002,3.0421864350337033
2023-05-08,1.0002,3.04279487232071
2023-05-09,1.0002,3.0434034312951743
2023-05-10,1.0002,3.0440121119814334
2023-05-11,1.0002,3.0446209144038296
2023-05-12,1.0002,3.0452298385867103
2023-05-13,1.0002,3.0458388845544278
2023-05-14,1.0002,3.0464480523313386
2023-05-15,1.0002,3.0470573419418048
2023-05-16,1.0002,3.047666753410193
2023-05-17,1.0447631251693685,3.1840898417676162
2023-05-18,1.0002,3.18472665973597
2023-05-19,1.0002,3.185363605067917
2023-05-20,1.0002,3.1860006777889303
2023-05-21,1.0002,3.186637877924488
2023-05-22,1.0002,3.1872752055000726
2023-05-23,1.0002,3.1879126605411727
2023-05-24,1.0002,3.188550243073281
2023-05-25,1.0002,3.1891879531218956
2023-05-26,1.0002,3.18982579071252
2023-05-27,1.0002,3.1904637558706623
2023-05-28,1.0034204482260225,3.201376571964619
2023-05-29,1.0002,3.202016847279012
2023-05-30,1.0002,3.2026572506484676
2023-05-31,1.0002,3.203297782098597
2023-06-01,1.0002,3.2039384416550165
2023-06-02,1.0002,3.2045792293433473
2023-06-03,1.0002,3.205220145189216
2023-06-04,1.0002,3.2058611892182536
2023-06-05,1.0002,3.206502361456097
2023-06-06,1.058552286023967,3.3942504048605997
2023-06-07,1.0002,3.3949292549415717
2023-06-08,1.0002,3.39560824079256
2023-06-09,1.0002,3.3962873624407184
2023-06-10,1.0002,3.3969666199132065
2023-06-11,1.0002,3.397646013237189
2023-06-12,1.0002,3.3983255424398364
2023-06-13,1.0002,3.399005207548324
2023-06-14,1.0002,3.3996850085898336
2023-06-15,1.0002,3.4003649455915514
2023-06-16,1.0002,3.4010450185806698
2023-06-17,1.0002,3.401725227584386
2023-06-18,1.0002,3.4024055726299025
2023-06-19,1.0002,3.4030860537444285
2023-06-20,1.0002,3.4037666709551773
2023-06-21,1.0606113350098663,3.610073512943859
2023-06-22,1.0002,3.6107955276464474
2023-06-23,1.0002,3.6115176867519767
2023-06-24,1.0125476897190384,3.65683389010016
2023-06-25,0.9836717034798151,3.5971240220175433
2023-06-26,1.0002,3.5978434468219467
2023-06-27,1.0002,3.598563015511311
2023-06-28,1.0002,3.599282728114413
2023-06-29,1.0002,3.600002584660036
2023-06-30,1.0002,3.600722585176968
2023-07-01,0.9934260800705312,3.577051723213785
2023-07-02,1.0558758445801717,3.776922509355314
2023-07-03,1.0002,3.777677893857185
2023-07-04,1.0002,3.7784334294359563
2023-07-05,1.0002,3.7791891161218434
2023-07-06,1.0002,3.779944953945068
2023-07-07,1.0002,3.780700942935857
2023-07-08,1.0002,3.781457083124444
2023-07-09,1.0002,3.7822133745410684
2023-07-10,0.9984067744607519,3.7761874555978636
2023-07-11,1.0002,3.776942693088983
2023-07-12,1.0002,3.7776980816276007
2023-07-13,1.0002,3.778453621243926
2023-07-14,1.0002,3.7792093119681747
2023-07-15,1.0002,3.779965153830568
2023-07-16,0.964815731519664,3.646969845011879
2023-07-17,1.0002,3.6476992389808816
2023-07-18,0.9626924743765337,3.5116126061559036
2023-07-19,0.9953686798306142,3.495349203865944
2023-07-20,0.9772243411974202,3.4157403230028245
2023-07-21,1.0002,3.416423471067425
2023-07-22,1.0002,3.4171067557616386
2023-07-23,1.0031883065618616,3.428001539653615
2023-07-24,1.0002,3.428687139961546
2023-07-25,1.0002,3.429372877389538
2023-07-26,1.0473444057677108,3.5917344984254505
2023-07-27,1.0002,3.5924528453251354
2023-07-28,1.0002,3.5931713358942003
2023-07-29,1.0002,3.593889970161379
2023-07-30,0.9949311582703899,3.575673110708998
2023-07-31,1.0002,3.57638824533114
2023-08-01,1.0079125571284102,3.604686621635697
2023-08-02,1.0002,3.605407558960024
2023-08-03,1.0002,3.606128640471816
2023-08-04,0.9976973775511653,3.5978250877108797
2023-08-05,1.0002,3.598544652728422
2023-08-06,1.0002,3.5992643616589675
2023-08-07,1.0002,3.599984214531299
2023-08-08,1.0002,3.600704211374205
2023-08-09,1.0002,3.6014243522164797
2023-08-10,1.0002,3.602144637086923
2023-08-11,0.9988718176531203,3.598080761096454
2023-08-12,1.0002,3.598800377248673
2023-08-13,1.0002,3.599520137324123
2023-08-14,1.0002,3.6002400413515874
2023-08-15,1.0002,3.6009600893598575
2023-08-16,1.0002,3.6016802813777296
2023-08-17,1.0002,3.602400617434005
2023-08-18,1.0002,3.6031210975574917
2023-08-19,1.0002,3.603841721777003
2023-08-20,1.0002,3.6045624901213587
2023-08-21,1.0002,3.6052834026193827
2023-08-22,1.0002,3.6060044592999065
2023-08-23,1.0002,3.6067256601917665
2023-08-24,1.0002,3.607447005323805
2023-08-25,1.0002,3.6081684947248696
2023-08-26,1.0002,3.6088901284238144
2023-08-27,1.0002,3.609611906449499
2023-08-28,1.0002,3.610333828830789
2023-08-29,1.0002,3.611055895596555
2023-08-30,0.984533756746295,3.555206426712533
2023-08-31,1.0002,3.5559174679978756
2023-09-01,1.0002,3.556628651491475
2023-09-02,1.0002,3.557339977221773
2023-09-03,1.0002,3.558051445217217
2023-09-04,1.0002,3.5587630555062604
2023-09-05,1.0002,3.5594748081173617
2023-09-06,1.0002,3.560186703078985
2023-09-07,1.0002,3.5608987404196006
2023-09-08,1.0002,3.5616109201676847
2023-09-09,1.0002,3.562323242351718
2023-09-10,1.0002,3.5630357070001883
2023-09-11,1.0002,3.563748314141588
2023-09-12,1.0002,3.5644610638044165
2023-09-13,1.0002,3.565173956017177
2023-09-14,1.0002,3.5658869908083806
2023-09-15,1.0002,3.5666001682065422
2023-09-16,1.0040996522094048,3.5812219884661936
2023-09-17,1.0002,3.581938232863887
2023-09-18,1.0002,3.5826546205104597
2023-09-19,1.0002,3.583371151434562
2023-09-20,1.0134080789461108,3.631417274726213
2023-09-21,0.9668954951344626,3.5112010038862422
2023-09-22,1.0002,3.5119032440870193
2023-09-23,1.0002,3.5126056247358366
2023-09-24,1.0002,3.5133081458607838
2023-09-25,1.0002,3.5140108074899556
2023-09-26,0.9838826789607041,3.4573743671700847
2023-09-27,1.0002,3.458065842043519
2023-09-28,1.0002,3.4587574552119276
2023-09-29,1.0002,3.45944920670297
2023-09-30,0.9948509645686419,3.4416363801646725
2023-10-01,1.0002,3.4423247074407053
2023-10-02,0.9840577303137833,3.3874462386071587
2023-10-03,1.0078208904597885,3.413939084577728
2023-10-04,1.0002,3.4146218723946435
2023-10-05,1.0002,3.4153047967691226
2023-10-06,1.0002,3.415987857728476
2023-10-07,1.0002,3.416671055300022
2023-10-08,1.0002,3.417354389511082
2023-10-09,1.0002,3.418037860388984
2023-10-10,1.0002,3.4187214679610616
2023-10-11,1.0002,3.4194052122546537
2023-10-12,1.0002,3.4200890932971046
2023-10-13,1.0002,3.420773111115764
2023-10-14,1.0002,3.4214572657379874
2023-10-15,1.0002,3.422141557191135
2023-10-16,1.0002,3.422825985502573
2023-10-17,1.0002,3.4235105506996732
2023-10-18,1.0002,3.424195252809813
2023-10-19,1.0002,3.4248800918603752
2023-10-20,1.0002,3.4255650678787473
2023-10-21,1.0002,3.426250180892323
2023-10-22,1.1379099102225219,3.8987640357390823
2023-10-23,1.0002,3.89954378854623
2023-10-24,0.962548707290984,3.7535008326897596
2023-10-25,1.022911806451276,3.839500317283051
2023-10-26,0.9914089372765114,3.806514929230418
2023-10-27,0.9809220531642819,3.733894439781193
2023-10-28,1.0002,3.7346412186691493
2023-10-29,1.0002,3.735388146912883
2023-10-30,1.025156951523455,3.8293591254460595
2023-10-31,1.1018221377902364,4.2192726579655275
2023-11-01,1.0765580949303817,4.542292134651216
2023-11-02,1.0002,4.543200593078146
2023-11-03,1.0269468586407988,4.665625577236616
2023-11-04,1.0002,4.666558702352064
2023-11-05,1.0494965615247944,4.897537312272098
2023-11-06,1.0002,4.898516819734552
2023-11-07,1.0008351756707816,4.902607941805309
2023-11-08,1.0002,4.90358846339367
2023-11-09,1.0002,4.904569181086349
2023-11-10,1.2464985987343489,6.113538611619807
2023-11-11,1.0575872377496014,6.465600413138525
2023-11-12,1.0002,6.466893533221153
2023-11-13,0.9241077396032258,5.976106365239718
2023-11-14,0.9830280625964152,5.8746802620917045
2023-11-15,1.0815146842767474,6.3535529688829495
2023-11-16,0.9246589559311892,5.874869654660816
2023-11-17,0.9876270476949474,5.802180172625296
2023-11-18,1.0021192861611272,5.814476652769508
2023-11-19,1.040439589692299,6.0496117028829595
2023-11-20,0.969239094834919,5.863520171005012
2023-11-21,0.9353478754463259,5.484431134586216
2023-11-22,1.058273255038641,5.804026788833821
2023-11-23,1.0002,5.805187594191588
2023-11-24,1.008305457992433,5.85340233589334
2023-11-25,1.0211884541602338,5.977426882968822
2023-11-26,0.9897948276727451,5.916426211554559
2023-11-27,1.0002,5.91760949679687
2023-11-28,1.0454903063326997,6.186803365563453
2023-11-29,1.0002,6.188040726236565
2023-11-30,0.9997624695943759,6.1865708784128435
2023-12-01,1.0077029914475346,6.234225980978825
2023-12-02,1.067445351757847,6.65469554520385
2023-12-03,1.0035051622692157,6.678021332942016
2023-12-04,1.0377702325933325,6.930251751950473
2023-12-05,0.9946072583845695,6.892878694922319
2023-12-06,0.9924324422042794,6.840716437019603
2023-12-07,1.0631035545492886,7.272389959859285
2023-12-08,1.0002,7.273844437851257
2023-12-09,1.0002,7.275299206738827
2023-12-10,1.0268873907210105,7.470913019122672
2023-12-11,0.9275853917359936,6.929909779468439
2023-12-12,0.9834683963621726,6.815347257748363
2023-12-13,1.0002,6.816710327199913
2023-12-14,1.0002,6.8180736692653525
2023-12-15,0.9402464907632428,6.410669841292014
2023-12-16,1.009586517037401,6.472125836946713
2023-12-17,1.0002,6.473420262114102
2023-12-18,1.0378643353881234,6.718532018027064
2023-12-19,1.0002,6.719875724430669
2023-12-20,1.0002,6.721219699575555
2023-12-21,1.190776228385638,8.00346864401183
2023-12-22,1.0002,8.005069337740633
2023-12-23,1.0002,8.00667035160818
2023-12-24,1.0441726080935652,8.360345863184136
2023-12-25,1.0002,8.362017932356773
2023-12-26,0.9305640950159558,7.7813936497307745
2023-12-27,0.9624908488182935,7.489520178918652
2023-12-28,0.9630251587552661,7.2125963593039035
2023-12-29,1.0317722313942885,7.44175663978531
2023-12-30,0.991231407204397,7.376502906127057
2023-12-31,0.9896050964588236,7.299824869946659
2024-01-01,1.0002,7.301284834920648
2024-01-02,0.9765624908516382,7.1301609048074
2024-01-03,1.0002,7.131586936988361
2024-01-04,1.0002,7.133013254375759
2024-01-05,0.944717439217202,6.738682015576227
2024-01-06,1.0002,6.740029751979343
2024-01-07,0.9511614096168052,6.410856199751877
2024-01-08,1.0843189241879463,6.951412697638581
2024-01-09,0.9868654817392483,6.860109240623426
2024-01-10,1.0002,6.86148126247155
2024-01-11,0.9969431317149205,6.840506618011633
2024-01-12,0.9638371912992633,6.593134685768355
2024-01-13,1.0037182862862628,6.617649848053931
2024-01-14,0.9589750578223236,6.34616114568541
2024-01-15,1.0002,6.347430377914547
2024-01-16,1.0337634893150656,6.561741775657388
2024-01-17,1.0002,6.563054124012519
2024-01-18,1.0002,6.564366734837321
2024-01-19,0.9908276308231496,6.504155939733158
2024-01-20,1.0235655765621507,6.657430124503107
2024-01-21,1.0002,6.658761610528008
2024-01-22,1.0002,6.660093362850113
2024-01-23,1.0057507796776994,6.698394092412773
2024-01-24,1.0002,6.699733771231255
2024-01-25,1.0002,6.701073717985501
2024-01-26,1.0002,6.702413932729098
2024-01-27,1.0002,6.703754415515644
2024-01-28,1.0186456275248874,6.828750123365668
2024-01-29,1.0002,6.8301158733903415
2024-01-30,1.0002,6.83148189656502
2024-01-31,1.0002,6.832848192944333
2024-02-01,1.0002,6.8342147625829215
2024-02-02,1.0353772608416558,7.075990560886712
2024-02-03,1.0002,7.077405758998889
2024-02-04,1.0002,7.078821240150689
2024-02-05,1.0002,7.080237004398719
2024-02-06,1.0014377326692878,7.090416492446243
2024-02-07,1.0002,7.091834575744732
2024-02-08,0.9669838940791186,6.857689814218575
2024-02-09,1.0002,6.859061352181419
2024-02-10,1.0002,6.860433164451855
2024-02-11,1.009240631640318,6.923827900217575
2024-02-12,1.0002,6.925212665797619
2024-02-13,0.9763660738495826,6.761542701078223
2024-02-14,1.02555341590572,6.934323213883161
2024-02-15,1.0002,6.935710078525937
2024-02-16,1.0002,6.937097220541642
2024-02-17,1.0002,6.9384846399857505
2024-02-18,0.9971463512981452,6.918684642300016
2024-02-19,1.0002,6.920068379228476
2024-02-20,1.02350556928251,7.082728525956137
2024-02-21,0.9620119425831599,6.813669428044224
2024-02-22,0.9777122462189409,6.661808041486445
2024-02-23,0.9900549919807925,6.595556307091441
2024-02-24,1.0002,6.59687541835286
2024-02-25,1.0002,6.59819479343653
2024-02-26,1.0002,6.5995144323952175
2024-02-27,1.0002,6.6008343352816965
2024-02-28,1.0002,6.602154502148752
2024-02-29,1.0002,6.603474933049182
2024-03-01,1.0278543048525015,6.787410136920186
2024-03-02,1.0002,6.78876761894757
2024-03-03,1.0003569782724786,6.79119106148444
2024-03-04,1.0002,6.792549299696737
2024-03-05,1.0002,6.793907809556676
2024-03-06,1.0488358927548824,7.125694362730743
2024-03-07,1.0002,7.127119501603289
2024-03-08,1.0002,7.1285449255036095
2024-03-09,1.0029227989643463,7.149380229229168
2024-03-10,0.9912152559701151,7.0865747539430695
2024-03-11,1.0002,7.087992068893858
2024-03-12,0.9910733473598833,7.02472002577894
2024-03-13,1.0002,7.026124969784096
2024-03-14,1.0002,7.027530194778053
2024-03-15,1.0355725128604796,7.277517103009203
2024-03-16,0.9640641936469037,7.015993657664118
2024-03-17,1.060466807115612,7.440228392886452
2024-03-18,0.9820387783045654,7.3065928012571515
2024-03-19,0.8923292354480878,6.519886368076296
2024-03-20,1.0759907892363239,7.015337678917563
2024-03-21,0.9919170276673053,6.958632898554361
2024-03-22,0.9720200599077541,6.763930766928879
2024-03-23,1.0002,6.765283553082265
2024-03-24,1.035355788811928,7.004475489637851
2024-03-25,1.040525849283125,7.288337807638259
2024-03-26,0.9951687622923318,7.253126115195773
2024-03-27,0.9737260211905043,7.06255763334252
2024-03-28,1.0002,7.063970144869188
2024-03-29,1.0002,7.0653829388981615
2024-03-30,1.0057757370980662,7.1061907332504
2024-03-31,1.0242056122570309,7.278200430763965
2024-04-01,0.9485212728394652,6.90352793656898
2024-04-02,1.0002,6.904908642156294
2024-04-03,0.9227971623404798,6.371830101202084
2024-04-04,1.021717357606591,6.51020941411833
2024-04-05,0.9624194149431384,6.265551935493075
2024-04-06,1.0273465753782227,6.436893323783206
2024-04-07,1.0002,6.438180702447963
2024-04-08,1.0002,6.439468338588452
2024-04-09,1.0002,6.440756232256169
2024-04-10,1.0002,6.44204438350262
2024-04-11,1.0002,6.44333279237932
2024-04-12,1.0002,6.444621458937796
2024-04-13,1.0002,6.445910383229584
2024-04-14,1.0002,6.44719956530623
2024-04-15,0.9771717644161351,6.300021374773228
2024-04-16,1.0002,6.3012813790481825
2024-04-17,1.0002,6.302541635323992
2024-04-18,1.0365144993322595,6.532675787658568
2024-04-19,1.0002,6.533982322816099
2024-04-20,1.0002,6.535289119280662
2024-04-21,1.0002,6.536596177104518
2024-04-22,1.0002,6.537903496339939
2024-04-23,1.0002,6.539211077039207
2024-04-24,1.0002,6.540518919254614
2024-04-25,1.0002,6.541827023038465
2024-04-26,1.0002,6.543135388443073
2024-04-27,1.0002,6.544444015520761
2024-04-28,1.0002,6.545752904323865
2024-04-29,1.0002,6.547062054904729
2024-04-30,1.0002,6.54837146731571
2024-05-01,0.9611367107993019,6.29388021318782
2024-05-02,1.0002,6.295138989230457
2024-05-03,1.0002,6.296398017028303
2024-05-04,1.0002,6.297657296631709
2024-05-05,1.0002,6.298916828091035
2024-05-06,1.0002,6.300176611456653
2024-05-07,1.0002,6.301436646778944
2024-05-08,1.0002,6.302696934108299
2024-05-09,1.0002,6.303957473495121
2024-05-10,1.0002,6.305218264989819
2024-05-11,1.0002,6.3064793086428175
2024-05-12,1.0002,6.307740604504546
2024-05-13,1.0002,6.309002152625447
2024-05-14,1.0002,6.310263953055972
2024-05-15,1.0002,6.3115260058465825
2024-05-16,1.0002,6.312788311047751
2024-05-17,1.0002,6.314050868709961
2024-05-18,1.0017905277724726,6.325356352147191
2024-05-19,1.0002,6.32662142341762
2024-05-20,1.0002,6.327886747702304
2024-05-21,0.9928949705504415,6.282926926006408
2024-05-22,0.9766963420178141,6.136511745795688
2024-05-23,1.0002,6.137739048144847
2024-05-24,1.0020047541460404,6.15004370594893
2024-05-25,1.0063419909949125,6.189047227750376
2024-05-26,1.0002,6.190285037195927
2024-05-27,1.0406807241042224,6.4421103149205905
2024-05-28,1.0002,6.443398736983575
2024-05-29,1.0002,6.444687416730972
2024-05-30,1.0002,6.445976354214317
2024-05-31,1.0002,6.44726554948516
2024-06-01,1.0002,6.448555002595057
2024-06-02,1.0002,6.449844713595576
2024-06-03,1.0003678189861687,6.452217088939076
2024-06-04,1.0002,6.453507532356864
2024-06-05,1.0135604907426874,6.541020261507252
2024-06-06,1.0002,6.542328465559553
2024-06-07,1.0002,6.5436369312526645
2024-06-08,0.9721357670634,6.361303507547702
2024-06-09,1.0002,6.3625757682492114
2024-06-10,1.0002,6.363848283402861
2024-06-11,1.0002,6.365121053059542
2024-06-12,1.0385166628355194,6.610284274567502
2024-06-13,1.0002,6.611606331422416
2024-06-14,1.0002,6.612928652688701
2024-06-15,1.0002,6.6142512384192385
2024-06-16,1.0002,6.615574088666922
2024-06-17,1.0002,6.616897203484656
2024-06-18,1.0002,6.618220582925352
2024-06-19,1.0002,6.619544227041938
2024-06-20,1.0002,6.620868135887346
2024-06-21,1.0002,6.6221923095145225
2024-06-22,1.0002,6.623516747976425
2024-06-23,1.0002,6.62484145132602
2024-06-24,1.0002,6.626166419616285
2024-06-25,1.0002,6.627491652900209
2024-06-26,1.0002,6.6288171512307885
2024-06-27,1.0002,6.630142914661034
2024-06-28,1.0002,6.631468943243966
2024-06-29,1.0002,6.632795237032615
2024-06-30,1.0002,6.634121796080021
2024-07-01,1.0002,6.635448620439237
2024-07-02,1.0002,6.636775710163325
2024-07-03,1.0002,6.638103065305357
2024-07-04,1.0002,6.639430685918418
2024-07-05,0.9750690724904859,6.473903520783343
2024-07-06,1.0002,6.475198301487499
2024-07-07,1.0002,6.476493341147796
2024-07-08,1.0303326144038274,6.6729423163537875
2024-07-09,1.0002,6.6742769048170585
2024-07-10,1.0002,6.675611760198022
2024-07-11,1.0002,6.6769468825500615
2024-07-12,1.0002,6.678282271926571
2024-07-13,1.0002,6.6796179283809565
2024-07-14,1.0002,6.680953851966633
2024-07-15,1.0002,6.682290042737026
2024-07-16,1.0002,6.683626500745573
2024-07-17,1.0002,6.684963226045722
2024-07-18,1.0002,6.686300218690931
2024-07-19,1.0002,6.687637478734669
2024-07-20,1.0002,6.688975006230416
2024-07-21,1.0002,6.690312801231662
2024-07-22,1.0002,6.691650863791908
2024-07-23,1.0002,6.692989193964666
2024-07-24,1.0002,6.69432779180346
2024-07-25,1.0002,6.69566665736182
2024-07-26,1.0002,6.697005790693292
2024-07-27,0.9913661088807824,6.639184571871676
2024-07-28,1.0002,6.6405124087860505
2024-07-29,1.0002,6.641840511267808
2024-07-30,1.0002,6.643168879370061
2024-07-31,1.0002,6.644497513145935
2024-08-01,1.0002,6.645826412648564
2024-08-02,0.9326629733933487,6.198316222676861
2024-08-03,1.0002,6.199555885921396
2024-08-04,0.9253589106631533,5.736814281191563
2024-08-05,0.8999186418358388,5.162666116394355
2024-08-06,1.0002,5.163698649617634
2024-08-07,1.0002,5.164731389347557
2024-08-08,1.0002,5.165764335625426
2024-08-09,1.0002,5.166797488492551
2024-08-10,1.0002,5.16783084799025
2024-08-11,1.0002,5.168864414159848
2024-08-12,1.0002,5.16989818704268
2024-08-13,0.9924268378878023,5.130745709968648
2024-08-14,1.0002,5.131771859110642
2024-08-15,1.0002,5.132798213482464
2024-08-16,1.0002,5.13382477312516
2024-08-17,1.0002,5.134851538079785
2024-08-18,1.0002,5.135878508387401
2024-08-19,1.0002,5.136905684089078
2024-08-20,1.0002,5.137933065225896
2024-08-21,1.0226522170882857,5.254318640404474
2024-08-22,1.0002,5.255369504132554
2024-08-23,1.0539594119736428,5.538946152279762
2024-08-24,1.0002,5.540053941510218
2024-08-25,1.0002,5.54116195229852
2024-08-26,1.0002,5.542270184688979
2024-08-27,1.0002,5.543378638725916
2024-08-28,1.0002,5.5444873144536615
2024-08-29,1.0002,5.5455962119165525
2024-08-30,1.0002,5.546705331158936
2024-08-31,1.0002,5.547814672225168
2024-09-01,1.0002,5.548924235159613
2024-09-02,1.0002,5.5500340200066445
2024-09-03,1.0002,5.551144026810646
2024-09-04,1.01563362633499,5.6379285382575155
2024-09-05,1.0002,5.639056123965167
2024-09-06,1.0002,5.64018393518996
2024-09-07,1.0328992292487928,5.825741639479133
2024-09-08,1.0002,5.826906787807029
2024-09-09,1.008595902392443,5.876994309804881
2024-09-10,1.0002,5.878169708666842
2024-09-11,1.0002,5.879345342608575
2024-09-12,1.0002,5.880521211677097
2024-09-13,1.0002,5.881697315919433
2024-09-14,1.0002,5.882873655382617
2024-09-15,1.0002,5.884050230113693
2024-09-16,0.9997401629108079,5.88252133562924
2024-09-17,1.0002,5.8836978398963655
2024-09-18,1.0002,5.884874579464345
2024-09-19,1.0002,5.886051554380238
2024-09-20,1.0002,5.8872287646911134
2024-09-21,1.0033315217112428,5.906842195139736
2024-09-22,1.0002,5.908023563578763
2024-09-23,1.0002,5.909205168291479
2024-09-24,1.0002,5.910387009325137
2024-09-25,1.0002,5.911569086727002
2024-09-26,1.0002,5.912751400544347
2024-09-27,1.0139728624482447,5.9953694625548195
2024-09-28,1.020693442398815,6.119434295187812
2024-09-29,1.0002,6.120658182046849
2024-09-30,1.0002,6.121882313683258
2024-10-01,1.0002,6.1231066901459945
2024-10-02,0.9662445369627625,5.916418388593709
2024-10-03,1.0002,5.917601672271428
2024-10-04,1.0002,5.918785192605882
2024-10-05,1.0002,5.919968949644403
2024-10-06,1.0002,5.921152943434332
2024-10-07,1.0002,5.922337174023019
2024-10-08,1.0002,5.923521641457823
2024-10-09,1.0002,5.924706345786114
2024-10-10,1.0002,5.925891287055271
2024-10-11,1.0196311381523608,6.042223277587325
2024-10-12,1.0002,6.0434317222428415
2024-10-13,1.0002,6.04464040858729
2024-10-14,1.0002,6.045849336669007
2024-10-15,1.0002,6.047058506536341
2024-10-16,0.9942094119562368,6.012042481848455
2024-10-17,1.0002,6.013244890344824
2024-10-18,1.0002,6.014447539322893
2024-10-19,0.9991779738557093,6.009503506202104
2024-10-20,1.0002,6.0107054069033445
