Date,Crypto_Return_Today,exp_value
2017-11-09,0.03293375796068171,
2017-11-10,-0.18044350715508367,
2017-11-11,-0.03620595386730482,
2017-11-12,-0.050038196571885143,
2017-11-13,0.07928326381657087,
2017-11-14,0.017692825589165746,
2017-11-15,-0.007892950654114071,
2017-11-16,-0.0992912599130366,
2017-11-17,-0.05960979173830138,
2017-11-18,0.09743156543305402,
2017-11-19,-0.05070241146588825,
2017-11-20,-0.0011277260291367812,
2017-11-21,-0.05342175459408696,
2017-11-22,0.07090638340077536,
2017-11-23,-0.031561825983361685,
2017-11-24,0.15441593040775997,
2017-11-25,-0.06343992802484921,
2017-11-26,-0.0032971461597362116,
2017-11-27,0.006974412860559865,
2017-11-28,-0.057260762727293676,
2017-11-29,-0.1952096110626043,
2017-11-30,0.14562797337988498,
2017-12-01,0.04777065220528303,
2017-12-02,0.15559559914414997,
2017-12-03,0.10328191732883563,
2017-12-04,-0.013042827966305235,
2017-12-05,0.3141008142889221,
2017-12-06,-0.06886979914315522,
2017-12-07,-0.08695433515100147,
2017-12-08,-0.05851685138218795,
2017-12-09,-0.02532357075986724,
2017-12-10,0.04796116541030655,
2017-12-11,0.021382712251287586,
2017-12-12,-0.09353145057539934,
2017-12-13,0.12360999984739705,
2017-12-14,0.16598588346454524,
2017-12-15,0.025858818034008885,
2017-12-16,0.07035728798068332,
2017-12-17,0.20014833474232013,
2017-12-18,0.039007404318844474,
2017-12-19,0.01902791215412519,
2017-12-20,-0.16285053283169293,
2017-12-21,0.11403021980375443,
2017-12-22,-0.0018021752412395457,
2017-12-23,0.27390128739549785,
2017-12-24,-0.07161590362899459,
2017-12-25,-0.09024554808570029,
2017-12-26,0.029450143220520645,
2017-12-27,-0.019994622821388006,
2017-12-28,0.007756538896931095,
2017-12-29,-0.04387391943143861,
2017-12-30,0.18321458921193712,
2017-12-31,0.07370529649882226,
2018-01-01,0.20029242310834602,
2018-01-02,-0.07898345015531669,
2018-01-03,0.01682989030560221,
2018-01-04,0.3697688082333251,
2018-01-05,-0.054935476260095824,
2018-01-06,0.09746978716115547,
2018-01-07,0.15474380882182268,
2018-01-08,0.07979409378231614,
2018-01-09,-0.11524331109142957,
2018-01-10,-0.04084661608909007,
2018-01-11,-0.15836812448389134,
2018-01-12,0.020958773843991408,
2018-01-13,0.04434777317719586,
2018-01-14,-0.09036588101543729,
2018-01-15,-0.13739009292779733,
2018-01-16,-0.15329312491214203,
2018-01-17,-0.07340584336332832,
2018-01-18,0.057770212484809146,
2018-01-19,0.09508631304454455,
2018-01-20,0.39590627202781503,
2018-01-21,-0.29765883700189044,
2018-01-22,-0.12063407887235596,
2018-01-23,-0.0003964596613357491,
2018-01-24,-0.007520197133563094,
2018-01-25,-0.05119704438334628,
2018-01-26,-0.06405568541497139,
2018-01-27,0.0935413685766122,
2018-01-28,-0.037327708161263705,
2018-01-29,-0.0812912572544796,
2018-01-30,-0.15954232656065062,
2018-01-31,0.034907000647940695,
2018-02-01,-0.17515744649586643,
2018-02-02,-0.04712751135536447,
2018-02-03,0.036209852574525865,
2018-02-04,-0.1772570693065193,
2018-02-05,-0.23078729700649886,
2018-02-06,0.21288298477767464,
2018-02-07,-0.12236267422054059,
2018-02-08,0.09046542768321708,
2018-02-09,0.05470053203933692,
2018-02-10,-0.03654700266877073,
2018-02-11,-0.00851568315680092,
2018-02-12,0.1605979974373333,
2018-02-13,0.15474774793668208,
2018-02-14,0.007149063696205336,
2018-02-15,-0.005282785136378876,
2018-02-16,0.12973552170530847,
2018-02-17,0.04275778695418794,
2018-02-18,0.11845803614699854,
2018-02-19,0.01863685225074727,
2018-02-20,-0.09704961536737619,
2018-02-21,-0.0618343405580723,
2018-02-22,-0.0841911366559736,
2018-02-23,0.11545205086919172,
2018-02-24,-0.03778639064864833,
2018-02-25,0.04495177213234221,
2018-02-26,0.02740977594761165,
2018-02-27,0.04534834919348876,
2018-02-28,-0.09055908357236604,
2018-03-01,0.0011649673931325918,
2018-03-02,-0.01357436162998464,
2018-03-03,-0.03661551570535506,
2018-03-04,-0.05959027576471366,
2018-03-05,-0.012614048599966348,
2018-03-06,-0.08921766935755199,
2018-03-07,-0.024052670527720473,
2018-03-08,-0.06188075121415221,
2018-03-09,-0.009417354726108135,
2018-03-10,-0.023227755038488097,
2018-03-11,0.0978216638854391,
2018-03-12,-0.0015530531045150923,
2018-03-13,0.10526570841443485,
2018-03-14,-0.24400207259554305,
2018-03-15,-0.053119439967909236,
2018-03-16,0.015244490276007584,
2018-03-17,-0.1258352050552398,
2018-03-18,0.0026982653911725336,
2018-03-19,0.028011292973796603,
2018-03-20,0.011030347540079064,
2018-03-21,0.12658783916031563,
2018-03-22,-0.05871088037264945,
2018-03-23,-0.025933024579210477,
2018-03-24,0.011382067325370891,
2018-03-25,-0.01038893396212044,
2018-03-26,-0.08818680733241038,
2018-03-27,-0.08017992293147691,
2018-03-28,0.022257036055912015,
2018-03-29,-0.23032430006145665,
2018-03-30,0.02478874336711494,
2018-03-31,-0.02328736353581263,
2018-04-01,-0.06836012107128282,
2018-04-02,0.040204166670827185,
2018-04-03,0.07560269268776013,
2018-04-04,-0.017640493907550257,
2018-04-05,-0.007423864550604728,
2018-04-06,-0.03633095620764948,
2018-04-07,0.10044983233618586,
2018-04-08,0.06587847330101351,
2018-04-09,-0.051667700104633535,
2018-04-10,0.11117724677052584,
2018-04-11,0.00783774924659737,
2018-04-12,0.07710434503531734,
2018-04-13,-0.014957955988496698,
2018-04-14,0.036092185014462444,
2018-04-15,0.07194889057420949,
2018-04-16,-0.03536388882312264,
2018-04-17,0.017428150059086562,
2018-04-18,0.06526740072244397,
2018-04-19,0.07827367729307,
2018-04-20,-0.003502295049028638,
2018-04-21,0.018414223737523806,
2018-04-22,0.015295293037883914,
2018-04-23,-0.014524821943802262,
2018-04-24,0.08674041485561623,
2018-04-25,-0.20472352742319455,
2018-04-26,0.1129041245231112,
2018-04-27,-0.08150368734619001,
2018-04-28,0.06908709424454676,
2018-04-29,0.06338682856384907,
2018-04-30,0.048611642267441434,
2018-05-01,0.006679142972705117,
2018-05-02,0.028549547311678747,
2018-05-03,0.0028013019413208515,
2018-05-04,0.025147826163037828,
2018-05-05,-0.018890163449683344,
2018-05-06,-0.056725947211788065,
2018-05-07,0.060921450998492936,
2018-05-08,-0.03996267818328403,
2018-05-09,-0.025490142849174006,
2018-05-10,-0.02695799520985639,
2018-05-11,-0.12200817408745962,
2018-05-12,-0.0017692061534735392,
2018-05-13,0.08201255211819675,
2018-05-14,0.02616771904467823,
2018-05-15,-0.02568499213989885,
2018-05-16,-0.047072494340455386,
2018-05-17,-0.07894703508109968,
2018-05-18,0.03031877909827753,
2018-05-19,-0.008356334769939758,
2018-05-20,-0.001959751719321245,
2018-05-21,-0.06592847244944473,
2018-05-22,-0.11877845325715915,
2018-05-23,-0.07751797234933014,
2018-05-24,0.03679649305582374,
2018-05-25,-0.053931498077518666,
2018-05-26,0.06140223181755429,
2018-05-27,-0.054570619980656966,
2018-05-28,-0.08959213076708518,
2018-05-29,0.10576012955923589,
2018-05-30,-0.0461814952532035,
2018-05-31,0.02574233827719345,
2018-06-01,0.014734569423426339,
2018-06-02,0.045043907571388216,
2018-06-03,-0.016607420327457215,
2018-06-04,-0.057921054891103815,
2018-06-05,-0.009302473101251823,
2018-06-06,-0.01843372809170256,
2018-06-07,-0.07352756200865564,
2018-06-08,-0.04537249306378098,
2018-06-09,0.007700246585946457,
2018-06-10,-0.20522931514218584,
2018-06-11,0.0826007345419545,
2018-06-12,-0.14727023838091163,
2018-06-13,-0.06322777819436554,
2018-06-14,0.11177827278951054,
2018-06-15,-0.0709058836790801,
2018-06-16,-0.00669314752564126,
2018-06-17,-0.03815041914461893,
2018-06-18,-0.019085578865844464,
2018-06-19,0.05096790825220124,
2018-06-20,0.013230996453271821,
2018-06-21,-0.052964224512701885,
2018-06-22,-0.13163405762061386,
2018-06-23,0.041363310931593254,
2018-06-24,-0.03621369102907171,
2018-06-25,-0.038595042268746424,
2018-06-26,-0.04977375273396633,
2018-06-27,0.007458180709953036,
2018-06-28,-0.034722479077310096,
2018-06-29,0.08562459077981865,
2018-06-30,0.22485604082852612,
2018-07-01,-0.022365513529054637,
2018-07-02,0.111919224899098,
2018-07-03,-0.053991595839120325,
2018-07-04,-0.01469224030922124,
2018-07-05,-0.056221794505480455,
2018-07-06,0.051135612792036086,
2018-07-07,0.07846495766169928,
2018-07-08,-0.0054361434066079566,
2018-07-09,-0.052630059329619165,
2018-07-10,-0.10745949875266947,
2018-07-11,-0.01906870995052982,
2018-07-12,-0.011425534211455568,
2018-07-13,-0.020530772334579138,
2018-07-14,-0.03191110246964625,
2018-07-15,0.018549403703505326,
2018-07-16,0.10592031644087874,
2018-07-17,0.11115278613685729,
2018-07-18,-0.03663005975877254,
2018-07-19,-0.05569680955285941,
2018-07-20,-0.05416347424871331,
2018-07-21,0.024633775748608568,
2018-07-22,-0.10387941633539666,
2018-07-23,-0.026847666203196067,
2018-07-24,0.03536206069966322,
2018-07-25,0.19383572181733683,
2018-07-26,0.027406135581741212,
2018-07-27,0.05516674237162518,
2018-07-28,0.04827482548990021,
2018-07-29,0.15530794422264094,
2018-07-30,-0.03435414508781688,
2018-07-31,-0.06515521407014833,
2018-08-01,-0.03363164350256582,
2018-08-02,0.07108311218132936,
2018-08-03,-0.08546822429729536,
2018-08-04,-0.09985644029871407,
2018-08-05,-0.011355010582274531,
2018-08-06,-0.07248855981546105,
2018-08-07,-0.0036813003346976513,
2018-08-08,-0.027234968984601083,
2018-08-09,0.19072093595805975,
2018-08-10,-0.005405339911756232,
2018-08-11,-0.013927066030688492,
2018-08-12,0.043304747748872434,
2018-08-13,-0.09171626470847452,
2018-08-14,0.0516747531296453,
2018-08-15,-0.06482315659058878,
2018-08-16,0.043377467744183995,
2018-08-17,0.07817258074232326,
2018-08-18,-0.0676675355579584,
2018-08-19,0.09253994898900515,
2018-08-20,-0.04046015798178615,
2018-08-21,0.06979648253436786,
2018-08-22,0.003294995307232169,
2018-08-23,0.020725924431467372,
2018-08-24,0.04605720844474484,
2018-08-25,-0.0482052289511086,
2018-08-26,0.033534821560695406,
2018-08-27,0.022115134526114265,
2018-08-28,0.001633217260715995,
2018-08-29,-0.08456890732254027,
2018-08-30,-0.01033965142923551,
2018-08-31,0.07105469950460912,
2018-09-01,0.0008472416154360035,
2018-09-02,-0.054041846845796535,
2018-09-03,-0.022718181282595222,
2018-09-04,-0.022952962045313625,
2018-09-05,-0.10939044252528324,
2018-09-06,0.01966039721858426,
2018-09-07,-0.043558744682275066,
2018-09-08,-0.0787256372100386,
2018-09-09,-0.007008004181870919,
2018-09-10,0.03276570812733983,
2018-09-11,0.053241576302249474,
2018-09-12,-0.028961729185805918,
2018-09-13,0.06702993747482619,
2018-09-14,-0.01295404068054376,
2018-09-15,-0.0017623176300793715,
2018-09-16,0.009989018630096547,
2018-09-17,-0.02272279556683478,
2018-09-18,0.07974538054703259,
2018-09-19,0.12320515318719284,
2018-09-20,0.0768996627231662,
2018-09-21,-0.0021630118220176,
2018-09-22,-0.0460549694284195,
2018-09-23,0.010073635827200307,
2018-09-24,-0.023962225883770682,
2018-09-25,-0.021171362789823442,
2018-09-26,0.06738639014900334,
2018-09-27,0.0025147849069312375,
2018-09-28,-0.032757782827706486,
2018-09-29,-0.016664632141253605,
2018-09-30,0.009043567945061127,
2018-10-01,-0.023069026337851715,
2018-10-02,-0.010720742913263786,
2018-10-03,-0.03228579207309164,
2018-10-04,0.03258404261316953,
2018-10-05,0.10524702653982158,
2018-10-06,-0.062126358458985335,
2018-10-07,0.001312955640735388,
2018-10-08,0.016581004245353026,
2018-10-09,-0.011446980008180152,
2018-10-10,0.024882951307720155,
2018-10-11,-0.1362421430634092,
2018-10-12,0.026666477153775663,
2018-10-13,0.02196494029002353,
2018-10-14,0.017303104075858847,
2018-10-15,0.040262359831480035,
2018-10-16,0.053589088229296304,
2018-10-17,0.046103493273319855,
2018-10-18,0.0020078493938148418,
2018-10-19,-0.03750036824959986,
2018-10-20,0.025223410806655557,
2018-10-21,0.004955894113538959,
2018-10-22,0.05667956855045842,
2018-10-23,0.11477989251642272,
2018-10-24,-0.05417509407536019,
2018-10-25,0.058879583853550466,
2018-10-26,-0.014841072904509736,
2018-10-27,0.02552532217715703,
2018-10-28,-0.008912473734892233,
2018-10-29,-0.04643827281679954,
2018-10-30,0.07435633319484085,
2018-10-31,0.11110457626010009,
2018-11-01,0.006528794574223006,
2018-11-02,-0.029480296050624744,
2018-11-03,0.07862602341492396,
2018-11-04,-0.071185479554599,
2018-11-05,-0.04378714283903696,
2018-11-06,0.005065316890454357,
2018-11-07,-0.004682686717512624,
2018-11-08,0.03302914428028919,
2018-11-09,-0.004887766009087274,
2018-11-10,0.05557820858181777,
2018-11-11,-0.02097980503802444,
2018-11-12,0.09450808264248459,
2018-11-13,0.03285701470732721,
2018-11-14,-0.0647868575019354,
2018-11-15,-0.010689770402563959,
2018-11-16,-0.04872578595610065,
2018-11-17,-0.05777247905569865,
2018-11-18,0.0754984990924586,
2018-11-19,-0.2455235006230872,
2018-11-20,-0.17833094362525137,
2018-11-21,0.07273313397897366,
2018-11-22,-0.06610341558765669,
2018-11-23,-0.03344167414828608,
2018-11-24,-0.14683167014724774,
2018-11-25,-0.09221542267721515,
2018-11-26,0.08810141448567234,
2018-11-27,0.01390439516182969,
2018-11-28,0.13947087576835426,
2018-11-29,0.03852164515656376,
2018-11-30,-0.0675979449554401,
2018-12-01,0.030168742096971523,
2018-12-02,-0.051180416521871296,
2018-12-03,-0.09610645655339912,
2018-12-04,0.0007611594437076783,
2018-12-05,-0.1072296804482171,
2018-12-06,-0.14210641674916719,
2018-12-07,-0.026180142908451966,
2018-12-08,0.05310644407734817,
2018-12-09,0.05093103123937789,
2018-12-10,-0.08991262161955159,
2018-12-11,0.017671600952921536,
2018-12-12,0.023126623103164795,
2018-12-13,-0.09849780566614015,
2018-12-14,-0.014621623976767539,
2018-12-15,-0.002112289379469877,
2018-12-16,0.016148497467251548,
2018-12-17,0.1313317630120394,
2018-12-18,0.14554620615195457,
2018-12-19,0.08451681639981422,
2018-12-20,0.13701752421099186,
2018-12-21,-0.13039728917468596,
2018-12-22,0.04313264609370939,
2018-12-23,0.0006482748569734151,
2018-12-24,-0.020031724572388394,
2018-12-25,0.030751822280817572,
2018-12-26,-0.0279240195961196,
2018-12-27,-0.10854247701052135,
2018-12-28,0.05946191811136951,
2018-12-29,0.0034630070162751715,
2018-12-30,-0.002989102740275756,
2018-12-31,-0.03555062918974932,
2019-01-01,0.03367338897782214,
2019-01-02,0.050942619407716876,
2019-01-03,0.14514432748316394,
2019-01-04,0.17026081096397824,
2019-01-05,-0.1048234452219669,
2019-01-06,0.0019136344437846974,
2019-01-07,-0.05326862336459659,
2019-01-08,0.11600478642909219,
2019-01-09,-0.064053073964054,
2019-01-10,-0.12287989690383935,
2019-01-11,0.22420613364070976,
2019-01-12,-0.07601609851453665,
2019-01-13,0.07890720845374627,
2019-01-14,0.09512918293939371,
2019-01-15,0.06250369057807909,
2019-01-16,-0.04461156771070631,
2019-01-17,-0.02649008743871466,
2019-01-18,0.037129489505892566,
2019-01-19,-0.018907684194690653,
2019-01-20,-0.001618677415141004,
2019-01-21,0.026468991118364583,
2019-01-22,0.07362902516926127,
2019-01-23,-0.05765713495645992,
2019-01-24,-0.011311262934174577,
2019-01-25,-0.05899273331348843,
2019-01-26,-0.014917319199764434,
2019-01-27,-0.0797750832521351,
2019-01-28,-0.048733731225896464,
2019-01-29,0.09625786642744674,
2019-01-30,-0.060254070745457584,
2019-01-31,-0.10231785959113013,
2019-02-01,0.07801380586820715,
2019-02-02,-0.007694574136235871,
2019-02-03,-0.049241808878358856,
2019-02-04,-0.0071060580180714724,
2019-02-05,0.06977712172161064,
2019-02-06,-0.05506448881841672,
2019-02-07,0.004406023664544408,
2019-02-08,0.08255890840262793,
2019-02-09,0.056911460827862796,
2019-02-10,-0.027597559648167933,
2019-02-11,-0.052702126122854576,
2019-02-12,-0.006016241568314453,
2019-02-13,0.04112757423203281,
2019-02-14,-0.0342341777378814,
2019-02-15,0.011386418553446721,
2019-02-16,0.016558118452389955,
2019-02-17,0.039275003828972664,
2019-02-18,0.029340539076287264,
2019-02-19,-0.03228094339253609,
2019-02-20,0.017072209503800066,
2019-02-21,-0.045288134449673334,
2019-02-22,0.01639138017223132,
2019-02-23,0.022711606586023298,
2019-02-24,-0.12040314896813124,
2019-02-25,0.14048168628785784,
2019-02-26,-0.07767504536840932,
2019-02-27,-0.016166070771223492,
2019-02-28,-0.008726016757708918,
2019-03-01,0.010652047150248384,
2019-03-02,-0.0076520504849660245,
2019-03-03,-0.006333486981409004,
2019-03-04,-0.03608834772832332,
2019-03-05,0.05950035910262669,
2019-03-06,-0.002343157022777517,
2019-03-07,0.05135659805047306,
2019-03-08,0.022042861527183613,
2019-03-09,0.02506348293584939,
2019-03-10,0.04904395694285217,
2019-03-11,-0.07182560012891846,
2019-03-12,0.04086657731993884,
2019-03-13,-0.008197301715391547,
2019-03-14,0.01358201918850091,
2019-03-15,-0.001031904148436087,
2019-03-16,-0.009273184140997705,
2019-03-17,-0.004037857225592236,
2019-03-18,-0.007287539863810137,
2019-03-19,0.009804945877317168,
2019-03-20,0.001960432600445239,
2019-03-21,-0.052266655472382115,
2019-03-22,0.012875051149603408,
2019-03-23,-0.006766312984053644,
2019-03-24,-0.01474377785598873,
2019-03-25,0.041224886676907234,
2019-03-26,-0.024713641215181707,
2019-03-27,0.0742133813332042,
2019-03-28,0.006858133684084739,
2019-03-29,-0.007890624186926926,
2019-03-30,-0.009455841393220263,
2019-03-31,0.02662121297165027,
2019-04-01,0.08891813019288107,
2019-04-02,0.05004201664423282,
2019-04-03,-0.03159209556084046,
2019-04-04,-0.04018026929429651,
2019-04-05,0.06344418489099382,
2019-04-06,-0.013040152765707268,
2019-04-07,0.01305271274463948,
2019-04-08,-0.015069638393131699,
2019-04-09,-0.062034417798222295,
2019-04-10,-0.02690220915292157,
2019-04-11,-0.06924426452216692,
2019-04-12,0.020301568076528487,
2019-04-13,0.08487115126219517,
2019-04-14,-0.019804870833641082,
2019-04-15,-0.07158322685470467,
2019-04-16,0.022418068546229707,
2019-04-17,-0.005527914682869704,
2019-04-18,0.04789430834930783,
2019-04-19,-0.018590565980485387,
2019-04-20,0.0023181600273537465,
2019-04-21,-0.03158989970247565,
2019-04-22,-0.005391529981736681,
2019-04-23,-0.029031357174129805,
2019-04-24,-0.006605622271144623,
2019-04-25,-0.07098350347288254,
2019-04-26,-0.0194894798546292,
2019-04-27,0.010016683347602548,
2019-04-28,0.015051840506500411,
2019-04-29,-0.03454729466137958,
2019-04-30,0.08674898983750678,
2019-05-01,0.005193850713723073,
2019-05-02,-0.026889096688069616,
2019-05-03,0.09990086618596816,
2019-05-04,-0.03409920080197707,
2019-05-05,0.023629037075488246,
2019-05-06,0.13243882643730473,
2019-05-07,-0.06065701012600867,
2019-05-08,0.08345154043946197,
2019-05-09,0.07850798998014846,
2019-05-10,0.04881155766067172,
2019-05-11,0.010782354789070947,
2019-05-12,-0.033623450388850104,
2019-05-13,-0.017311855455359397,
2019-05-14,0.24102017021153746,
2019-05-15,0.024509887080460542,
2019-05-16,0.09224314659198282,
2019-05-17,-0.04269773976490235,
2019-05-18,0.050972492253962304,
2019-05-19,0.06083175494293019,
2019-05-20,0.127364827879283,
2019-05-21,0.05935748750638135,
2019-05-22,0.03003490498874906,
2019-05-23,0.09514337049738265,
2019-05-24,-0.005495945459134424,
2019-05-25,-0.16878971682393368,
2019-05-26,-0.03616212504028632,
2019-05-27,0.10758881780776591,
2019-05-28,0.05133246357167365,
2019-05-29,-0.075092166442856,
2019-05-30,-0.14477148186833425,
2019-05-31,-0.0031578731384921395,
2019-06-01,-0.05756988464392343,
2019-06-02,0.04784773979639557,
2019-06-03,-0.1058812154481768,
2019-06-04,-0.028108479189877078,
2019-06-05,0.19843598700705203,
2019-06-06,0.03815505594711191,
2019-06-07,0.05842437039890257,
2019-06-08,-0.0214230989794492,
2019-06-09,-0.07164785810333545,
2019-06-10,0.1052676239320017,
2019-06-11,-0.04793626883183941,
2019-06-12,0.003049033528930865,
2019-06-13,0.48029058444252665,
2019-06-14,-0.09647974429439815,
2019-06-15,0.02599159384895626,
2019-06-16,-0.028530813301044504,
2019-06-17,0.16322488216520037,
2019-06-18,-0.07813146482409575,
2019-06-19,0.011831318961465966,
2019-06-20,-0.039710201302385284,
2019-06-21,-0.037384585439556584,
2019-06-22,0.082778016457029,
2019-06-23,-0.020135883692363313,
2019-06-24,0.03220578267099419,
2019-06-25,0.16318227468765908,
2019-06-26,0.03228477432817356,
2019-06-27,0.004796244547998231,
2019-06-28,0.2658015415973369,
2019-06-29,0.22436539409557604,
2019-06-30,-0.07261733738618863,
2019-07-01,0.04062398870819482,
2019-07-02,0.015279247567345357,
2019-07-03,-0.03275278639682997,
2019-07-04,-0.013216584788332292,
2019-07-05,0.040174235560833084,
2019-07-06,-0.04192858206321941,
2019-07-07,-0.048253600108515884,
2019-07-08,0.006896842942536864,
2019-07-09,-0.0708107450650536,
2019-07-10,0.003238392191103199,
2019-07-11,-0.09803418716243073,
2019-07-12,0.1148015256172902,
2019-07-13,-0.001815094084513612,
2019-07-14,-0.12779667631662173,
2019-07-15,-0.021045535767458056,
2019-07-16,-0.2165587440476979,
2019-07-17,0.08230634313369585,
2019-07-18,0.11910084562824853,
2019-07-19,-0.026567671552570466,
2019-07-20,0.012654982601683268,
2019-07-21,-0.03581148398532203,
2019-07-22,-0.0496863073346,
2019-07-23,-0.0217739428039014,
2019-07-24,0.01440653292296711,
2019-07-25,-0.009461232974278014,
2019-07-26,0.00851774347778709,
2019-07-27,-0.06225977988820885,
2019-07-28,-0.019405662666169634,
2019-07-29,-0.03522594471474755,
2019-07-30,-0.02475962553290711,
2019-07-31,0.05134215606108212,
2019-08-01,-0.00858608016337663,
2019-08-02,0.09666964906599583,
2019-08-03,0.0111116224592915,
2019-08-04,0.029691991180140202,
2019-08-05,-0.007010152955179474,
2019-08-06,-0.008633849540110861,
2019-08-07,-0.028951153244465802,
2019-08-08,-0.047289142806220846,
2019-08-09,-0.047586783238342194,
2019-08-10,0.06373661668518386,
2019-08-11,0.03197009341173747,
2019-08-12,-0.010822033513103334,
2019-08-13,0.012203464044864895,
2019-08-14,-0.06061979903227851,
2019-08-15,0.057327264494248534,
2019-08-16,-0.038819083342625606,
2019-08-17,0.030252588422866242,
2019-08-18,0.04396795893646406,
2019-08-19,0.003015953792955356,
2019-08-20,-0.050125144364622225,
2019-08-21,-0.07163093463745533,
2019-08-22,0.005968237689635686,
2019-08-23,0.010583010954680649,
2019-08-24,-0.03122358790851543,
2019-08-25,-0.04680955816284273,
2019-08-26,-0.004711455235218518,
2019-08-27,0.013980253236025933,
2019-08-28,-0.10462184786029785,
2019-08-29,-0.06397299822411852,
2019-08-30,0.012784724762527898,
2019-08-31,-0.007088429918519008,
2019-09-01,-0.00842641667791588,
2019-09-02,0.03274087433907597,
2019-09-03,0.011358918970029021,
2019-09-04,-0.038001793621986225,
2019-09-05,0.00724524251209522,
2019-09-06,-0.0376246497259114,
2019-09-07,0.02734637821763961,
2019-09-08,0.02972864929772293,
2019-09-09,-0.01996803778455959,
2019-09-10,0.004317000865777139,
2019-09-11,-0.038406675595055076,
2019-09-12,-0.015938935980333756,
2019-09-13,-0.0772464786298295,
2019-09-14,-0.00972131205378383,
2019-09-15,0.031818502812859695,
2019-09-16,-0.022652322288972557,
2019-09-17,0.02935129953956203,
2019-09-18,0.10674522153772771,
2019-09-19,0.036201070746077195,
2019-09-20,-0.02678992311153579,
2019-09-21,0.0345208914149014,
2019-09-22,-0.036343642703334046,
2019-09-23,-0.006634637588326095,
2019-09-24,-0.040301266349834476,
2019-09-25,0.012534876617148258,
2019-09-26,-0.05922070195069126,
2019-09-27,0.0069178599315661855,
2019-09-28,0.00894493442343824,
2019-09-29,0.01758180940321679,
2019-09-30,0.02699611205026813,
2019-10-01,0.04129541262794837,
2019-10-02,0.092852236314126,
2019-10-03,-0.032715626391834784,
2019-10-04,0.014104887199960224,
2019-10-05,-0.0055698821980181,
2019-10-06,0.10716006824395437,
2019-10-07,0.09249999245495519,
2019-10-08,0.07074768773390068,
2019-10-09,0.08206816918928905,
2019-10-10,-0.06456193990714158,
2019-10-11,0.050460249197433804,
2019-10-12,-0.06287181378541437,
2019-10-13,-0.042002666629717036,
2019-10-14,0.01653291312738537,
2019-10-15,-0.05854479729017818,
2019-10-16,-0.0020625548461021556,
2019-10-17,0.013242190928039256,
2019-10-18,-0.027411467818169805,
2019-10-19,0.000425603981773744,
2019-10-20,0.03465217927866422,
2019-10-21,0.0747861465087695,
2019-10-22,-0.009855143834387566,
2019-10-23,-0.00013706423041093472,
2019-10-24,0.04980226241739382,
2019-10-25,0.031240917310672932,
2019-10-26,-0.03071673597588798,
2019-10-27,-0.02674839871314406,
2019-10-28,-0.002100393744620532,
2019-10-29,-0.000667962954365979,
2019-10-30,-0.016635760121823055,
2019-10-31,0.04227788259720678,
2019-11-01,-0.0075205171921136895,
2019-11-02,-0.0033632389581969993,
2019-11-03,-0.014565555502361383,
2019-11-04,0.005599345126715061,
2019-11-05,-0.0008427912424825905,
2019-11-06,0.021053884960997436,
2019-11-07,-0.017951478389616346,
2019-11-08,0.009721487079189756,
2019-11-09,0.032235737010896263,
2019-11-10,-0.007470699014509284,
2019-11-11,-0.011521139713051137,
2019-11-12,0.02423468490090521,
2019-11-13,0.06991545801124226,
2019-11-14,0.01449085172184669,
2019-11-15,-0.009642178949460973,
2019-11-16,-0.007973909755910592,
2019-11-17,-0.02600839713958441,
2019-11-18,-0.036542207966093344,
2019-11-19,-0.024423118759296893,
2019-11-20,-0.016497824370030556,
2019-11-21,-0.06172880155996056,
2019-11-22,-0.08065484420346625,
2019-11-23,0.039863959999039855,
2019-11-24,-0.08203334941578119,
2019-11-25,0.006327039126168641,
2019-11-26,0.002445375879447964,
2019-11-27,-0.014986499736260329,
2019-11-28,0.01729760934470126,
2019-11-29,0.02860833475135372,
2019-11-30,-0.043443342734155725,
2019-12-01,-0.03423980747233448,
2019-12-02,-0.03355937657067977,
2019-12-03,0.01657290880860422,
2019-12-04,-0.03898370309103563,
2019-12-05,-0.01013413280967036,
2019-12-06,0.032266992730014536,
2019-12-07,-0.015246158785503647,
2019-12-08,-0.0008917876789255958,
2019-12-09,0.015822041664666903,
2019-12-10,0.08227286878130843,
2019-12-11,-0.04151503976986095,
2019-12-12,-0.02745177385391619,
2019-12-13,-0.019833187885408256,
2019-12-14,-0.0321818876542747,
2019-12-15,0.037238085371611405,
2019-12-16,-0.05179522813848037,
2019-12-17,-0.12076461653318936,
2019-12-18,0.06861953175258642,
2019-12-19,-0.03278869906893312,
2019-12-20,0.05500424818268577,
2019-12-21,-0.026410458759135783,
2019-12-22,0.03292861251071589,
2019-12-23,-0.030678900389643896,
2019-12-24,-0.007506475098171568,
2019-12-25,-0.031825995663199345,
2019-12-26,0.03065188748898321,
2019-12-27,0.013790310933141483,
2019-12-28,-0.006299107025248516,
2019-12-29,0.014887899395341285,
2019-12-30,-0.03405193591361207,
2019-12-31,-0.038686989872015694,
2020-01-01,0.021096185979090396,
2020-01-02,-0.037214755886189305,
2020-01-03,0.03872539587308931,
2020-01-04,0.0166574325316884,
2020-01-05,-0.01705272801542152,
2020-01-06,0.06897991543638861,
2020-01-07,0.08860569419471756,
2020-01-08,0.03281259558354494,
2020-01-09,0.0017357273132952474,
2020-01-10,0.01578610730482864,
2020-01-11,0.025868573417737302,
2020-01-12,-0.016597258197726256,
2020-01-13,-0.023190871691404852,
2020-01-14,0.08641789176432539,
2020-01-15,0.008967036481307799,
2020-01-16,0.03134039939864987,
2020-01-17,0.09190531574402049,
2020-01-18,0.020394714840959137,
2020-01-19,-0.0583837596388436,
2020-01-20,0.028454295549942884,
2020-01-21,-0.008704010025092867,
2020-01-22,-0.012191548146678693,
2020-01-23,-0.07212935567626236,
2020-01-24,0.015670439346596794,
2020-01-25,-0.019478263857815183,
2020-01-26,0.045629014426094426,
2020-01-27,0.014531502736931906,
2020-01-28,0.01689115920296352,
2020-01-29,0.04768982353014709,
2020-01-30,0.045863714928116535,
2020-01-31,-0.03265878652836468,
2020-02-01,0.00497935841989723,
2020-02-02,-0.0025206603778985632,
2020-02-03,-0.020282671378621112,
2020-02-04,-0.012167377384091183,
2020-02-05,0.037799922840023564,
2020-02-06,0.01376374884008498,
2020-02-07,0.13727054481425538,
2020-02-08,0.03421482905707112,
2020-02-09,0.018675235356853278,
2020-02-10,-0.020940110035396628,
2020-02-11,0.15320822871913523,
2020-02-12,0.012479147304382068,
2020-02-13,-0.03620821715688598,
2020-02-14,0.13029225589943813,
2020-02-15,-0.02516744821333864,
2020-02-16,0.04359452658673265,
2020-02-17,-0.04387716605373731,
2020-02-18,0.055892640235658,
2020-02-19,-0.03258902524174357,
2020-02-20,-0.029281484621019357,
2020-02-21,0.005148269819863747,
2020-02-22,-0.04553494343240059,
2020-02-23,0.032428448413205635,
2020-02-24,-0.08040063408040081,
2020-02-25,-0.10788336617605337,
2020-02-26,0.0249272977521388,
2020-02-27,0.0929183354619615,
2020-02-28,0.053192114102752444,
2020-02-29,-0.013217723212450854,
2020-03-01,-0.056681432864977115,
2020-03-02,0.08275083403055458,
2020-03-03,0.08406280593371693,
2020-03-04,0.013411157755730856,
2020-03-05,0.016782387808919594,
2020-03-06,-0.00886774672323219,
2020-03-07,-0.07331506038010431,
2020-03-08,-0.06096920495479101,
2020-03-09,-0.004907186374931675,
2020-03-10,-0.0024108500108061407,
2020-03-11,-0.06836635073506915,
2020-03-12,-0.6145044285159684,
2020-03-13,0.15987112698080755,
2020-03-14,-0.12374593573992258,
2020-03-15,-0.01606594363342886,
2020-03-16,-0.17108830698993224,
2020-03-17,0.03554949247454326,
2020-03-18,0.024781957242388068,
2020-03-19,0.17178483211534257,
2020-03-20,-0.0004087885457433997,
2020-03-21,0.010203705678811468,
2020-03-22,-0.1334523907573282,
2020-03-23,0.11752379969473335,
2020-03-24,0.03266527852042954,
2020-03-25,-0.02181220059950093,
2020-03-26,0.015745385679064024,
2020-03-27,-0.05384817813270219,
2020-03-28,-0.017953108313263577,
2020-03-29,-0.05402357428264343,
2020-03-30,0.061705361908845055,
2020-03-31,0.05456961332399741,
2020-04-01,0.003480620267186065,
2020-04-02,0.011835793132425922,
2020-04-03,0.001441852063654344,
2020-04-04,0.009131802789902214,
2020-04-05,-0.021325269272500613,
2020-04-06,0.0984942351911915,
2020-04-07,0.07386317873783711,
2020-04-08,0.14302662309714526,
2020-04-09,0.056040967817838676,
2020-04-10,-0.032151450193866095,
2020-04-11,0.020068086727092968,
2020-04-12,0.05204639272962339,
2020-04-13,-0.028538044926145107,
2020-04-14,-0.0413457593154585,
2020-04-15,-0.035068975727022646,
2020-04-16,0.10272833521070636,
2020-04-17,0.0006372116875690393,
2020-04-18,0.08393773209947296,
2020-04-19,-0.03876680781020729,
2020-04-20,-0.05021472234471128,
2020-04-21,0.0061929691954017724,
2020-04-22,0.05709919584748788,
2020-04-23,0.012114892163988845,
2020-04-24,0.018508138081862597,
2020-04-25,-0.00038779270192792277,
2020-04-26,-0.022778185416375822,
2020-04-27,-0.021272937138911013,
2020-04-28,0.008835363280338371,
2020-04-29,0.05995906009802797,
2020-04-30,-0.04892865886390109,
2020-05-01,0.01671408285618354,
2020-05-02,0.010621602427940439,
2020-05-03,-0.026914105409909697,
2020-05-04,0.012544150674043113,
2020-05-05,-0.021919774637370517,
2020-05-06,-0.012442455932818314,
2020-05-07,0.03138028183900162,
2020-05-08,0.017707441314990094,
2020-05-09,0.05587868538854415,
2020-05-10,-0.07081873975678404,
2020-05-11,-0.04849943290134848,
2020-05-12,0.028559034143953548,
2020-05-13,0.01876863589335473,
2020-05-14,0.011223733208590428,
2020-05-15,-0.03314145872128268,
2020-05-16,0.023384768687944257,
2020-05-17,0.006868082491792262,
2020-05-18,0.026251469861347996,
2020-05-19,0.009650074884002493,
2020-05-20,0.03724701302719948,
2020-05-21,-0.057160837282753604,
2020-05-22,0.05665081073344355,
2020-05-23,-0.02807583134069696,
2020-05-24,-0.030086614845065692,
2020-05-25,0.011064533894607233,
2020-05-26,-0.008322864752293137,
2020-05-27,0.0055695538313802,
2020-05-28,0.04249687972036165,
2020-05-29,-0.010441034299947445,
2020-05-30,0.0442223107701106,
2020-05-31,-0.0091717586822474,
2020-06-01,0.05836068459467906,
2020-06-02,0.001836496255995562,
2020-06-03,0.022940238376869686,
2020-06-04,-0.012632638478617442,
2020-06-05,-0.012683286192650498,
2020-06-06,-0.00798482223722921,
2020-06-07,0.0014984137491200397,
2020-06-08,0.024549189215848154,
2020-06-09,-0.0020413883965480933,
2020-06-10,-0.006865558581471756,
2020-06-11,-0.10711586499616713,
2020-06-12,0.0284146853808811,
2020-06-13,0.005690595728813014,
2020-06-14,-0.03948290357246471,
2020-06-15,-0.005351840018451733,
2020-06-16,0.029065266173347384,
2020-06-17,0.027927269756729076,
2020-06-18,0.0012747477638988037,
2020-06-19,-0.021048266774923722,
2020-06-20,0.02201309147158983,
2020-06-21,0.003967321633174079,
2020-06-22,0.06438609487490331,
2020-06-23,0.07381226535105967,
2020-06-24,-0.018824191237796124,
2020-06-25,0.0209946523192573,
2020-06-26,-0.027444600232208356,
2020-06-27,-0.055563754651477754,
2020-06-28,0.030465289452159428,
2020-06-29,0.010919224781856944,
2020-06-30,-0.009921105702245851,
2020-07-01,0.027941631971750102,
2020-07-02,0.02874270259462867,
2020-07-03,-0.021676786419475666,
2020-07-04,0.013271528830646206,
2020-07-05,-0.013883298820831093,
2020-07-06,0.12341148114378789,
2020-07-07,0.06449557501556692,
2020-07-08,0.12514475902844857,
2020-07-09,-0.05906535615032652,
2020-07-10,0.00603285118515806,
2020-07-11,-0.0029925769695149586,
2020-07-12,0.1784299105354069,
2020-07-13,-0.017513102082283172,
2020-07-14,0.12183645114570336,
2020-07-15,0.0644087487171927,
2020-07-16,-0.03560638240643582,
2020-07-17,-0.00810413171015643,
2020-07-18,-0.03885953139362441,
2020-07-19,0.013270287275744034,
2020-07-20,-0.10358988100202467,
2020-07-21,0.002699807043022794,
2020-07-22,0.025579924916887493,
2020-07-23,0.05324475815718464,
2020-07-24,-0.05783518006980802,
2020-07-25,0.029234522140958685,
2020-07-26,-0.020744385610095752,
2020-07-27,-0.054221257544563216,
2020-07-28,0.018400856968389674,
2020-07-29,-0.014928841795600886,
2020-07-30,0.04162685196413754,
2020-07-31,0.047366224073462054,
2020-08-01,0.06614768126458369,
2020-08-02,-0.004400819346114982,
2020-08-03,0.10254269073691114,
2020-08-04,0.0692699355473763,
2020-08-05,-0.02819703563906029,
2020-08-06,0.059543456410168824,
2020-08-07,-0.008366842380451246,
2020-08-08,0.23023089795073112,
2020-08-09,0.08604174642732214,
2020-08-10,-0.029499185944657134,
2020-08-11,-0.02632347075274658,
2020-08-12,0.2382570563153169,
2020-08-13,0.04022225208566213,
2020-08-14,-0.024640817546824012,
2020-08-15,0.12138239644733612,
2020-08-16,-0.016249960422443425,
2020-08-17,-0.11833877186435508,
2020-08-18,-0.03284566854053946,
2020-08-19,0.0016531499826520227,
2020-08-20,-0.007691226144836744,
2020-08-21,-0.15349215266754748,
2020-08-22,0.14292438929357926,
2020-08-23,-0.04733423673759466,
2020-08-24,0.0017169532755525122,
2020-08-25,-0.0625663448579385,
2020-08-26,0.06902483316038768,
2020-08-27,-0.04922299734285506,
2020-08-28,0.04416486913650689,
2020-08-29,0.08824759897659246,
2020-08-30,-0.0031608368643579322,
2020-08-31,-0.049404414653875225,
2020-09-01,0.02809850372407174,
2020-09-02,-0.07878897295615404,
2020-09-03,-0.218972138062064,
2020-09-04,0.039295871788214816,
2020-09-05,-0.16442545764545202,
2020-09-06,0.196355294581316,
2020-09-07,-0.03627784605951901,
2020-09-08,-0.05446012930372823,
2020-09-09,0.04895122771128905,
2020-09-10,0.013873848389893247,
2020-09-11,-0.003976894880694276,
2020-09-12,0.02153133429972846,
2020-09-13,-0.06265411982779898,
2020-09-14,0.012044498990374682,
2020-09-15,-0.09833933904223602,
2020-09-16,-0.01965373704135919,
2020-09-17,0.021430276542008533,
2020-09-18,-0.08616770555616826,
2020-09-19,0.008072766474784008,
2020-09-20,-0.03768496589345154,
2020-09-21,-0.10765737862697852,
2020-09-22,0.001828237900401756,
2020-09-23,-0.12625354049775736,
2020-09-24,0.24672752106591975,
2020-09-25,0.08421487573197403,
2020-09-26,-0.03585503130092335,
2020-09-27,0.04115515607969956,
2020-09-28,-0.042347096287903604,
2020-09-29,-0.017917199994360915,
2020-09-30,-0.027984552923377665,
2020-10-01,-0.02271647945242037,
2020-10-02,-0.04370439546623892,
2020-10-03,0.009388918447422128,
2020-10-04,0.009763724433364653,
2020-10-05,0.022752157515386635,
2020-10-06,-0.09221469157554175,
2020-10-07,0.02050880750758992,
2020-10-08,0.05590985294430497,
2020-10-09,0.0828733963099995,
2020-10-10,0.012652966505013484,
2020-10-11,0.030846577967124193,
2020-10-12,0.05513566813179593,
2020-10-13,-0.03891396958587734,
2020-10-14,-0.003971209554247666,
2020-10-15,-0.017211185258324706,
2020-10-16,-0.0120305389519208,
2020-10-17,0.004349560451393208,
2020-10-18,0.022760911121931713,
2020-10-19,-0.00040499564070917816,
2020-10-20,-0.09657154117074636,
2020-10-21,0.08969654960657014,
2020-10-22,0.10100457899777818,
2020-10-23,0.017155786700058257,
2020-10-24,0.04561774373979935,
2020-10-25,-0.04592630552402052,
2020-10-26,-0.03448253267384487,
2020-10-27,0.019049996208766184,
2020-10-28,-0.043709906590938846,
2020-10-29,-0.017303023956631955,
2020-10-30,-0.014899430445433152,
2020-10-31,0.010957405745136038,
2020-11-01,0.027754528599292113,
2020-11-02,-0.06620126987519316,
2020-11-03,-0.03876547241405606,
2020-11-04,0.008209135478687195,
2020-11-05,0.048280972512724646,
2020-11-06,0.09766308030700735,
2020-11-07,-0.03022998820926124,
2020-11-08,0.07366634271457435,
2020-11-09,-0.010748307653341003,
2020-11-10,0.03779223996574338,
2020-11-11,-0.01518097744524799,
2020-11-12,-0.03045992140317433,
2020-11-13,0.036731392877238776,
2020-11-14,-0.024428370188810035,
2020-11-15,-0.03685999554161775,
2020-11-16,0.03795927193590096,
2020-11-17,0.033818037789379855,
2020-11-18,0.025961593122897378,
2020-11-19,0.0021307966868140855,
2020-11-20,0.03294999084983852,
2020-11-21,0.08686931431454993,
2020-11-22,-0.06116740813684195,
2020-11-23,0.05560998096986087,
2020-11-24,0.02264208993121028,
2020-11-25,-0.09130275086427628,
2020-11-26,-0.12543603761535024,
2020-11-27,-0.007700905363533305,
2020-11-28,0.045900109175855984,
2020-11-29,0.02197756443448921,
2020-11-30,0.062056080477960796,
2020-12-01,-0.06081313754831761,
2020-12-02,0.04362955120306914,
2020-12-03,-0.0010703614765295005,
2020-12-04,-0.09240941449266989,
2020-12-05,0.033491073615633846,
2020-12-06,0.023904138558599165,
2020-12-07,-0.03082563165002013,
2020-12-08,-0.07423231113057915,
2020-12-09,0.03955979201761891,
2020-12-10,-0.05786336571237854,
2020-12-11,-0.02228241174961031,
2020-12-12,0.046309609386208886,
2020-12-13,0.05731005608192745,
2020-12-14,-0.008350718164237285,
2020-12-15,-0.009827661699046177,
2020-12-16,0.05717435799628166,
2020-12-17,0.0010060782137722975,
2020-12-18,0.003207110702336138,
2020-12-19,-0.0012785527791578464,
2020-12-20,-0.03171903253280991,
2020-12-21,-0.05746619567253189,
2020-12-22,0.036385978698067194,
2020-12-23,-0.166322084565139,
2020-12-24,0.0628250144085556,
2020-12-25,-0.0020865962006148824,
2020-12-26,-0.05185674925005204,
2020-12-27,0.1011000162462747,
2020-12-28,0.038658794117802354,
2020-12-29,-0.07000765919779309,
2020-12-30,-0.04468631783308289,
2020-12-31,0.001742164186672629,
2021-01-01,0.052372459596718886,
2021-01-02,0.028783670389442455,
2021-01-03,0.11040286921721422,
2021-01-04,-0.007000174871054273,
2021-01-05,0.06905123918659983,
2021-01-06,0.16470102356476388,
2021-01-07,-0.06791982260726527,
2021-01-08,-0.04670324362001919,
2021-01-09,0.1418135242318402,
2021-01-10,-0.07990322500913832,
2021-01-11,-0.10980622501341951,
2021-01-12,-0.04457146805912655,
2021-01-13,0.13603550503065276,
2021-01-14,0.1126338552680523,
2021-01-15,0.1476969933423754,
2021-01-16,-0.024260723794619837,
2021-01-17,0.13611176839727324,
2021-01-18,-0.05148898041546806,
2021-01-19,-0.06021557298896193,
2021-01-20,0.05289206886988819,
2021-01-21,-0.1704729723773108,
2021-01-22,0.161027896094109,
2021-01-23,0.13612805329756533,
2021-01-24,-0.002798744817533667,
2021-01-25,-0.04807401718136846,
2021-01-26,-0.021310170073051825,
2021-01-27,-0.08907962851069247,
2021-01-28,0.092888524129055,
2021-01-29,-0.022986590665549044,
2021-01-30,0.03541682144318038,
2021-01-31,-0.04320452457417839,
2021-02-01,0.010726703904921609,
2021-02-02,0.03755744706131026,
2021-02-03,0.05603074979107347,
2021-02-04,-0.023271100444047028,
2021-02-05,0.07315788041441944,
2021-02-06,-0.05058321554758931,
2021-02-07,-0.010397424446766522,
2021-02-08,0.0268565522373624,
2021-02-09,0.08061590495500631,
2021-02-10,-0.02690613825788056,
2021-02-11,0.03716782690544277,
2021-02-12,0.09521283990064348,
2021-02-13,0.10680620126719634,
2021-02-14,-0.024695804301991617,
2021-02-15,-0.021021635062436463,
2021-02-16,-0.017211793352299675,
2021-02-17,0.008746350494684111,
2021-02-18,0.005844539176131964,
2021-02-19,0.06731958620609697,
2021-02-20,-0.017479483654988245,
2021-02-21,0.002331448994390051,
2021-02-22,-0.07980040018635699,
2021-02-23,-0.20032563757603059,
2021-02-24,0.08385122321876376,
2021-02-25,-0.1293128148781481,
2021-02-26,0.018152225522257155,
2021-02-27,0.04034357116131779,
2021-02-28,-0.0616972982529256,
2021-03-01,0.1123720950932261,
2021-03-02,0.03209029386948763,
2021-03-03,0.05070409545294572,
2021-03-04,-0.07782633458600685,
2021-03-05,0.005974122887589362,
2021-03-06,0.011032881430351565,
2021-03-07,0.013330021254512277,
2021-03-08,0.10415415546267881,
2021-03-09,-0.006455357384428524,
2021-03-10,-0.05040188301208851,
2021-03-11,0.005540989325250195,
2021-03-12,-0.055469070023981645,
2021-03-13,0.04532529192796161,
2021-03-14,-0.03353214341926269,
2021-03-15,-0.045456271797117434,
2021-03-16,0.015411831357139165,
2021-03-17,0.10498856389124366,
2021-03-18,-0.049461145424559795,
2021-03-19,0.014002663297912358,
2021-03-20,-0.007535522846828698,
2021-03-21,-0.013830447008191814,
2021-03-22,-0.0663912797747281,
2021-03-23,-0.017349353257401626,
2021-03-24,-0.07130596801959202,
2021-03-25,0.02643660058549262,
2021-03-26,0.06455392302743901,
2021-03-27,-0.01918617549349523,
2021-03-28,-0.00686064363912443,
2021-03-29,0.049489396345230266,
2021-03-30,-0.005279564244255777,
2021-03-31,0.050588266879980574,
2021-04-01,0.02849011275573379,
2021-04-02,0.07380494006931293,
2021-04-03,-0.0966605762136428,
2021-04-04,0.0472890946448267,
2021-04-05,0.045371880663578605,
2021-04-06,0.0707304787208077,
2021-04-07,-0.10973809577548967,
2021-04-08,0.04831925549380599,
2021-04-09,-0.03451308358207692,
2021-04-10,0.008534135905441958,
2021-04-11,0.0612170940789017,
2021-04-12,-0.025032426289351786,
2021-04-13,0.0691781777050841,
2021-04-14,0.15452179345538727,
2021-04-15,0.03353962080354098,
2021-04-16,-0.012149330425262252,
2021-04-17,-0.0414986700227623,
2021-04-18,-0.033673918687298535,
2021-04-19,-0.08642738546757679,
2021-04-20,0.08679402561446056,
2021-04-21,-0.0679335460731483,
2021-04-22,-0.028991459308712057,
2021-04-23,-0.004106082717284794,
2021-04-24,-0.12153747455222151,
2021-04-25,0.010226840896513616,
2021-04-26,0.10412578121434507,
2021-04-27,0.04646089463796184,
2021-04-28,-0.015577959713458413,
2021-04-29,0.005545267928257577,
2021-04-30,0.04492672795245275,
2021-05-01,0.07555555461222789,
2021-05-02,-0.042868724331288015,
2021-05-03,0.06347695066320802,
2021-05-04,0.08284475619889425,
2021-05-05,0.08262168879443212,
2021-05-06,-0.05005746590661415,
2021-05-07,0.045058467357753554,
2021-05-08,-0.011233867569185166,
2021-05-09,0.07101817571056854,
2021-05-10,-0.11721675230234092,
2021-05-11,0.051325543193594364,
2021-05-12,-0.17417040048748056,
2021-05-13,0.033380889794067545,
2021-05-14,0.07387263472766699,
2021-05-15,-0.1148297727348436,
2021-05-16,-0.016736399137868348,
2021-05-17,-0.0899632159645539,
2021-05-18,0.1368980071092317,
2021-05-19,-0.46800490352214114,
2021-05-20,0.15630265126058746,
2021-05-21,-0.18199808953238647,
2021-05-22,-0.09463199900174657,
2021-05-23,-0.15338359834870396,
2021-05-24,0.28252099690752525,
2021-05-25,0.04665097829798378,
2021-05-26,0.20999246926285448,
2021-05-27,-0.07526739467736686,
2021-05-28,-0.12450026264049302,
2021-05-29,-0.09433097484206074,
2021-05-30,0.05768521390692675,
2021-05-31,0.17882650717014711,
2021-06-01,-0.04515037448065162,
2021-06-02,-0.0020853970924736174,
2021-06-03,0.047647157155193395,
2021-06-04,-0.10909156178558742,
2021-06-05,-0.06164884574942705,
2021-06-06,0.015310559683880133,
2021-06-07,-0.11603160926826442,
2021-06-08,-0.017152699764861595,
2021-06-09,0.05889564995705816,
2021-06-10,-0.1023139875470218,
2021-06-11,-0.07358922216451286,
2021-06-12,0.009439845338203898,
2021-06-13,0.07286234991546946,
2021-06-14,0.02302806120934974,
2021-06-15,0.023893404970142997,
2021-06-16,-0.06269085669617544,
2021-06-17,0.013885800024727894,
2021-06-18,-0.09785221216956431,
2021-06-19,-0.039610085571683426,
2021-06-20,0.06705022772987945,
2021-06-21,-0.21794220658503693,
2021-06-22,-0.03381610608894402,
2021-06-23,0.08783891914932833,
2021-06-24,0.03451169315161688,
2021-06-25,-0.11800102326987562,
2021-06-26,0.0034066933750478176,
2021-06-27,0.07787084486368384,
2021-06-28,0.021119087298821733,
2021-06-29,0.03391916050810998,
2021-06-30,-0.001357889339198978,
2021-07-01,-0.06492097758219297,
2021-07-02,0.0034457910871125087,
2021-07-03,0.013760745573085459,
2021-07-04,0.03777238715745956,
2021-07-05,-0.0465441111515607,
2021-07-06,0.09001559802277506,
2021-07-07,-0.016426723913961185,
2021-07-08,-0.07258322373952353,
2021-07-09,0.014602156835523036,
2021-07-10,-0.024096087508486574,
2021-07-11,0.008655645884186085,
2021-07-12,-0.04542187717982648,
2021-07-13,-0.03890260018249163,
2021-07-14,0.004513334769133463,
2021-07-15,-0.07710944491939173,
2021-07-16,-0.031217769496033308,
2021-07-17,0.007712551977625515,
2021-07-18,0.009002002657392842,
2021-07-19,-0.06522616919604397,
2021-07-20,-0.05334637719140248,
2021-07-21,0.104903833594855,
2021-07-22,0.05067441085806731,
2021-07-23,0.02590333714245575,
2021-07-24,0.012370190345259985,
2021-07-25,0.0036768790234006717,
2021-07-26,0.0764440235289681,
2021-07-27,0.07720217533932718,
2021-07-28,-0.02554504955998182,
2021-07-29,0.013764491195459989,
2021-07-30,0.14118081283446896,
2021-07-31,0.021729086570631863,
2021-08-01,-0.024673866919551753,
2021-08-02,0.061170845996114324,
2021-08-03,0.016152597126518106,
2021-08-04,0.01015337723375602,
2021-08-05,-0.006028084182447418,
2021-08-06,-0.008434361687380902,
2021-08-07,0.03079515558367975,
2021-08-08,-0.06869888336312628,
2021-08-09,0.0526154556630938,
2021-08-10,0.014068268031801515,
2021-08-11,0.055450640683090115,
2021-08-12,-0.040296119785296916,
2021-08-13,0.10486888708700379,
2021-08-14,-0.021319844353688236,
2021-08-15,0.026994165490268392,
2021-08-16,0.005912741803799937,
2021-08-17,-0.066858514751532,
2021-08-18,-0.024728232445995015,
2021-08-19,0.06458880759998478,
2021-08-20,0.05888740749140953,
2021-08-21,-0.02966846593350504,
2021-08-22,0.005627830015671667,
2021-08-23,0.01920774889178506,
2021-08-24,-0.10471410035066026,
2021-08-25,0.029160595213678062,
2021-08-26,-0.08624770592520468,
2021-08-27,0.06352042047820869,
2021-08-28,-0.012641695121385134,
2021-08-29,0.002857676929404341,
2021-08-30,-0.03245146634428012,
2021-08-31,0.06668249143362301,
2021-09-01,0.10622898881849432,
2021-09-02,0.007726787730420894,
2021-09-03,0.026805759317407106,
2021-09-04,-0.02828777551284598,
2021-09-05,0.11372401671184548,
2021-09-06,0.035923548973415514,
2021-09-07,-0.21346629754334379,
2021-09-08,-0.03568754695817562,
2021-09-09,0.04875723099821288,
2021-09-10,-0.059244193171192845,
2021-09-11,0.02510624332086113,
2021-09-12,0.08298716077275597,
2021-09-13,-0.09016187200652531,
2021-09-14,0.13127877882180405,
2021-09-15,-0.0014111913469289198,
2021-09-16,-0.028495079901233664,
2021-09-17,-0.07392461639796048,
2021-09-18,0.024795852156591393,
2021-09-19,-0.035013364064535195,
2021-09-20,-0.15710104573499376,
2021-09-21,-0.09470552568113355,
2021-09-22,0.1348200192010178,
2021-09-23,0.039238277651558136,
2021-09-24,-0.08847730121611293,
2021-09-25,0.052395039335708375,
2021-09-26,0.002443943745565593,
2021-09-27,-0.06673613004411852,
2021-09-28,-0.04109498670341402,
2021-09-29,0.033397524488966476,
2021-09-30,0.04722400224580157,
2021-10-01,0.09119771340241575,
2021-10-02,0.02362465559595506,
2021-10-03,0.023325363232995028,
2021-10-04,-0.03724350846271919,
2021-10-05,0.02397921717467108,
2021-10-06,-0.014984546250730695,
2021-10-07,0.0010809917700374272,
2021-10-08,-0.015924807622506094,
2021-10-09,0.039480179454850106,
2021-10-10,-0.06725908778873459,
2021-10-11,-0.01319619826166901,
2021-10-12,-0.02517531203277871,
2021-10-13,0.038535823681719754,
2021-10-14,0.038521108953813825,
2021-10-15,0.00831110819233234,
2021-10-16,0.009078768402629694,
2021-10-17,-0.025177759336587686,
2021-10-18,-0.03237122967922744,
2021-10-19,0.008278361995012432,
2021-10-20,0.055955029893081876,
2021-10-21,0.02846659291858565,
2021-10-22,0.01347217477476587,
2021-10-23,0.09315162235855479,
2021-10-24,-0.054532705966014644,
2021-10-25,0.08816235244751763,
2021-10-26,0.004067893591259482,
2021-10-27,-0.11884205143921803,
2021-10-28,0.0457775296857789,
2021-10-29,0.0234094001363978,
2021-10-30,-0.0373653466164902,
2021-10-31,0.006382925787271603,
2021-11-01,0.05077365788484901,
2021-11-02,0.01815495450078625,
2021-11-03,-0.0085485780120725,
2021-11-04,-0.03017615476193277,
2021-11-05,0.0591381778547146,
2021-11-06,-0.0259739285168201,
2021-11-07,0.008085314649334208,
2021-11-08,0.06339417073077709,
2021-11-09,-0.017810137167231295,
2021-11-10,0.015247051192360505,
2021-11-11,0.014376494070219722,
2021-11-12,-0.014041998524012243,
2021-11-13,-0.00643632007717654,
2021-11-14,-0.007599746414290049,
2021-11-15,-0.053350814012374174,
2021-11-16,-0.09393660481853909,
2021-11-17,-0.0005758338204518077,
2021-11-18,-0.09606919627786428,
2021-11-19,0.0644338704104009,
2021-11-20,0.0012909525097358065,
2021-11-21,0.02319338336106652,
2021-11-22,-0.08268498393632424,
2021-11-23,0.005499834275866378,
2021-11-24,-0.02629248647131872,
2021-11-25,0.022359657453538587,
2021-11-26,-0.10095181682699794,
2021-11-27,0.006989285578672878,
2021-11-28,0.027988697682921962,
2021-11-29,0.006781324834674104,
2021-11-30,0.013094997051588196,
2021-12-01,0.002556455093464184,
2021-12-02,-0.033191237107486775,
2021-12-03,-0.053313874963243926,
2021-12-04,-0.1234020784673464,
2021-12-05,-0.059274131466655285,
2021-12-06,0.0196328492961166,
2021-12-07,0.05901516371335082,
2021-12-08,0.08163278130041363,
2021-12-09,-0.11776009555702098,
2021-12-10,-0.0883228433732082,
2021-12-11,0.07052572077451291,
2021-12-12,0.02529968155813772,
2021-12-13,-0.14052806755610525,
2021-12-14,-0.011296357849103092,
2021-12-15,0.06562679944026556,
2021-12-16,-0.04724395803451632,
2021-12-17,-0.02542620526591482,
2021-12-18,0.06487347770503066,
2021-12-19,-0.036081350091156775,
2021-12-20,-0.0067619464653156216,
2021-12-21,0.03648410425212388,
2021-12-22,0.024183928661839493,
2021-12-23,0.10513916535991397,
2021-12-24,-0.031611300963659064,
2021-12-25,0.028850195172681795,
2021-12-26,0.03980563269901246,
2021-12-27,-0.00028479148924841056,
2021-12-28,-0.12098290281367044,
2021-12-29,-0.03465505822624649,
2021-12-30,0.011149765940543597,
2021-12-31,-0.01871566483497018,
2022-01-01,0.05324210900220462,
2022-01-02,0.054873310960849804,
2022-01-03,0.07676028320062993,
2022-01-04,-0.002850648523459295,
2022-01-05,0.07853682529507208,
2022-01-06,-0.002337669495726866,
2022-01-07,0.022883329529981348,
2022-01-08,-0.018947059006680735,
2022-01-09,0.07886280057189357,
2022-01-10,0.011584357898458863,
2022-01-11,-0.043960500125810244,
2022-01-12,0.0033546347536474483,
2022-01-13,-0.07381239947732235,
2022-01-14,0.03581421481863604,
2022-01-15,-0.020462102904301976,
2022-01-16,0.011920319630935894,
2022-01-17,-0.0693534425619093,
2022-01-18,-0.03569293437452915,
2022-01-19,-0.060473060946325805,
2022-01-20,-0.06973519903814202,
2022-01-21,-0.14801412389161825,
2022-01-22,-0.09665350404132654,
2022-01-23,0.04505000825754421,
2022-01-24,-0.06162584099778486,
2022-01-25,-0.003667785973694659,
2022-01-26,-0.016447386402123343,
2022-01-27,-0.0057401479005296605,
2022-01-28,0.060490429398582686,
2022-01-29,0.0050661499328045504,
2022-01-30,0.09184814681932837,
2022-01-31,-0.03027470552127724,
2022-02-01,-0.012488423178312003,
2022-02-02,-0.07333527326150259,
2022-02-03,0.02284790120409271,
2022-02-04,0.07549785200080479,
2022-02-05,0.019935796089334372,
2022-02-06,0.013191588198443452,
2022-02-07,0.045198668146733505,
2022-02-08,-0.02449708963219867,
2022-02-09,0.012098372112542765,
2022-02-10,-0.06187219752223521,
2022-02-11,-0.07967885978666228,
2022-02-12,-0.014527787259748482,
2022-02-13,-0.013583421188618676,
2022-02-14,0.013560744956102148,
2022-02-15,0.08311320344618357,
2022-02-16,-0.008578750752858822,
2022-02-17,-0.09727743876780973,
2022-02-18,-0.022575020512761123,
2022-02-19,0.01901051997913613,
2022-02-20,-0.05786317896984434,
2022-02-21,-0.07887062971936182,
2022-02-22,0.03597361418002682,
2022-02-23,-0.04514600360819525,
2022-02-24,-0.010141122237577817,
2022-02-25,0.0775786041254307,
2022-02-26,0.024268680442450095,
2022-02-27,-0.0730310550497679,
2022-02-28,0.10182102126305194,
2022-03-01,0.01427683943493272,
2022-03-02,-0.0026380077242124963,
2022-03-03,-0.026374780176115723,
2022-03-04,-0.08276353156358257,
2022-03-05,0.021905156443278697,
2022-03-06,-0.05007528625210378,
2022-03-07,-0.048061251724872044,
2022-03-08,0.028311894221765166,
2022-03-09,0.06906111056872494,
2022-03-10,-0.06022022376392233,
2022-03-11,-0.008987971703273449,
2022-03-12,0.008241034571159135,
2022-03-13,-0.034020949166718134,
2022-03-14,0.05066554002389657,
2022-03-15,0.02313577546435064,
2022-03-16,0.06921018030927234,
2022-03-17,-0.018680926756441646,
2022-03-18,0.041255491778629874,
2022-03-19,-0.003525678460313307,
2022-03-20,-0.028863707435344766,
2022-03-21,0.030911682444492678,
2022-03-22,0.029206946457989845,
2022-03-23,0.022340404589537708,
2022-03-24,0.023171692747849297,
2022-03-25,-0.03699993497634855,
2022-03-26,0.015065896748264352,
2022-03-27,0.06279559243247405,
2022-03-28,-0.020004846761335206,
2022-03-29,0.027567806305597593,
2022-03-30,0.01384941116272992,
2022-03-31,-0.017491173559118254,
2022-04-01,0.02326486720778681,
2022-04-02,0.005301022770315718,
2022-04-03,0.03900175412309388,
2022-04-04,-0.034717009920988445,
2022-04-05,-0.04112085364338424,
2022-04-06,-0.08359501974175136,
2022-04-07,0.022155351532069163,
2022-04-08,-0.041335148368702064,
2022-04-09,0.01959478022654556,
2022-04-10,-0.00547078399850922,
2022-04-11,-0.10927194526739235,
2022-04-12,0.015764489704812996,
2022-04-13,0.01497061367796858,
2022-04-14,-0.03859230220299421,
2022-04-15,0.034142745511542213,
2022-04-16,0.0022371148327463143,
2022-04-17,-0.02755654413762905,
2022-04-18,0.019564795807403182,
2022-04-19,0.015554001693288754,
2022-04-20,-0.016498208568665004,
2022-04-21,-0.03142823476663674,
2022-04-22,0.0016121809953343928,
2022-04-23,-0.019694840725836722,
2022-04-24,-0.004096065406578343,
2022-04-25,0.012776219456083475,
2022-04-26,-0.08547116342098715,
2022-04-27,0.030009306253219733,
2022-04-28,-0.005580606406166359,
2022-04-29,-0.056187120247602806,
2022-04-30,-0.08478572398070257,
2022-05-01,0.028409682573820094,
2022-05-02,-0.011833257268504588,
2022-05-03,-0.005151580519277009,
2022-05-04,0.08811238475994235,
2022-05-05,-0.10728666713477254,
2022-05-06,-0.010750820743336132,
2022-05-07,-0.05324132384207875,
2022-05-08,-0.02477199241674255,
2022-05-09,-0.18867239713262746,
2022-05-10,0.03837381188146713,
2022-05-11,-0.21571016456648198,
2022-05-12,-0.05145336277935162,
2022-05-13,0.08511500733518973,
2022-05-14,0.018958179959052027,
2022-05-15,0.0864654940562927,
2022-05-16,-0.068162438916659,
2022-05-17,0.04050526746197284,
2022-05-18,-0.1235946011186082,
2022-05-19,0.05638179277482965,
2022-05-20,-0.04653568704945632,
2022-05-21,0.024081014652404344,
2022-05-22,0.04149510769335643,
2022-05-23,-0.04522367493127329,
2022-05-24,0.02868348126540482,
2022-05-25,-0.036210334648267034,
2022-05-26,-0.054395548355531446,
2022-05-27,-0.051459685742223905,
2022-05-28,0.02656186675420489,
2022-05-29,0.021179922944381722,
2022-05-30,0.10529091200838463,
2022-05-31,0.018215429042330353,
2022-06-01,-0.09206298922434877,
2022-06-02,0.03906958822975795,
2022-06-03,-0.04821089042772463,
2022-06-04,0.07483830930566866,
2022-06-05,0.03210167159676898,
2022-06-06,0.04163283784497274,
2022-06-07,0.09179402444481771,
2022-06-08,-0.0013846829150708207,
2022-06-09,0.06219103410044289,
2022-06-10,-0.14210222186999977,
2022-06-11,-0.13710719589781906,
2022-06-12,-0.10150550402783537,
2022-06-13,-0.07341493262516195,
2022-06-14,0.13800932495249954,
2022-06-15,0.08084859837997803,
2022-06-16,-0.14503354429305682,
2022-06-17,0.0037826084660788142,
2022-06-18,-0.06960187787046423,
2022-06-19,0.10618005677435134,
2022-06-20,0.05947213970744096,
2022-06-21,-0.023427221386859477,
2022-06-22,-0.0307796916510585,
2022-06-23,0.05406259757537944,
2022-06-24,0.0405548203639927,
2022-06-25,-0.0024724074115421734,
2022-06-26,-0.07483106586970853,
2022-06-27,-0.028169844901585566,
2022-06-28,-0.03644625917097009,
2022-06-29,-0.017828065179692383,
2022-06-30,0.006553363908279133,
2022-07-01,-0.030812732316929933,
2022-07-02,0.025116083337441388,
2022-07-03,-0.0031878575671863106,
2022-07-04,0.035785155511039876,
2022-07-05,-0.01706766204463118,
2022-07-06,0.002528224300894024,
2022-07-07,0.04659450731507224,
2022-07-08,-0.04033863874781395,
2022-07-09,0.019461794626726783,
2022-07-10,-0.047489408772898326,
2022-07-11,-0.02532343051781313,
2022-07-12,-0.012764448673526238,
2022-07-13,0.03441336866676307,
2022-07-14,0.01452554526753216,
2022-07-15,0.009351422510515921,
2022-07-16,0.038942865601601366,
2022-07-17,-0.03559331072346547,
2022-07-18,0.10602501970786084,
2022-07-19,0.027662523737931183,
2022-07-20,-0.05435819408880397,
2022-07-21,0.018166953187902964,
2022-07-22,-0.027132606636157634,
2022-07-23,0.007132148677658926,
2022-07-24,0.035595511041810794,
2022-07-25,-0.09439625626936875,
2022-07-26,-0.019434476924219103,
2022-07-27,0.0779040688908935,
2022-07-28,0.05177425735087646,
2022-07-29,0.09156436841703038,
2022-07-30,-0.013899262519877551,
2022-07-31,-0.01779232021182759,
2022-08-01,-0.010354449955556845,
2022-08-02,-0.05104676136402462,
2022-08-03,0.010856369935127163,
2022-08-04,0.009529100229521411,
2022-08-05,0.06690162536307295,
2022-08-06,-0.007955946559454669,
2022-08-07,0.06264474087360579,
2022-08-08,0.03982994692909869,
2022-08-09,0.012866401704432817,
2022-08-10,0.033404213535349996,
2022-08-11,-0.010104507429534766,
2022-08-12,0.04018110787242964,
2022-08-13,-0.02170032627621855,
2022-08-14,-0.040126570293306504,
2022-08-15,-0.013249668127008837,
2022-08-16,-0.022161665614339254,
2022-08-17,-0.05047354136775114,
2022-08-18,-0.048229306566402716,
2022-08-19,-0.1049224096168828,
2022-08-20,-0.00032607462606427414,
2022-08-21,0.02627250388191151,
2022-08-22,-0.007411717389550081,
2022-08-23,0.02937392232856162,
2022-08-24,-0.015109728860604453,
2022-08-25,-0.00028771529096469273,
2022-08-26,-0.09505669842336388,
2022-08-27,0.007546840942590541,
2022-08-28,-0.0427190498661703,
2022-08-29,0.06779166287039606,
2022-08-30,-0.02198884252504869,
2022-08-31,0.011073685497744772,
2022-09-01,0.039166133017682056,
2022-09-02,0.004022359564616948,
2022-09-03,-0.01207939244662778,
2022-09-04,0.04355965649541607,
2022-09-05,0.029933359064963236,
2022-09-06,-0.09916821365393123,
2022-09-07,0.05964421200030595,
2022-09-08,0.04485454508518561,
2022-09-09,0.04483573313876331,
2022-09-10,0.021213016021059763,
2022-09-11,0.012873154867492607,
2022-09-12,-0.03395673706742876,
2022-09-13,-0.08329358913281742,
2022-09-14,0.05452978092248495,
2022-09-15,0.012093915398884356,
2022-09-16,0.01269257500427283,
2022-09-17,0.058378086115755345,
2022-09-18,-0.07650819784271261,
2022-09-19,-0.026294711870000004,
2022-09-20,-0.06005725208138975,
2022-09-21,-0.02567568327646979,
2022-09-22,0.05919134503205644,
2022-09-23,0.04527093694886801,
2022-09-24,0.025048305713749667,
2022-09-25,0.029533566595300365,
2022-09-26,0.007680640271606404,
2022-09-27,0.018157650503553207,
2022-09-28,-0.032480576436022125,
2022-09-29,0.01095645065604179,
2022-09-30,-0.04122311377322406,
2022-10-01,-0.02586049693166195,
2022-10-02,-0.03499800471828093,
2022-10-03,0.02781006231589293,
2022-10-04,0.051402319708393485,
2022-10-05,0.019585674969226714,
2022-10-06,-0.03075490109093158,
2022-10-07,-0.004065732135255858,
2022-10-08,-0.020984114625084246,
2022-10-09,0.02356018116484992,
2022-10-10,-0.03262355510898191,
2022-10-11,-0.03466661621398988,
2022-10-12,0.003052562755298542,
2022-10-13,-0.015658850477098717,
2022-10-14,-0.02041126014791269,
2022-10-15,-0.0013714306841842339,
2022-10-16,0.04096016539012318,
2022-10-17,0.021833940059978723,
2022-10-18,-0.0298252894387542,
2022-10-19,-0.04888261828976032,
2022-10-20,-0.016623340980431646,
2022-10-21,0.021777848082662372,
2022-10-22,0.008349141237710732,
2022-10-23,0.02797472362771681,
2022-10-24,-0.02179904039897833,
2022-10-25,0.023763359888089735,
2022-10-26,0.011202108386790486,
2022-10-27,-0.035657933070310614,
2022-10-28,0.029713838827735754,
2022-10-29,0.0675282557580478,
2022-10-30,0.022540138249608908,
2022-10-31,0.00946586179167004,
2022-11-01,-0.021514619359792125,
2022-11-02,-0.03517785224777417,
2022-11-03,0.03763868706146322,
2022-11-04,0.1249970134062523,
2022-11-05,-0.008531894499743016,
2022-11-06,-0.0649610270621349,
2022-11-07,0.09110092000961047,
2022-11-08,-0.146814457071785,
2022-11-09,-0.21066631212067632,
2022-11-10,0.1474929256389712,
2022-11-11,-0.02846544030961928,
2022-11-12,-0.11346908968056196,
2022-11-13,-0.030371906949127114,
2022-11-14,0.03112579521401197,
2022-11-15,0.024420808496565104,
2022-11-16,-0.036833177224601645,
2022-11-17,0.007510409224456191,
2022-11-18,-0.007868053674156907,
2022-11-19,-0.005656273361141143,
2022-11-20,-0.06351174323256098,
2022-11-21,0.01683111344869616,
2022-11-22,0.08626814190711891,
2022-11-23,0.04624113377361133,
2022-11-24,0.01906727558453204,
2022-11-25,0.0016599793552415744,
2022-11-26,0.04366241653325296,
2022-11-27,-0.034841145780908085,
2022-11-28,0.04333887128301584,
2022-11-29,0.015570134109760431,
2022-11-30,0.04790484427382345,
2022-12-01,0.0009190716249340306,
2022-12-02,-0.009328175162567313,
2022-12-03,-0.04979370823010119,
2022-12-04,0.027641332282583194,
2022-12-05,-0.023212524971253135,
2022-12-06,-0.019738650297553437,
2022-12-07,-0.035176351028566366,
2022-12-08,0.01717914699969058,
2022-12-09,-0.021196408551759378,
2022-12-10,-0.000971112523774199,
2022-12-11,-0.02034290980971846,
2022-12-12,-0.0033941473923345955,
2022-12-13,0.032339726904878005,
2022-12-14,-0.0268015106787919,
2022-12-15,-0.042053197072439825,
2022-12-16,-0.08932815500027745,
2022-12-17,0.02191862809665462,
2022-12-18,-0.011226408756292062,
2022-12-19,-0.02943162315525844,
2022-12-20,0.03869944748898801,
2022-12-21,-0.006463486345651598,
2022-12-22,0.0035215630247491577,
2022-12-23,-0.010028436914403565,
2022-12-24,-0.0038031042556204327,
2022-12-25,0.01107978675705542,
2022-12-26,0.008572555568854749,
2022-12-27,-0.023215333027939843,
2022-12-28,-0.03839593131965737,
2022-12-29,-0.01311920474257966,
2022-12-30,-0.024447568961788124,
2022-12-31,0.018268370242325062,
2023-01-01,0.009554178880972314,
2023-01-02,0.01146987733028666,
2023-01-03,-0.011633546041729873,
2023-01-04,0.03187548925853086,
2023-01-05,-0.027344902096859903,
2023-01-06,0.010893917812944926,
2023-01-07,0.02049597384447466,
2023-01-08,0.017640281566280464,
2023-01-09,0.023198279118838497,
2023-01-10,0.013458910410812852,
2023-01-11,0.021084482799405162,
2023-01-12,0.002957976832768287,
2023-01-13,0.033861517915515324,
2023-01-14,0.03851533728483309,
2023-01-15,-0.024682040370077304,
2023-01-16,-0.004038274213742655,
2023-01-17,0.022677969670335994,
2023-01-18,-0.07124406497276828,
2023-01-19,0.025539080606042368,
2023-01-20,0.06494518964663612,
2023-01-21,-0.011713093945035962,
2023-01-22,0.016393870706081663,
2023-01-23,0.005892198685742482,
2023-01-24,-0.053356451656473666,
2023-01-25,0.044094898993332646,
2023-01-26,0.0303723993771125,
2023-01-27,0.027124027932525118,
2023-01-28,-0.022489462791765086,
2023-01-29,0.02468731026729539,
2023-01-30,-0.06737139244341869,
2023-01-31,0.006514430432542446,
2023-02-01,0.03741927366305034,
2023-02-02,-0.015823041053700086,
2023-02-03,0.02620007167476227,
2023-02-04,-0.007224004040332149,
2023-02-05,-0.03566503209686836,
2023-02-06,-0.02221210176836759,
2023-02-07,0.05226124688762427,
2023-02-08,-0.010806769007489645,
2023-02-09,-0.01976191310564629,
2023-02-10,-0.01161415589670078,
2023-02-11,0.014919089029238441,
2023-02-12,-0.02869885821236069,
2023-02-13,-0.020167439531339582,
2023-02-14,0.020057931697917822,
2023-02-15,0.06599061887370934,
2023-02-16,-0.03390206731051657,
2023-02-17,0.0870903907553853,
2023-02-18,0.04369377552293992,
2023-02-19,-0.0013315569293359463,
2023-02-20,0.0005203031839490509,
2023-02-21,-0.0473865118781884,
2023-02-22,0.00929647897281184,
2023-02-23,0.029198914813926505,
2023-02-24,-0.06234251560982877,
2023-02-25,-0.010792158058856353,
2023-02-26,0.015549923181765998,
2023-02-27,-0.028717675712526522,
2023-02-28,-0.01200998653321163,
2023-03-01,0.04557698967151454,
2023-03-02,-0.035285461354873204,
2023-03-03,-0.04487617341588091,
2023-03-04,-0.013988496765033092,
2023-03-05,0.01322882378356193,
2023-03-06,-0.011892115900871634,
2023-03-07,0.0013424999572879768,
2023-03-08,-0.04261778027525631,
2023-03-09,-0.06684720894959667,
2023-03-10,0.01073070685136246,
2023-03-11,-0.002699463173708067,
2023-03-12,0.059800641795373005,
2023-03-13,0.02799185182302608,
2023-03-14,0.028996394848927482,
2023-03-15,-0.0629275821631607,
2023-03-16,0.01827314237211442,
2023-03-17,0.07926172772678587,
2023-03-18,-0.04125777501291269,
2023-03-19,0.023983999603011837,
2023-03-20,-0.006311906523840039,
2023-03-21,0.04816602896947797,
2023-03-22,-0.031016116714210354,
2023-03-23,0.059669822964655665,
2023-03-24,-0.055808270811251975,
2023-03-25,-0.016987130204610477,
2023-03-26,0.02460684992825,
2023-03-27,-0.05517521027138774,
2023-03-28,0.011912809176408329,
2023-03-29,0.05976043800777448,
2023-03-30,-0.02049909750933644,
2023-03-31,0.048844228030436795,
2023-04-01,-0.016091271906331833,
2023-04-02,-0.03936352547977689,
2023-04-03,-0.002702704525664929,
2023-04-04,0.01913608545604979,
2023-04-05,-0.0072647813773081635,
2023-04-06,-0.017237248623644914,
2023-04-07,0.010713658170460513,
2023-04-08,-0.01931067640765683,
2023-04-09,0.010375858182922058,
2023-04-10,0.018235651414528493,
2023-04-11,-0.004270925132536816,
2023-04-12,-0.0087211391187075,
2023-04-13,0.031331868519278425,
2023-04-14,0.03773666349234153,
2023-04-15,0.03308197954783838,
2023-04-16,0.015278292794081817,
2023-04-17,0.003401092593560004,
2023-04-18,0.04910564794537309,
2023-04-19,-0.09859797848868276,
2023-04-20,-0.032737788650484545,
2023-04-21,-0.05485046480989786,
2023-04-22,0.008692512441863968,
2023-04-23,-0.014017562291419348,
2023-04-24,-0.0004721136733675947,
2023-04-25,0.02720250831594459,
2023-04-26,-0.03742993030964501,
2023-04-27,0.023420438411357245,
2023-04-28,-0.01695690551441955,
2023-04-29,0.019353370840875725,
2023-04-30,-0.01896489821594493,
2023-05-01,-0.021488241427242906,
2023-05-02,0.012299439138971717,
2023-05-03,0.0193723965893938,
2023-05-04,-0.017805523704768282,
2023-05-05,0.03347867198458842,
2023-05-06,-0.04123870491697566,
2023-05-07,-0.004863674450560707,
2023-05-08,-0.04702411711008508,
2023-05-09,-0.010282371049726494,
2023-05-10,0.010918875693429603,
2023-05-11,-0.03533767043979734,
2023-05-12,0.039245083979649834,
2023-05-13,-0.0186096702607739,
2023-05-14,0.0066838472710161415,
2023-05-15,0.014253748784740276,
2023-05-16,0.003171649106284919,
2023-05-17,0.014201303202344332,
2023-05-18,-0.032914346858998654,
2023-05-19,-0.004078819337605303,
2023-05-20,0.0005867265861008504,
2023-05-21,-0.012781396165843876,
2023-05-22,0.015578287399716463,
2023-05-23,-0.0033341778165169897,
2023-05-24,-0.028249338964294164,
2023-05-25,-0.007632268927296187,
2023-05-26,0.011530917550638157,
2023-05-27,0.013857675888871508,
2023-05-28,0.03038587436992011,
2023-05-29,0.0002406634048078125,
2023-05-30,-0.003960613238092229,
2023-05-31,-0.020359129229195135,
2023-06-01,-0.020852215042271437,
2023-06-02,0.017138359129228106,
2023-06-03,-0.00614740337645438,
2023-06-04,0.006077920624045753,
2023-06-05,-0.06228921081333806,
2023-06-06,0.03159495705311573,
2023-06-07,-0.05689357973745948,
2023-06-08,0.013675350002568505,
2023-06-09,-0.0015246709323541406,
2023-06-10,-0.13295788409822523,
2023-06-11,-0.013006763946836402,
2023-06-12,-0.0018744557798085818,
2023-06-13,0.02486856719440722,
2023-06-14,-0.00967694287367802,
2023-06-15,0.01200399272869591,
2023-06-16,0.00243740933605579,
2023-06-17,-0.006712683866748078,
2023-06-18,-0.0233431184865955,
2023-06-19,-0.008179375823053468,
2023-06-20,0.02759932190162562,
2023-06-21,0.055488027789945785,
2023-06-22,0.0008834874199224165,
2023-06-23,0.08451369954393714,
2023-06-24,0.01246961984641688,
2023-06-25,0.0023412096982691477,
2023-06-26,-0.013674951352397591,
2023-06-27,0.021613507707115127,
2023-06-28,-0.06283158584700207,
2023-06-29,0.013603254634731634,
2023-06-30,0.06686521887279363,
2023-07-01,0.029523429024849543,
2023-07-02,0.005008104993406084,
2023-07-03,0.013690023116287435,
2023-07-04,-0.014314708604022331,
2023-07-05,-0.0345972434195401,
2023-07-06,-0.03433528605936195,
2023-07-07,0.010053417151795481,
2023-07-08,0.006385092958880279,
2023-07-09,-0.007267402754925119,
2023-07-10,0.0032235092947672504,
2023-07-11,0.005724413841452992,
2023-07-12,0.007235355974356902,
2023-07-13,0.12656833305365572,
2023-07-14,-0.020886948514247706,
2023-07-15,-0.004407095267450535,
2023-07-16,-0.044325651834817036,
2023-07-17,0.08341020703749279,
2023-07-18,-0.03802125943399171,
2023-07-19,-0.0006822250668069889,
2023-07-20,0.18731389817915867,
2023-07-21,-0.024212919886234557,
2023-07-22,-0.03400023056945453,
2023-07-23,0.003183234690090714,
2023-07-24,-0.03930008317025981,
2023-07-25,-0.02513787305115892,
2023-07-26,0.04625782313462164,
2023-07-27,0.030051428714699797,
2023-07-28,-0.023643238768456205,
2023-07-29,0.006510819494904894,
2023-07-30,-0.03840483187883794,
2023-07-31,-0.0015244022841354303,
2023-08-01,0.011041022135036329,
2023-08-02,-0.037142544134450985,
2023-08-03,-0.030878378173222074,
2023-08-04,0.0010250872348794157,
2023-08-05,0.012215417020762917,
2023-08-06,-0.016523180894207595,
2023-08-07,0.02710039909420781,
2023-08-08,0.02077588338015999,
2023-08-09,0.03223102691169655,
2023-08-10,-0.011145966592189194,
2023-08-11,-0.016349939317318592,
2023-08-12,-0.006082236678034072,
2023-08-13,-0.009535378605657764,
2023-08-14,0.0061798484401571745,
2023-08-15,-0.05194591215646155,
2023-08-16,-0.0414310514604245,
2023-08-17,-0.08408279888444045,
2023-08-18,-0.006339491747314421,
2023-08-19,0.00022165205346230817,
2023-08-20,0.006941328029093066,
2023-08-21,-0.00600451716411923,
2023-08-22,-0.011586192928853434,
2023-08-23,0.038080204794239,
2023-08-24,-0.043148627384036416,
2023-08-25,-0.011708250468857923,
2023-08-26,-0.0008245882260667606,
2023-08-27,0.0034101205779986108,
2023-08-28,-0.007428136170378353,
2023-08-29,0.035100832622907856,
2023-08-30,-0.0420125522927703,
2023-08-31,-0.010496014376514822,
2023-09-01,0.009897603107093395,
2023-09-02,0.0055294852758416965,
2023-09-03,0.009647254389991932,
2023-09-04,-0.0023325377175214454,
2023-09-05,0.02039774616905976,
2023-09-06,0.02551735527397641,
2023-09-07,0.014328276852727589,
2023-09-08,-0.01694273361389181,
2023-09-09,-0.017634955797148532,
2023-09-10,-0.02457931191085147,
2023-09-11,-0.03276225604614683,
2023-09-12,0.02302082296662536,
2023-09-13,0.010376439937542172,
2023-09-14,0.02163543716922654,
2023-09-15,0.03336136317078203,
2023-09-16,-0.012438943580672216,
2023-09-17,-0.02245571993101479,
2023-09-18,0.06641166258559417,
2023-09-19,0.04426574911157247,
2023-09-20,0.007100767083332866,
2023-09-21,-0.0336648605846113,
2023-09-22,0.03811930646272671,
2023-09-23,0.03580934635094915,
2023-09-24,-0.02869774988719362,
2023-09-25,0.06859197812410395,
2023-09-26,-0.01624861773666132,
2023-09-27,0.037157398783253526,
2023-09-28,0.023356901475067166,
2023-09-29,0.016754867866384835,
2023-09-30,0.028083811492075544,
2023-10-01,-0.01649628524569686,
2023-10-02,-0.074136308330035,
2023-10-03,-0.006950099448028016,
2023-10-04,0.034416333017423834,
2023-10-05,-0.027045469517009677,
2023-10-06,0.023471511892637856,
2023-10-07,-0.015699926308157384,
2023-10-08,0.021064413867312788,
2023-10-09,-0.05481625350168508,
2023-10-10,-0.002286354854758231,
2023-10-11,0.01726879648897044,
2023-10-12,-0.026297268314360293,
2023-10-13,0.00808306094516607,
2023-10-14,0.008625941567789706,
2023-10-15,0.01347236724052542,
2023-10-16,0.0156624655887996,
2023-10-17,-0.02774225897540796,
2023-10-18,0.003979130677297577,
2023-10-19,-0.006915008709553428,
2023-10-20,0.03629989510089962,
2023-10-21,0.16083423423179555,
2023-10-22,0.12919316756385335,
2023-10-23,0.017027497935075558,
2023-10-24,-0.01448997815819825,
2023-10-25,0.05913340147853772,
2023-10-26,-0.008831162189354431,
2023-10-27,0.024866004911632805,
2023-10-28,-0.02521637421064463,
2023-10-29,0.016118801366131537,
2023-10-30,0.012230119609848572,
2023-10-31,0.01220683835541892,
2023-11-01,0.021813808688715068,
2023-11-02,-0.05488354144834564,
2023-11-03,0.042672837935043575,
2023-11-04,0.0011397959154469063,
2023-11-05,0.06159164098587733,
2023-11-06,0.062022311239343514,
2023-11-07,0.004803720416667744,
2023-11-08,0.13383192753047668,
2023-11-09,-0.020414013337552155,
2023-11-10,0.05807343544298092,
2023-11-11,0.0572805620420398,
2023-11-12,-0.02609281326675928,
2023-11-13,-0.10505891492545417,
2023-11-14,-0.030801208965303663,
2023-11-15,0.07236995158846264,
2023-11-16,-0.0783303057455066,
2023-11-17,-0.014801474439405977,
2023-11-18,0.004399746900453271,
2023-11-19,0.08300439401863446,
2023-11-20,-0.03219859175726453,
2023-11-21,-0.06684684819060292,
2023-11-22,0.0521180995599732,
2023-11-23,0.011825198988991426,
2023-11-24,0.004022720119763794,
2023-11-25,0.020224828934191728,
2023-11-26,0.002161173253002224,
2023-11-27,-0.040448044031113406,
2023-11-28,0.022237833310171796,
2023-11-29,-0.0005676380634682179,
2023-11-30,-0.0075063789716560995,
2023-12-01,0.03938076614679725,
2023-12-02,0.06532108601422573,
2023-12-03,-0.015820627196065227,
2023-12-04,0.001443135788421324,
2023-12-05,-0.003071876553826335,
2023-12-06,-0.027804545584000494,
2023-12-07,0.027084682310333577,
2023-12-08,0.07540950928001561,
2023-12-09,-0.04346264934686436,
2023-12-10,0.006899336809881616,
2023-12-11,-0.10121608549426288,
2023-12-12,-0.016669775515617546,
2023-12-13,0.01757618851351398,
2023-12-14,0.04078516316938031,
2023-12-15,-0.07176493053163097,
2023-12-16,-0.0006739582068114222,
2023-12-17,-0.021067725479629998,
2023-12-18,0.043778557154948695,
2023-12-19,-0.038401515081897306,
2023-12-20,0.009174962662228838,
2023-12-21,0.07181322947707369,
2023-12-22,0.013635777490026637,
2023-12-23,0.012218517772404597,
2023-12-24,-0.024391691775900722,
2023-12-25,0.01938319472028427,
2023-12-26,-0.03368732807810608,
2023-12-27,0.09963339292090974,0.0007531025330536067
2023-12-28,-0.038329924184616865,0.006933453027158976
2023-12-29,-0.03260384019164649,0.007894890382885933
2023-12-30,-0.022150253087404606,0.007697416003793478
2023-12-31,-0.016260996340240776,0.004151142667979002
2024-01-01,0.03864179393586207,0.02176007628440857
2024-01-02,-0.024256550463695667,0.0025380728766322136
2024-01-03,-0.06928755009816158,-0.0016613838961347938
2024-01-04,0.02810115355620599,-0.00015156915469560772
2024-01-05,-0.03417434744718673,0.005538629367947578
2024-01-06,-0.04649760879395201,-0.009541795589029789
2024-01-07,-0.021558498948297804,0.004205148201435804
2024-01-08,0.07445526890500427,0.0008334864978678524
2024-01-09,-0.0324287965646358,-0.03065122291445732
2024-01-10,0.09232669009482397,0.00042679664329625666
2024-01-11,-0.0001641693642846983,0.01692274399101734
2024-01-12,-0.0615226124113584,-0.005030693951994181
2024-01-13,0.01632901923840651,0.002333208220079541
2024-01-14,0.029726851991198854,0.003428854513913393
2024-01-15,0.026861030034787653,0.0022931965067982674
2024-01-16,0.004473998779419394,0.0014703408814966679
2024-01-17,0.030246225467004353,0.0032552797347307205
2024-01-18,-0.07126005413107674,0.007293495815247297
2024-01-19,0.09073571985611209,0.0062783523462712765
2024-01-20,-0.018975156733718447,0.003281024983152747
2024-01-21,-0.02260901937087793,0.0010286266915500164
2024-01-22,-0.056578936190485436,0.0016899461625143886
2024-01-23,-0.018728343963415973,0.019637243822216988
2024-01-24,-0.0028289869720303867,0.0014488532906398177
2024-01-25,-0.034128985379587126,0.0026228479109704494
2024-01-26,0.031324703077166664,-0.0018436170648783445
2024-01-27,0.010156617492673591,-0.0018592154374346137
2024-01-28,0.012198439167063372,-0.0007586288847960532
2024-01-29,0.03245007254287729,-0.0013208790915086865
2024-01-30,0.03144536116122001,-0.00019070060807280242
2024-01-31,-0.004449227829981064,0.0034821294248104095
2024-02-01,0.10964097281557687,-0.004226176533848047
2024-02-02,0.034765863530822054,0.027482008561491966
2024-02-03,-0.007279109715028632,0.006967821158468723
2024-02-04,0.02870097535062781,0.0038781571201980114
2024-02-05,0.05125148572112842,0.01176468376070261
2024-02-06,-0.04456482723298532,0.008184519596397877
2024-02-07,0.03000739608389654,0.006017797626554966
2024-02-08,-0.03357343922171703,0.012700431980192661
2024-02-09,0.012948343040595969,0.0060898736119270325
2024-02-10,0.03319619350662259,0.006489520892500877
2024-02-11,0.053210647806796914,0.005596129689365625
2024-02-12,0.017806753722846257,-0.001753096585161984
2024-02-13,-0.029897214631494213,0.008090336807072163
2024-02-14,0.01946310669475774,0.007065014448016882
2024-02-15,-0.016323671980415604,0.007016777526587248
2024-02-16,-0.01906545287144916,0.005855583120137453
2024-02-17,0.023335885765926954,0.013582177460193634
2024-02-18,0.0030971310396096957,0.006016572471708059
2024-02-19,-0.013925787288801514,0.0058786580339074135
2024-02-20,-0.026853619684124568,0.0028867251239717007
2024-02-21,-0.03764872391946544,0.003905815538018942
2024-02-22,-0.025657944693308298,0.015200878493487835
2024-02-23,-0.009596290770565046,0.002387567423284054
2024-02-24,0.032212281286099036,0.006686380133032799
2024-02-25,0.009553252310847603,0.005516460165381432
2024-02-26,0.021795867290028356,0.0008390306029468775
2024-02-27,-0.004151254260607408,0.008243655785918236
2024-02-28,0.020629172390613907,0.005306081846356392
2024-02-29,-0.00755932953818709,0.006177547853440046
2024-03-01,0.03949527872659254,0.005649762228131294
2024-03-02,0.06562077687299575,0.007253728806972504
2024-03-03,-0.043325034954610264,0.008625706657767296
2024-03-04,-0.003125869661396152,0.008561868220567703
2024-03-05,-0.07294642985294246,0.004168668296188116
2024-03-06,0.05444944767601037,0.01154323760420084
2024-03-07,0.0025599976330612515,0.0016694620717316866
2024-03-08,-0.019339698592593723,0.002165216952562332
2024-03-09,0.014440404000777311,0.004417491611093283
2024-03-10,0.08266782604143007,0.003738938132300973
2024-03-11,-0.02155708183968733,0.0021972344256937504
2024-03-12,-0.029727217471769336,0.0023921853862702847
2024-03-13,0.004945481551996156,-0.006300028413534164
2024-03-14,0.006593033157702974,0.0023378951009362936
2024-03-15,-0.06424972563855527,0.0016596283530816436
2024-03-16,-0.07845912131930896,-0.00057996716350317
2024-03-17,0.029795492877729576,0.00021388765890151262
2024-03-18,-0.018927824478435242,0.0004552623722702265
2024-03-19,-0.08629895799289877,0.0018672116566449404
2024-03-20,0.09077087688450046,-0.0020040038507431746
2024-03-21,0.0013518937448228337,0.012622008100152016
2024-03-22,-0.00774348661308942,-0.0009566966909915209
2024-03-23,-0.01215208248169667,0.005867126863449812
2024-03-24,0.025158703852727986,-0.0011738867033272982
2024-03-25,0.0436591664753705,0.004804205149412155
2024-03-26,0.03307166593004972,-0.010054404847323895
2024-03-27,-0.036048367219425566,0.009177161380648613
2024-03-28,-0.007339115973992387,0.002143719233572483
2024-03-29,-0.008745410871619617,0.0015651441644877195
2024-03-30,-0.002652242454958604,-0.00048212340334430337
2024-03-31,0.010225638610443592,0.0009920971933752298
2024-04-01,-0.04038496677827164,-0.0008953989017754793
2024-04-02,-0.022944137265201045,-0.00033025722950696945
2024-04-03,-0.014379018023832459,0.00974015798419714
2024-04-04,0.004917885832556589,0.010532707907259464
2024-04-04,0.0049178858325565,-0.0005259249592199
2024-04-05,-0.0254076052021949,0.0043209991417825
2024-04-06,0.0129851334396456,-0.0038038103375583
2024-04-07,0.0196036211992974,-0.0017154937377199
2024-04-08,0.0099113862131606,-0.0026600752025842
2024-04-09,-0.0416185463783791,0.0008661291212774
2024-04-10,0.0035994386131825,-0.0022252150811254
2024-04-11,0.0071276255852524,-0.0029914933256804
2024-04-12,-0.1465859881907502,-0.0052074487321078
2024-04-13,-0.1272719779181436,-0.0062320586293935
2024-04-14,0.0563709116598354,-0.0001266476756427
2024-04-15,-0.0387909437547744,-0.0043867244385182
2024-04-16,-0.0070116615857571,-0.0123752225190401
2024-04-17,-0.0265063967500699,-0.0076665310189127
2024-04-18,0.0560882376607214,-0.0140177020803093
2024-04-19,0.0052797916560973,-0.0048311874270439
2024-04-20,0.0690198564125945,0.0031723231077194
2024-04-21,0.0077098012804155,-0.0086915604770183
2024-04-22,0.0251913053353089,-0.0064142211340367
2024-04-23,-0.0175121700536753,0.0015691310400143
2024-04-24,-0.044318047768329,-0.0056711873039603
2024-04-25,0.0041991451726005,-0.0191959664225578
2024-04-26,-0.0081421922510349,-0.0059211603365838
2024-04-27,-0.0159291938177054,-0.0034769368357956
2024-04-28,-0.0316531899624001,-0.0088347429409623
2024-04-29,0.0190629659934823,-0.0122278118506073
2024-04-30,-0.0691486545895669,-0.0078123155981302
2024-05-01,0.0159294792365747,-0.0135603407397866
2024-05-02,0.0186783728346542,-0.0106591032817959
2024-05-03,0.0370845640508205,-0.006055561825633
2024-05-04,0.0147009763565799,-0.0068018026649951
2024-05-05,0.004000485536473,-0.0160236489027738
2024-05-06,0.0087597947034188,-0.0115269804373383
2024-05-07,-0.0343799948441588,-0.0033969227224588
2024-05-08,-0.0080677011573142,-0.006809348706156
2024-05-09,0.0240768073177327,-0.0094166416674852
2024-05-10,-0.0481596046309222,-0.0001402817142661
2024-05-11,-0.0198943822078959,-0.0075002666562795
2024-05-12,0.0182996477702748,-0.005711181089282
2024-05-13,-0.0125179952268509,-0.0006481152377091
2024-05-14,-0.0305941271642855,5.51377706869971e-05
2024-05-15,0.0679882364318252,0.000304706976749
2024-05-16,0.1104235264003646,-0.0009878926211968
2024-05-17,0.0468080441439599,-0.0004017867031507
2024-05-18,0.0035696459008182,0.0134974373504519
2024-05-19,0.016450531749312,-0.00082952179946
2024-05-20,0.0411401214223745,0.0079002249985933
2024-05-21,-0.031918926478941,0.0032421874348074
2024-05-22,-0.0234414848590563,0.0039591225795447
2024-05-23,0.0156299351022141,0.001083126058802
2024-05-24,0.0379625319398412,-0.0016977924387902
2024-05-25,0.0111556755601472,0.0099544795230031
2024-05-26,-0.022892712465506,0.0100002503022551
2024-05-27,0.0967460338468222,0.0013202810660004
2024-05-28,-0.0134243325486202,0.0009651434957049
2024-05-29,-0.0040878849881771,0.0048937899991869
2024-05-30,-0.0278696886472148,0.0001091514568543
2024-05-31,0.026254921701187,0.0047538466751575
2024-06-01,-0.0004190943243615,0.0010305034229531
2024-06-02,-0.0145475644141068,0.0006520561291836
2024-06-03,-0.0299193353336505,0.0021914504468441
2024-06-04,0.0061606664484612,0.0073615810833871
2024-06-05,0.0008783568869709,0.0030919145792722
2024-06-06,-0.026805320602367,0.0021002718713134
2024-06-07,-0.0560437053120509,0.0022764829918742
2024-06-08,-0.023677391953275,-0.0036263579968363
2024-06-09,0.0255871977830429,-0.0002677376614883
2024-06-10,-0.0286964146637354,0.0046764751896262
2024-06-11,-0.0582134047899685,-0.0035572941415011
2024-06-12,0.0649231013807225,-0.0022875149734318
2024-06-13,-0.0556078481027753,-0.002542606787756
2024-06-14,-0.0263692598692913,-0.0013294209493324
2024-06-15,0.0080294015070918,-0.0024436062667518
2024-06-16,0.0178550079947363,-0.0022587655112147
2024-06-17,-0.0398892564753162,-0.0091690961271524
2024-06-18,-0.0397190908004004,-0.0030275254976004
2024-06-19,0.0259959547331992,-0.0013152747415006
2024-06-20,-0.0052856224606729,-0.0075200949795544
2024-06-21,-0.0281651668251099,-0.006677433848381
2024-06-22,-0.0278976230280337,-0.003036145819351
2024-06-23,-0.022710330594708,-0.0070163975469768
2024-06-24,0.0326276880887184,-0.0082934834063053
2024-06-25,0.041812350550672,-0.0069490638561546
2024-06-26,-0.0207421748176205,-0.0162463970482349
2024-06-27,0.0341575782862912,-0.0053806803189218
2024-06-28,-0.0447053111708087,-0.009724554605782
2024-06-29,-0.018124859690073,-0.0071163531392812
2024-06-30,0.0539030488551239,-0.0065689398907125
2024-07-01,0.0048276040495663,-0.007066189777106
2024-07-02,0.0053555024891834,-0.0161696933209896
2024-07-03,-0.0367711659666222,-0.0053148814477026
2024-07-04,-0.0748168499682366,-0.0057892375625669
2024-07-05,-0.0252469669135922,-0.0049942703917622
2024-07-06,0.0288847076667479,-0.0034921909682452
2024-07-07,-0.0460386800319227,-0.0018910656217485
2024-07-08,0.0298816767176281,0.014041569083929
2024-07-09,0.014871539712268,-0.0083234868943691
2024-07-10,0.0116990506879205,-0.0045891324989497
2024-07-11,-0.0003239111998294,-0.004845640156418
2024-07-12,0.0109618955426557,-0.002823191229254
2024-07-13,0.0135141117378538,-0.0054599223658442
2024-07-14,0.0209755481472326,-0.0041370731778442
2024-07-15,0.072309563712737,-0.0026408890262246
2024-07-16,-0.0123039712210439,0.008921280503273
2024-07-17,-0.016966090852601,-0.0042526009492576
2024-07-18,0.011220222409888,-0.0042933798395097
2024-07-19,0.0230334120470105,-0.0012684584362432
2024-07-20,0.0038644722996359,-0.0016347483033314
2024-07-21,0.004869305882927,-0.004083951935172
2024-07-22,-0.0275799695908306,0.0023310964461416
2024-07-23,0.0119108568528446,0.0014135699020698
2024-07-24,-0.0427762473766205,0.0004656945820897
2024-07-25,-0.0497538619816581,0.0035247961059212
2024-07-26,0.0315996375772967,0.0115100508555769
2024-07-27,-0.0086713790911615,-0.0009234967874363
2024-07-28,0.0073500495245489,-0.0018116673454642
2024-07-29,0.0148928699325818,-0.0045125489123165
2024-07-30,-0.0127189478025053,-0.0034325590822845
2024-07-31,-0.014559703858826,0.0020392267033457
2024-08-01,-0.0092290995553858,7.181554974522442e-05
2024-08-02,-0.0697113723397207,-0.0026443595997989
2024-08-03,-0.0280407115640768,-0.0177231896668672
2024-08-04,-0.0775736051989849,0.004162133205682
2024-08-05,-0.1054509177041473,0.0082241129130125
2024-08-06,0.0170037548477016,-0.0079223187640309
2024-08-07,-0.0510579696944921,-0.0073213023133575
2024-08-08,0.1382353509404405,8.960184641182423e-05
2024-08-09,-0.0318468197277478,-0.0055018854327499
2024-08-10,0.0040082452916584,-0.0038868691772222
2024-08-11,-0.0219707041974511,-0.0004878699837718
2024-08-12,0.0647962951628819,-0.0067240055650472
2024-08-13,-0.0076019841123803,-0.0087739685550332
2024-08-14,-0.0151580676211583,-0.0100836539641022
2024-08-15,-0.03547030653757,-0.0111812567338347
2024-08-16,0.0089483853356243,-0.0106403436511754
2024-08-17,0.008210897708616,-0.0097029926255345
2024-08-18,-0.0002878799390543,-0.009223448112607
2024-08-19,0.0093668395315506,-0.0107914321124553
2024-08-20,-0.0246439996066587,-0.0147176096215844
2024-08-21,0.0223994654231485,-0.0131728984415531
2024-08-22,-0.0030122289289305,-0.0145386280491948
2024-08-23,0.0525539408137905,-0.0003234985633753
2024-08-24,0.0014122113083852,-0.0093296961858868
2024-08-25,-0.0072271083429693,0.0013144992990419
2024-08-26,-0.0250103747357747,-0.0039443122223019
2024-08-27,-0.0867785762827529,-0.0053474213927984
2024-08-28,0.0278767912478005,-0.010960572399199
2024-08-29,0.0001702221586724,-0.0062970812432467
2024-08-30,-0.0011514988095329,-0.0064666550606489
2024-08-31,-0.0049473037492254,-0.0049644573591649
2024-09-01,-0.0609767141380809,-0.0079084420576691
2024-09-02,0.0368503687821403,0.0010771851520985
2024-09-03,-0.0424445574337922,-0.0083330599591135
2024-09-04,0.0019826363079382,-0.001403015688993
2024-09-05,-0.0313686740352066,0.0021290648728609
2024-09-06,-0.0450247080646634,-0.0087250471115112
2024-09-07,0.0452880372747255,-0.0017547049792483
2024-09-08,0.031168950326989,-0.0098631512373685
2024-09-09,0.0200430535642017,-0.002839820459485
2024-09-10,0.0049556879459462,-0.000252056721365
2024-09-11,-0.0181233173370473,0.0049087652005255
2024-09-12,0.0357902515520097,-0.0007989587029442
2024-09-13,0.0604968087842827,-0.0051349424757063
2024-09-14,-0.0141373892364567,0.0064651635475456
2024-09-15,-0.0429211395560498,-0.0047200531698763
2024-09-16,-0.0251080418432182,0.0022519656922668
2024-09-17,0.006865722076711,-0.00347654777579
2024-09-18,0.0210166316297934,-0.0027790663298219
2024-09-19,0.0319003905432424,0.0020124476868659
2024-09-20,0.0195783525429374,0.007794801145792
2024-09-21,0.0075761427674763,0.0004010292468592
2024-09-22,-0.0336164352265048,-0.0001803080085664
2024-09-23,0.023616710362874,-0.0039001395925879
2024-09-24,0.0648029460469344,-0.0054538962431252
2024-09-25,-0.0041455372914937,-0.0007660806877538
2024-09-26,0.035709503934391,-0.0090006589889526
2024-09-27,0.0102548037890906,-0.0007124820258468
2024-09-28,0.0204822417949553,0.0105832424014806
2024-09-29,-0.0362683739634491,-0.0057999440468847
2024-09-30,-0.0519373493246915,0.0036079550627619
2024-10-01,-0.0721799657642955,0.0080305626615881
2024-10-02,-0.0334974869834703,-0.0206953175365924
2024-10-03,-0.0011054290556,1.7330183254671283e-05
2024-10-04,0.0385137648233576,0.0072987754829227
2024-10-05,0.0172994071026249,-0.0007592845940962
2024-10-06,0.0012937082628722,0.0020528736058622
2024-10-07,-0.0103737300446522,0.0021269409917294
2024-10-08,-0.0304281894891107,0.0006158601026982
2024-10-09,-0.0277265808703097,-0.0023225168697535
2024-10-10,0.0008672818573961,0.0046431287191808
2024-10-11,0.0335651932127906,0.0036016802769154
2024-10-12,0.0107528811523686,0.0028551674913614
2024-10-13,-0.0261818496083293,-0.0006181139615364
2024-10-14,0.0484335509213419,0.0026918600779026
2024-10-15,0.0151986442122487,0.0008417222416028
2024-10-16,-0.0174655242364751,0.0025430605746805
2024-10-17,-0.0194951119631159,-0.0003616518224589
2024-10-18,0.0404628680886184,0.0034162369556725
2024-10-19,-0.004835024634871,0.0036748917773365
2024-10-20,0.0462840265464139,0.0004060798091813
