Date,Volume,Crypto_Return_Today,exp_value,volatility
2017-08-07,1209162984,0.014092783748275715,0.02483668998645746,
2017-08-14,1132872008,0.008661501782387365,-0.0011958949729116066,
2017-08-21,2382995008,0.280714730886694,0.0034286726391501657,
2017-08-28,5316084064,0.22495085132833884,0.1093473953253669,
2017-09-04,5224094048,-0.2194391722083664,0.12086302550707656,
2017-09-11,4506409936,-0.2400563422897837,0.08853299883546609,
2017-09-18,1527227120,-0.01896913395671856,-0.024955270122055492,
2017-09-25,1222865000,0.13574415732007936,-0.06795986624928008,
2017-10-02,543041596,-0.02608202772348771,0.028179696688380745,
2017-10-09,1765710580,0.2097049869682375,0.10605899720601747,
2017-10-16,1237429416,-0.14570203215254965,0.17066602751315474,
2017-10-23,861045008,0.005895864346151864,0.23723239689552592,
2017-10-30,880469200,-0.03753220228976675,0.08638053513747408,
2017-11-06,2052605040,0.07468358216837111,0.010331589382673556,
2017-11-13,1791978992,0.1904329702775004,0.2247132085568726,
2017-11-20,2026523984,0.18501585897882927,0.1985561276256523,
2017-11-27,3415208960,0.16465716123519322,-0.1777639872136319,
2017-12-04,6892519904,0.38262816456517984,0.3324815721654188,
2017-12-11,20995229824,0.7653558487756811,-0.15700532099610914,
2017-12-18,13190609792,-0.14471532656021513,0.6134453355390805,
2017-12-25,8124667136,-0.17864821901867461,0.39152499574235283,
2018-01-01,13598662208,0.21922850779304193,0.3686055838765543,
2018-01-08,6750822976,-0.18690237739722756,-0.033266169279925185,
2018-01-15,5930699936,-0.22004137575710866,0.12483604235986459,
2018-01-22,2705567968,0.010761080434978266,0.11211360045518351,
2018-01-29,4149256992,-0.2691927288677754,0.3909253218187496,
2018-02-05,5474355968,0.0017667821953114996,0.2422155333689244,
2018-02-12,8664419040,0.3627269896489323,0.12314842209750547,
2018-02-19,7709048064,0.023217968444163944,-0.1080754575143998,
2018-02-26,5477081088,-0.03826251009540258,0.15318930759016766,0.22505552063950465
2018-03-05,4862890944,-0.12329909336955532,-0.06998410309175813,0.22722322788588026
2018-03-12,3517377024,-0.20439866203208693,-0.09719350616825291,0.23173405002609335
2018-03-19,2745015008,0.02921368893475694,0.046886933519431045,0.2272109451060599
2018-03-26,2635477056,-0.32934378863181546,0.23783473588663392,0.23335707878292983
2018-04-02,1960809024,0.020901701540790504,-0.2041805242737019,0.22920434755238583
2018-04-09,2271902992,0.11429883565991963,0.12520106383667984,0.22438712399700075
2018-04-16,2926693984,0.10633451638694623,-0.06111904278493534,0.22456336613731218
2018-04-23,3157463008,0.04635482056838707,0.11360673825975838,0.223794423271754
2018-04-30,3656760992,0.11167324316532513,0.22637470947093347,0.22394007693950987
2018-05-07,3238245024,-0.17220404611219797,0.27569046798032604,0.22470980521682762
2018-05-14,2679780000,-0.034654286313869,-0.058585508168794015,0.22269806766137717
2018-05-21,2154332992,-0.16847950866715944,0.08696570299744383,0.2255841803657572
2018-05-28,2173174048,0.06221452788218932,0.4085929314186442,0.2253903469689739
2018-06-04,2218457024,-0.15676034961696192,-0.013041260842491938,0.22764144398128275
2018-06-11,2187769024,-0.10311351925081516,0.01665272942757845,0.226323385743169
2018-06-18,2438580992,-0.17029250878229782,-0.04225142750471593,0.22610282161037767
2018-06-25,2183632016,-0.0015404198337872661,-0.04410048676130341,0.22388780586965384
2018-07-02,1966468000,0.026169636362700886,0.3562446297041173,0.21155138034875903
2018-07-09,1821533024,-0.044657230348472056,0.3395672782249163,0.15082886174035745
2018-07-16,2112472960,0.05178436685010477,0.12505118752456867,0.1507081613916223
2018-07-23,2248679008,0.010191607836841095,0.039390798630442175,0.14866919836603668
2018-07-30,2047043000,-0.12065002304026433,-0.12518108365486455,0.1414656668420621
2018-08-06,1943946000,-0.2352260793982384,0.13840158174318043,0.14339278290007507
2018-08-13,1678903000,-0.026311603317484528,0.02220586353887645,0.13965166860535785
2018-08-20,1454515000,-0.009966937997233177,0.08147665068731058,0.1394394360080627
2018-08-27,1751509000,0.136738364402221,0.18831100090677474,0.13622939679326013
2018-09-03,2010366000,-0.1809332064357032,0.026790857059642972,0.13891684240088975
2018-09-10,1951238000,0.0353535753114666,-0.27573495544410065,0.11795990457706794
2018-09-17,2092012000,0.07345865041101143,-0.18341551587021845,0.1193085938653905
2018-09-24,2795250000,-0.003223340636393955,-0.006766762114469738,0.11952969898531537
2018-10-01,2880439000,-0.04928591560894559,0.06589589858249799,0.11855391237946056
2018-10-08,2127505000,-0.10959049652154614,-0.022440873811088793,0.11522480587133985
2018-10-15,2109173000,0.01412145632540119,0.01014724693746627,0.11496116985823648
2018-10-22,2013974000,-0.016178395704997614,-0.17432517302166398,0.10084050534099696
2018-10-29,2530137000,0.03376103411191087,0.05436951957631106,0.10107577686456086
2018-11-05,2626622000,-0.042469023609296865,0.1072623679557549,0.09756252079419152
2018-11-12,3032310000,-0.19569061430695722,0.13943892553437753,0.09845494152937753
2018-11-19,3596655000,-0.3152143839502409,0.1711438336347206,0.10892675127896156
2018-11-26,3332532551,0.08814524325222457,-0.2180098294361679,0.1077761268925657
2018-12-03,3170121688,-0.264708334677962,-0.06606114902602159,0.11249029243900388
2018-12-10,2541826596,-0.012210703228461628,0.019024829266370377,0.11272003093074048
2018-12-17,3927903400,0.26452020159930134,-0.08365496324405966,0.12494422318049782
2018-12-24,3234993952,-0.04575478618765711,-0.08863769489707768,0.12338254209859482
2018-12-31,3347687080,0.20617117064557178,0.2283817920497891,0.12974150223321693
2019-01-07,4121314018,-0.25847630060991644,-0.02150255498858529,0.13558302927362317
2019-01-14,4005427081,0.02593974549056261,-0.059189601381550744,0.13373813058892225
2019-01-21,4382457545,0.044038028507997797,-0.17278618087524292,0.13435579478637666
2019-01-28,5345165961,0.027963653807510043,-0.19630791486463364,0.1343823634383543
2019-02-04,7501545269,0.335987698546831,-0.014804852396252637,0.15006531458549155
2019-02-11,7564166698,-0.06506992710673651,-0.14329189566755274,0.1497096862644177
2019-02-18,9831653426,0.017991393561955796,-0.11288700074902645,0.1497739532425457
2019-02-25,7959601499,0.08189874621758436,-0.04319749695075386,0.1497183348627946
2019-03-04,13555057276,0.16808184485561958,-0.09104738821182681,0.14733189856957996
2019-03-11,12013476959,0.06852338592743189,0.14581073085291577,0.1477948243632459
2019-03-18,13265316549,-0.01745450932930763,-0.11828011062898827,0.1478216960226249
2019-03-25,13439295885,0.007479367630087753,0.18854967625609365,0.14561263302716604
2019-04-01,26961287779,0.41808460083356647,0.04494529690208478,0.16063375114237807
2019-04-08,19813126138,-0.107258740917001,0.029254946004578314,0.1621809522824347
2019-04-15,17586066930,-0.07091789157279303,0.10053615926163081,0.1624501286682527
2019-04-22,19143177812,-0.10303691174920981,0.2042562009928636,0.1636976384105192
2019-04-29,21376739983,0.08511920131570876,0.15951452482992015,0.16401905089952978
2019-05-06,25117080697,0.10641190604706048,-0.08903491646165618,0.16338284886637466
2019-05-13,33946150199,0.11893296373503912,-0.0658243628384782,0.16445852621938944
2019-05-20,28389419712,0.15585144784653684,0.03785629746011696,0.16616240176212285
2019-05-27,31070662840,0.028900631712066374,0.07005617859628521,0.16615615756003074
2019-06-03,30067227737,0.004034735599605612,0.046657476267525755,0.1657207937548833
2019-06-10,34748126484,0.17597937237888078,0.011163054073578382,0.16238815934746761
2019-06-17,29081558563,-0.0018084768543482344,-0.06864467895915098,0.1482834997865442
2019-06-24,35427686723,-0.11334226354025215,-0.002569412571936481,0.1510081927923118
2019-07-01,29833832996,-0.014793996563704767,0.0060744044360915225,0.13995196319812403
2019-07-08,27605671667,-0.2925952380008531,0.04702374594051414,0.1530702974834806
2019-07-15,27364754275,0.10321140388530863,-0.06140320139075167,0.1477132281922145
2019-07-22,18679880949,-0.10349589019444554,0.14956338204484323,0.14918857642318725
2019-07-29,18588354494,0.037517427512156136,0.05970390098295193,0.14562823523689905
2019-08-05,22637526256,-0.036458297523418386,-0.029082531973560616,0.13583868333375776
2019-08-12,20386857712,-0.16221840984703773,0.004365734041057824,0.14058905572900815
2019-08-19,17480280407,-0.05422246215770883,-0.14858311731800494,0.14139108308171164
2019-08-26,18400153963,-0.0892587779184502,-0.17111160763639605,0.14296433207605885
2019-09-02,18428297099,0.06493789952306801,-0.057011334601182725,0.130507041072648
2019-09-09,17572776767,-0.0043171089867547205,-0.1300020305295792,0.12971152749402806
2019-09-16,21416750362,0.032083483868619964,0.10816093426027203,0.1297455266347483
2019-09-23,19284696966,-0.2902627761499358,-0.043232981987229455,0.14058574642709573
2019-09-30,15639992226,0.020000118744540184,0.13822029811655112,0.13717674312781222
2019-10-07,17314906693,0.024488459608226067,-0.21140967168801272,0.13664010005472596
2019-10-14,18499425783,-0.03195504477215486,0.10961232496311091,0.13672003228091478
2019-10-21,24169469279,0.08710368474460695,-0.010825219260371293,0.13770177862605998
2019-10-28,23968006774,-0.02184251792581814,0.07499089264854891,0.11276052660402916
2019-11-04,26078938740,0.08574094651550443,-0.16313178829656658,0.112827288931515
2019-11-11,21753717955,-0.0682201637518581,-0.3500555748768001,0.11277703304940527
2019-11-18,21370880110,-0.28641395893291066,0.0999831240193609,0.12261355194784089
2019-11-25,20114139920,0.06363135395240452,-0.06921328291855315,0.12207192662102292
2019-12-02,18240155031,-0.03629552985468294,0.11634980115782476,0.11992255079529653
2019-12-09,18227658511,-0.04781556256527692,0.14074823271742926,0.11708368346786169
2019-12-16,21924348105,-0.042431635907162916,-0.08456796814214688,0.11196466724859386
2019-12-23,21430849546,0.040095235821641824,-0.09983635072087912,0.11219421661395064
2019-12-30,21010840667,-0.004598155621100925,-0.01990800757026314,0.11210973979616559
2020-01-06,25163818943,0.1582610385268084,-0.06828320809442276,0.1110162571821613
2020-01-13,32175500050,0.12277976475320714,-0.0852900074595052,0.11449310236914667
2020-01-20,22616075464,-0.027526168498524305,-0.06646107782689448,0.11337171671745774
2020-01-27,35200407547,0.22154111497226844,0.03934361175484361,0.12204431716330169
2020-02-03,35742102807,0.09661777549924241,-0.061103187320033586,0.11212628082202147
2020-02-10,39578391438,-0.026140953432609575,0.06483045772676889,0.110294608691194
2020-02-17,38822187808,0.05915543576374216,-0.055064566042138205,0.10949886317462675
2020-02-24,38030744089,-0.31680941019791486,-0.0608601854528984,0.12314066372062307
2020-03-02,33413494287,-0.11415645067948149,0.07850918235833686,0.1244033990021512
2020-03-09,32525340978,-0.34867302079571494,0.03487041402071081,0.1359635814508959
2020-03-16,25821393049,-0.022695876904936286,0.13220247448570238,0.1358475850341405
2020-03-23,21657816729,0.048153928789919066,-0.08425402150333429,0.13586816003747942
2020-03-30,23763671062,0.0874435033451961,-0.0001253485309777834,0.13640781400815835
2020-04-06,27161898383,0.04311870102556085,-0.12245461839239744,0.1368473351495538
2020-04-13,29562436521,0.003183173749922187,-0.21575410280612428,0.13659487454057828
2020-04-20,31279041098,0.046124840595084766,-0.01764271705873091,0.12689292745295622
2020-04-27,33988635678,0.07728286145780638,-0.20107639533128777,0.1277300973912156
2020-05-04,33636866777,-0.12986675633271008,-0.029989974808295343,0.12962270738963713
2020-05-11,31566312525,0.02982964052709903,0.07501064029273373,0.12974451614916102
2020-05-18,22818677461,-0.027743729231482557,0.060480856715048416,0.12854730845655596
2020-05-25,18800173547,0.07244755808502557,-0.13725546716671824,0.12942971392005329
2020-06-01,18582218323,0.023716341555319743,0.03909689481734181,0.12836952875511673
2020-06-08,14982732558,-0.056760602600909774,0.04522311753881938,0.12820787515473595
2020-06-15,12081424123,-0.02287719868176363,-0.13328367320882956,0.11715459573098251
2020-06-22,10336562481,-0.040257088782207684,0.004473005643673865,0.1167118378627546
2020-06-29,9084718067,0.004108224305638699,-0.050889429963763506,0.11656526858260557
2020-07-06,12455936670,0.0704890529010728,0.018997487023172784,0.11700243244746426
2020-07-13,10580019315,-0.04779893995375894,0.07279160050967022,0.11707488931565398
2020-07-20,12337279115,0.12005044254265856,-0.0007634260984090624,0.1189004851628905
2020-07-27,21364848727,0.16608679627445538,-0.061086496913097116,0.12253856851704521
2020-08-03,14809548221,0.009038596558891514,0.04636187305220321,0.11925416340818829
2020-08-10,19431584100,0.1110715896997445,-0.13877318937564875,0.11887056486978002
2020-08-17,21316845100,-0.05149046506060975,-0.037034486177201065,0.11916713092369538
2020-08-24,16366871926,0.034086885340481314,0.004277366706833952,0.11200147806062948
2020-08-31,18594274493,-0.26833989841187506,-0.009771117592174331,0.1202733396699307
2020-09-07,13589001532,0.0006683066812496407,-0.12581541188978762,0.12029197199794879
2020-09-14,9956545731,-0.01995082741455966,-0.10304160885458949,0.11948117276555849
2020-09-21,12940154268,-0.02225871342509444,0.00454062198007461,0.10528341246936673
2020-09-28,14196620852,0.013345205486539924,-0.024949284262367186,0.10338721724587388
2020-10-05,17513755965,0.08182275193338052,0.006873303315580059,0.08131443995947596
2020-10-12,16515628995,-0.06101866515164758,0.00013238025882662385,0.08215977069998714
2020-10-19,22022396408,0.20830702874913593,-0.14512318499618918,0.0896042647002062
2020-10-26,21197550512,-0.054050093783619906,-0.1419708655609832,0.08939021539131282
2020-11-02,22866005635,0.09382069413687018,-0.09625565541931431,0.09050229238639464
2020-11-09,19919634766,0.019863750147527736,-0.02197597766446887,0.09049684690143558
2020-11-16,42723074915,0.28363144686740843,0.10135641812380071,0.10304449090640198
2020-11-23,45920048266,-0.04285241576631062,-0.3051466235591432,0.10309905721561302
2020-11-30,43774888207,0.0534007015990625,-0.07526135000532617,0.09948939171319983
2020-12-07,26363558491,-0.018664260051268932,-0.08283515980481779,0.09976279291547967
2020-12-14,53112892512,0.3349451688124676,0.004802929773323217,0.11452765293951254
2020-12-21,81983253632,0.10620571824599996,0.06369437993152671,0.11509150557333579
2020-12-28,67055881343,0.22755555122036347,0.2826373375168381,0.12034365166872237
2021-01-04,86312926302,0.06546774093624341,-0.25608155007035677,0.11897855927782236
2021-01-11,68285570818,-0.1833615992874704,0.22366347557528155,0.1255678657741482
2021-01-18,52563413457,-0.006743922059190233,-0.08781742760114984,0.1249787999603002
2021-01-25,44102248238,-0.08763585175906938,-0.10011297798086713,0.12701632302305652
2021-02-01,52126264915,0.15395028159251156,-0.06384420924868177,0.12865912609686941
2021-02-08,81427433447,0.34999299858785643,-0.036618423597414844,0.13928962815376922
2021-02-15,70125403402,0.05847513770307551,0.27743237634245776,0.1387337882065028
2021-02-22,53813178096,-0.32043152363163113,0.03350109221625435,0.15265626388399917
2021-03-01,33657003557,0.1451681442032388,-0.08545676815498517,0.15385711551322862
2021-03-08,39924649821,0.12093909999385705,-0.15616612834739432,0.15402438148885103
2021-03-15,27633736702,-0.09139990713331522,0.20285744537324377,0.15501542047924638
2021-03-22,21323986101,-0.05979582710344551,-0.06403150614471267,0.1560655506630281
2021-03-29,25229278361,0.09789010516475824,0.06601521095588365,0.14539461600093337
2021-04-05,43911069255,0.2175399394653074,0.08071401125929427,0.1483098592884899
2021-04-12,65049434329,0.07574875369505434,0.13471681386880308,0.14765942800507795
2021-04-19,53916314543,-0.20182648174139406,-0.052828494284942205,0.15453234577630595
2021-04-26,27961849115,0.18351067196431006,0.05149703644598413,0.15615339624303182
2021-05-03,68044674145,0.3622622623153934,0.06913517427880474,0.16570888468802125
2021-05-10,58178577540,-0.2681924871133862,-0.04666237988847247,0.17529745289798387
2021-05-17,52602668248,-0.7242017325428854,0.09975445110694277,0.2241161183689292
2021-05-24,31651860596,0.18007265646102366,0.09600265172456586,0.22517276379688067
2021-05-31,19976147199,0.03438523333763302,0.20754560272940628,0.22492157165654703
2021-06-07,18488960636,-0.032284301371767556,-0.26088180893687785,0.22524809211397073
2021-06-14,14482151468,-0.09678943997650906,0.009754351363594174,0.22137282704016514
2021-06-21,17200020803,-0.15781040857931894,-0.01024656120730104,0.22350290993567237
2021-06-28,11717992259,0.08880224185616126,-0.019444030703257204,0.22379346907263722
2021-07-05,10238172564,-0.07602142743185443,0.07252654858243629,0.22436583085362485
2021-07-12,10163115636,-0.11659398676072394,0.23218823374977154,0.21730431823431676
2021-07-19,8888263881,0.06653591592655367,0.01604599223171178,0.21676520253431036
2021-07-26,11727539228,0.09757927583554837,0.019883772721929233,0.2133355477971648
2021-08-02,11494461019,0.06411019268963696,-0.09884180825115885,0.21332041312274033
2021-08-09,17223831279,0.21041373573156824,-0.01619830529057619,0.2140300664842263
2021-08-16,14149031817,0.008284279561369307,-0.0010535030938502912,0.21400972258239323
2021-08-23,15018337932,-0.06336377587933166,0.1578682046801269,0.2136757578933396
2021-08-30,23578669490,0.28118837720951556,-0.009962412089462374,0.2178488408717518
2021-09-06,23785387793,-0.23640793105247193,0.09586432122705602,0.21295868856345807
2021-09-13,27291827190,-0.04180107492112715,0.13378120649947292,0.2127136606390332
2021-09-20,19476053206,-0.15417872298402882,-0.0967981315966603,0.20637577017602043
2021-09-27,19545064162,0.12300627249004432,0.042041638385582676,0.20586660958559452
2021-10-04,22108173697,0.027269022989713353,0.1501273980399334,0.20461896620470413
2021-10-11,20219511860,0.04805852204769653,0.009740090933160264,0.20421293706943933
2021-10-18,17145675522,0.03792505961431566,0.11755172973495677,0.2040399834913933
2021-10-25,16754194227,0.006515555539971135,0.01900725964017007,0.2032267870655354
2021-11-01,13945461604,0.050791832375594016,0.03324501802433314,0.19926040643039988
2021-11-08,32980339435,0.3178847432108453,0.017848753319942196,0.20748037158502106
2021-11-15,19077210685,-0.23042541386507426,-0.07464615796713824,0.20850586483193717
2021-11-22,13622396893,-0.1063248050933501,0.08149375434838545,0.20639865525723802
2021-11-29,14595354161,-0.24379079104514473,0.16888918652569157,0.19820532767330756
2021-12-06,9972679977,0.017057626528818183,-0.003416506597608655,0.19317168568495408
2021-12-13,7948597888,-0.04018562591961211,0.015866592495759273,0.14043925375833005
2021-12-20,8386531789,0.017667928381463614,0.015704353348747636,0.13641607604841105
2021-12-27,6715658354,-0.03014810598184671,0.03434607463978569,0.13631037060477674
2022-01-03,7062945430,-0.14155064860684632,0.07490236770847379,0.13849482974962862
2022-01-10,6663885364,0.1097377230091406,0.03195212715108525,0.1391160872406415
2022-01-17,9435086963,-0.26796545612759654,0.18901478113822226,0.14470649844131564
2022-01-24,6258592719,-0.029888568603326664,0.07995367424719188,0.14364767411931229
2022-01-31,5415039750,0.15818512859426612,-0.03301121256092923,0.14626616753186256
2022-02-07,7419032519,-0.009780845827602178,-0.028952951499899467,0.1446722056300651
2022-02-14,5777917557,-0.12933519320526363,-0.09016503159004435,0.1460513569200779
2022-02-21,6682305950,-0.07229042432093694,0.3238154136055337,0.1452285459369956
2022-02-28,5668527025,-0.014719850572734061,-0.08501772358484933,0.14454086139357436
2022-03-07,4918338392,0.005094696318311696,-0.029711993930160142,0.13831079838956598
2022-03-14,5296126448,0.11738273235583949,0.01614005709652485,0.14050022507608106
2022-03-21,5960783506,0.11939861635396432,-0.2088222116236896,0.1423473766712151
2022-03-28,6355099489,-0.003517925378694953,0.04967475437081317,0.13129975999401555
2022-04-04,4943214345,-0.1479973912181738,-0.09819314262776077,0.12720035487737125
2022-04-11,5103944878,-0.01916859957625192,-0.08546689709825485,0.12711485210020373
2022-04-18,4539263996,-0.04131409202549347,0.005209485399486832,0.12453361797779407
2022-04-25,5036452339,-0.05082659029998109,0.0228812610122422,0.12203441530099926
2022-05-02,4818414716,-0.05644721356749804,-0.2046048941050457,0.12191572884540713
2022-05-09,9378823162,-0.27291108701390815,0.06508813011581717,0.1294945683821769
2022-05-16,4709799451,0.0035488654230388522,-0.11913751176106632,0.1290084223792306
2022-05-23,4255940913,-0.11846592701637944,0.048520632550487316,0.12970965621435396
2022-05-30,3542009829,-0.008474413086492782,-0.0864627046316641,0.12877423028013193
2022-06-06,4171732217,-0.27057911002060003,0.1751165215709495,0.11680181813270965
2022-06-13,6923154696,0.11931547656296122,-0.16608125898612522,0.11651413139432067
2022-06-20,4433917621,0.045946863414839716,-0.2185880310120904,0.11715304169402985
2022-06-27,3644793163,-0.10936420247156045,-0.25724294600689424,0.11160284173504159
2022-07-04,3518877264,0.0231978268794645,0.045972098495873776,0.11171170955243027
2022-07-11,3077676930,0.0659451813672721,0.08129941526448595,0.11328273729838877
2022-07-18,3559533800,0.048384550417451586,-0.08912964443068622,0.11389963922989327
2022-07-25,3967489439,0.024094054156583312,-0.06059932088647496,0.11436979277824529
2022-08-01,2933159481,0.019612328538373754,0.03671715399386851,0.11276262513391969
2022-08-08,2981529799,0.03544084739626341,-0.026502069819876968,0.11048425149262187
2022-08-15,3245774241,-0.13173815856151963,0.04281771278997584,0.10281104319120042
2022-08-22,3641220824,-0.03456362937773939,-0.03338268164567928,0.10282479755628499
2022-08-29,3711026889,0.12749764093092125,-0.0898189776348057,0.10109277119855216
2022-09-05,3975383078,0.02179674835067901,-0.0827449438962784,0.10141577827849094
2022-09-12,4055368117,-0.1637472718001487,-0.2532026193320951,0.10283871652576504
2022-09-19,3806899623,-0.0038025299291348227,-0.11419673805373246,0.1025042911389506
2022-09-26,2796954232,-0.013918738114224333,0.01937849785079688,0.10250645609241514
2022-10-03,2268878666,0.03768135634956942,-0.041787351541054354,0.10297875484241512
2022-10-10,2472084157,-0.04617848441777927,-0.013225007126435798,0.09966214033714854
2022-10-17,2170602199,0.04697019732488485,0.019226649093550645,0.09683804566538261
2022-10-24,3732199767,0.026320499314812083,-0.09702682137659428,0.09726236781780148
2022-10-31,8552627754,0.20651216496060135,-0.13623504992767957,0.1035299280926066
2022-11-07,9078174448,-0.16959163469467461,-0.043192875251410155,0.10724905486333415
2022-11-14,4540929397,0.0758397923830026,-0.08878944350344853,0.10862013062096573
2022-11-21,7825199893,0.19089703952211093,0.06244470785077299,0.11484358548176747
2022-11-28,4155865157,0.028493949663153693,-0.11438352892428777,0.11468961602063397
2022-12-05,3718240489,-0.007454776037699798,0.006094213225021303,0.10308174481149612
2022-12-12,3947682574,-0.17142247518513157,0.05629169529724201,0.10784953893644321
2022-12-19,2545242611,0.06947719251607251,-0.11408636546374883,0.10639057840477209
2022-12-26,2730058855,0.022980653847591404,-0.20053420590171128,0.10643110546215362
2023-01-02,3526426079,0.0924786509982176,0.05857338525106225,0.09408086873019433
2023-01-09,5548620614,0.11754592653196533,0.118240405105958,0.09401432889856066
2023-01-16,4368981587,0.003030313408191283,-0.01412383698588812,0.09386688557737613
2023-01-23,4094267382,0.08127280173364762,-0.031821774379286315,0.09162451068304601
2023-01-30,4696179082,0.014747168012093146,-0.08762961624588543,0.09162977427085506
2023-02-06,4055575773,-0.043120963654927895,-0.0667904245076808,0.09192714511935351
2023-02-13,4642318623,0.05441360590231922,-0.015244211123871232,0.09200501693555105
2023-02-20,3958239352,-0.02433430400954443,-0.07841069232398408,0.09230157536939973
2023-02-27,3185185621,-0.05729010404099101,0.009829324045346276,0.09324469883972773
2023-03-06,5131781831,-0.16441567913060456,-0.05121683266334778,0.09856448410330815
2023-03-13,4903633131,0.10078180072329708,0.03700812075077098,0.09646234249313042
2023-03-20,5021162888,0.1024156724306096,0.012580466219951276,0.09732421042931931
2023-03-27,3793461598,-0.005371059430167869,-0.15763592994378667,0.09519430032084657
2023-04-03,3169200737,-0.02536021706928386,0.11340939675803706,0.09545182139681159
2023-04-10,4191413484,0.10051049720331898,-0.07307096813169679,0.0906985305016796
2023-04-17,4506713305,-0.1430166946810908,0.05796475045966212,0.09546521040557561
2023-04-24,3638238519,0.018797055897793888,-0.020870740013524278,0.09529012494978452
2023-05-01,3039066467,-0.05742603195499092,0.0030015215125751915,0.09618332532613799
2023-05-08,3589216731,-0.0015050095584810761,0.004906721660129785,0.09555338939203968
2023-05-15,4448636956,0.10062745533071395,-0.04486681595841255,0.09664695410329222
2023-05-22,3386666451,-0.007584401274291554,0.11075367385705713,0.09674321385670133
2023-05-29,3881649353,0.02918024312147551,0.09206779762639508,0.08992715619558297
2023-06-05,4447068468,-0.19356796756904354,-0.00886110984081022,0.09167566954349932
2023-06-12,2686640482,-0.006685649509350673,-0.021692063637632403,0.09086819829531448
2023-06-19,4061002138,0.1343215648568577,0.06561566167411745,0.08744932005101295
2023-06-26,8936085575,0.24893182039655706,-0.0624557596812481,0.09807125287620425
2023-07-03,5743036925,-0.17367109392190802,0.03575059473294824,0.10378191260026595
2023-07-10,4944744856,-0.02421259332004124,0.019314095566830926,0.09838366318048336
2023-07-17,3323688314,0.0037409050654916343,0.047449056135866724,0.09779268477526114
2023-07-24,3196864348,0.008986062549565368,0.13883748895536763,0.09776170943750538
2023-07-31,3966979516,-0.1317894421579709,0.045846566226017335,0.09975007536391185
2023-08-07,2861619162,-0.005995101803413708,-0.01316416599675429,0.09733627542452472
2023-08-14,3189864489,-0.22819911589918823,0.023848710034623716,0.10570931761222616
2023-08-21,1982718557,0.0017701649375318517,0.06496089844373854,0.10433432997713964
2023-08-28,2198640988,-0.022114273983068887,-0.022544221080719677,0.10421964892261394
2023-09-04,1550351321,-0.04502625712813479,0.06637876495881972,0.10423877074681885
2023-09-11,1909547693,0.03944019584413603,0.24877939222296408,0.10393644903509053
2023-09-18,2108690188,0.00014765034541222894,-0.12431313189162047,0.10395080310468016
2023-09-25,1537938833,0.07053663126976759,-0.03754272973112353,0.10470897873166703
2023-10-02,1399283048,-0.04288894108353922,-0.06177110299589883,0.1007735393017851
2023-10-09,1216708700,-0.05840012042143543,-0.019704056110766963,0.0991822054172617
2023-10-16,1631583779,0.055726614642230596,-0.04150323088714869,0.09770548541274267
2023-10-23,2601688698,0.05112823215952133,0.1010886800446672,0.09837992601937412
2023-10-30,2099211918,0.040764142624472324,-0.08060132721035126,0.09876668080847043
2023-11-06,2698026538,0.044072991986679785,-0.03488159235755481,0.09715456250302137
2023-11-13,2325906319,-0.05852533035860148,-0.02710565279027914,0.09434351581351262
2023-11-20,2085191861,-0.008249326982292634,-0.07807892515467287,0.09421783380243287
2023-11-27,1937813519,0.03093404602325678,-0.0262889065882856,0.0939964902934113
2023-12-04,3322553695,0.06537878586401775,-0.011020264671497129,0.0948698316241236
2023-12-11,2515174771,-0.07973047318757469,0.055516978727875005,0.09380434964923604
2023-12-18,2313878527,-0.0006839756815035394,0.030970290137681197,0.09381568799465151
2023-12-25,2947265629,0.022526896839817092,-0.04518888430610834,0.09373139360233325
2024-01-01,2760754636,-0.12637298460696628,0.029828890641187412,0.08988563656109702
2024-01-08,3866786915,0.08300685142080419,0.011027803215486364,0.09135786614438549
2024-01-15,2326786847,0.025518792168065445,0.05820113182682504,0.08778858987759719
2024-01-22,2075686085,-0.04596420524365843,-0.08800078593222908,0.07347359904422364
2024-01-29,1694363742,-0.021581204277690048,-0.04635074831621068,0.06727145687325375
2024-02-05,1875140504,0.06657524834451548,0.06557228264022269,0.06872341164161393
2024-02-12,2452357519,-0.011452540071769272,0.00964758367801424,0.06868345582659026
2024-02-19,2017210002,-0.009328102296060348,-0.0029910857091832825,0.06859620826987768
2024-02-26,5246157367,0.2574668019314231,0.04140475893888683,0.08053294115275676
2024-03-04,5305675450,-0.03553254370846701,-0.029736650021458158,0.08082693219709287
2024-03-11,6251521199,-0.019016650458928624,0.057014847870646625,0.06833868806055832
2024-03-18,4415743961,0.04368600635328397,0.07097477507587768,0.06861362109789819
2024-03-25,6444869251,0.1593378782492221,0.16765100965699162,0.07347397822088451
2024-04-01,6686689415,-0.03884761748764445,-0.05557676502852818,0.07330417605741184
2024-04-08,5511364950,-0.2359027997798558,0.08152871227499063,0.0864174216414765
2024-04-15,3256911702,0.0518150629561876,0.0644912098141769,0.08678038890411383
2024-04-22,3001145158,-0.002532741018998888,-0.16744975428230488,0.08602159630495017
2024-04-29,2398063419,-0.031178204294620964,-0.0016798445600170256,0.08581482750232056
2024-05-06,2154129757,9.122002571823486e-05,-0.05110951309373354,0.0849340061708209
2024-05-13,2240597423,0.010249248140814262,-0.0384623930810937,0.08447781046884485
2024-05-20,3255529879,0.020211372110187645,0.017743383002628704,0.08411615064676058
2024-05-27,2208752080,-0.010136652916331462,-0.003125294207506577,0.08391550635882017
2024-06-03,2409997952,-0.03110664255388479,0.05660072927206245,0.08382664276566919
2024-06-10,2479278738,-0.020133291344127682,0.023983082991226576,0.08315553274896452
2024-06-17,2377896048,-0.0726299149595332,-0.020895507852114824,0.08429573693700514
2024-06-24,2346396116,0.025699204915847856,0.10844619768837672,0.08423808126625511
2024-07-01,2549849266,-0.1929501848389238,0.03217515998789006,0.09043870307938397
2024-07-08,1890603277,0.11988987154556066,-0.053213512201801115,0.0922509776108392
2024-07-15,2073871373,0.05576382805797752,0.09919965320926621,0.09282399113071223
2024-07-22,2090859150,-0.039423987403924235,-0.12915653786369333,0.0930229649839481
2024-07-29,2241645967,-0.130987575595548,0.028735508745447946,0.09324128310271705
2024-08-05,2760713522,-0.04405563367745798,-0.15401228151310237,0.09217445624973261
2024-08-12,1962389764,0.10599097396746789,-0.08528501467481274,0.09424731894455488
2024-08-19,1842003214,-0.023393863637255825,0.05999841624350196,0.09397836741507845
2024-08-26,1941697624,-0.020575314389941826,-0.014576653882717871,0.09397123845458731
2024-09-02,2125469947,-0.0423052264391845,-0.033476258406752356,0.0933419942314364
2024-09-09,1838340563,0.03929082201237146,-0.016631290205641858,0.0936872101223877
2024-09-16,1912761130,0.07980477534410274,-0.027028994147606553,0.09490745960605085
2024-09-23,1896623095,0.010383401176414113,0.0015093783643257757,0.08150445410434283
2024-09-30,1919950245,-0.032939759793549545,-0.04962228735346512,0.08147666413405849
2024-10-07,1527845526,-0.035070909017059906,-0.0302315007677934,0.08159828227933405
2024-10-14,2358200902,0.12159714824373552,-0.034788306561130196,0.08453313488125537
