,0,1,2,3,4,5,6,7
2022-05-13,0.0,1.0,0.0,0.0,0.0,0.0,0.0,0.0
2022-05-14,0.0,0.0,0.0,0.0,0.0,0.0,1.0,0.0
2022-05-15,0.0,0.0,0.0,0.0,0.0,0.0,0.0,1.0
2022-05-16,0.20738194870374713,0.0,0.0,0.0,0.0,0.0,0.0,0.7926180512962528
2022-05-17,0.0,0.0,0.0,1.0,0.0,0.0,0.0,0.0
2022-05-18,0.0,0.0,0.0,0.0,0.0,0.0,0.0,1.0
2022-05-19,0.0,0.0,0.0,0.0,0.0,0.0,0.0,1.0
2022-05-20,0.0,0.0,0.0,0.0,0.0,0.0,0.0,1.0
2022-05-21,0.0,0.0,0.0,0.0,0.0,0.0,0.0,1.0
2022-05-22,0.0,0.0,0.0,0.0,0.0,0.0,0.0,1.0
2022-05-23,0.0,0.0,0.0,0.0,0.0,0.0,0.0,1.0
2022-05-24,0.0,0.0,0.0,0.0,0.0,0.0,0.0,1.0
2022-05-25,1.0,0.0,0.0,0.0,0.0,0.0,0.0,0.0
2022-05-26,0.0,0.0,0.0,0.0,0.0,0.0,0.0,1.0
2022-05-27,0.0,0.0,0.0,0.0,0.0,0.0,0.0,1.0
2022-05-28,0.0,0.0,0.0,0.0,0.0,0.3730608309385724,0.0,0.6269391690614277
2022-05-29,0.0,0.0,0.0,0.0,0.0,0.0,0.0,1.0
2022-05-30,0.0,0.0,0.0,0.0,0.0,0.0,0.0,1.0
2022-05-31,0.0,0.0,0.0,0.0,0.0,0.0,0.0,1.0
2022-06-01,0.0,0.0,0.0,0.0,0.0,0.0,0.0,1.0
2022-06-02,0.0,0.0,0.0,0.0,0.0,0.0,0.0,1.0
2022-06-03,0.0,0.0,0.0,0.0,0.0,0.0,0.0,1.0
2022-06-04,0.0,0.0,0.0,0.0,0.0,0.0,0.0,1.0
2022-06-05,0.0,0.0,0.0,0.0,0.0,0.0,0.0,1.0
2022-06-06,0.0,0.0,0.0,0.0,0.0,0.4144295061619263,0.0,0.5855704938380737
2022-06-07,0.0,0.0,0.0,0.0,0.0,0.0,0.0,1.0
2022-06-08,0.0,0.0,0.0,0.0,0.0,0.0,0.0,1.0
2022-06-09,0.0,0.0,0.0,0.0,0.0,0.14117128577172805,0.0,0.858828714228272
2022-06-10,0.0,0.0,0.0,0.0,0.0,0.0,0.0,1.0
2022-06-11,0.0,0.0,0.0,0.0,0.0,0.0,1.0,0.0
2022-06-12,0.0,0.0,0.0,0.0,0.0,1.0,0.0,0.0
2022-06-13,0.0,0.0,0.0,0.0,0.0,1.0,0.0,0.0
2022-06-14,0.0,0.0,0.0,0.0,1.0,0.0,0.0,0.0
2022-06-15,0.0,0.0,0.0,0.0,0.0,0.0,0.0,1.0
2022-06-16,1.0,0.0,0.0,0.0,0.0,0.0,0.0,0.0
2022-06-17,0.0,0.0,0.0,0.0,0.0,0.0,1.0,0.0
2022-06-18,0.0,0.0,0.0,0.0,0.0,0.0,0.0,1.0
2022-06-19,0.0,0.0,0.0,0.0,0.0,0.0,0.0,1.0
2022-06-20,0.0,0.0,0.0,0.0,0.0,0.0,1.0,0.0
2022-06-21,0.0,0.0,1.0,0.0,0.0,0.0,0.0,0.0
2022-06-22,0.0,0.0,0.0,0.0,0.0,1.0,0.0,0.0
2022-06-23,0.0,0.0,0.0,0.0,0.0,0.0,1.0,0.0
2022-06-24,0.0,0.0,0.0,0.0,0.0,0.0,0.0,1.0
2022-06-25,0.0,0.0,0.0,0.0,0.0,0.0,0.0,1.0
2022-06-26,0.0,0.0,1.0,0.0,0.0,0.0,0.0,0.0
2022-06-27,0.0,0.0,1.0,0.0,0.0,0.0,0.0,0.0
2022-06-28,0.0,0.0,0.0,0.0,0.0,0.0,1.0,0.0
2022-06-29,0.0,0.0,0.9327791461076742,0.0,0.0,0.06722085389232578,0.0,0.0
2022-06-30,0.0,0.0,0.0,0.0,0.0,1.0,0.0,0.0
2022-07-01,0.0,0.0,0.0,0.0,0.0,0.0,0.0,1.0
2022-07-02,0.0,0.0,0.0,0.0,0.0,1.0,0.0,0.0
2022-07-03,0.0,0.0,0.0,0.0,0.0,0.0,0.0,1.0
2022-07-04,0.0,0.0,0.0,0.0,0.0,0.0,0.0,1.0
2022-07-05,0.0,0.0,0.0,0.0,0.0,0.0,0.0,1.0
2022-07-06,0.0,0.0,0.0,0.0,0.0,0.0,0.0,1.0
2022-07-07,0.0,1.0,0.0,0.0,0.0,0.0,0.0,0.0
2022-07-08,0.0,0.0,0.0,1.0,0.0,0.0,0.0,0.0
2022-07-09,1.0,0.0,0.0,0.0,0.0,0.0,0.0,0.0
2022-07-10,0.0,0.0,0.0,0.0,0.0,0.0,1.0,0.0
2022-07-11,0.0,0.0,0.0,0.0,0.0,0.0,1.0,0.0
2022-07-12,0.0,0.0,0.0,0.0,0.0,0.0,0.0,1.0
2022-07-13,0.0,0.0,0.0,0.0,0.0,0.0,1.0,0.0
2022-07-14,0.0,0.0,0.0,0.0,0.0,0.0,0.0,1.0
2022-07-15,0.0,0.0,0.0,0.0,0.0,0.0,0.0,1.0
2022-07-16,0.0,0.9511939549816522,0.0,0.0,0.0,0.0,0.0,0.0488060450183477
2022-07-17,0.0,0.0,0.0,0.0,0.0,0.0,1.0,0.0
2022-07-18,0.0,0.0,0.2856166303036392,0.0,0.0,0.0,0.0,0.7143833696963608
2022-07-19,0.0,0.0,0.0,0.0,0.0,1.0,0.0,0.0
2022-07-20,0.0,0.0,0.0,0.0,0.0,0.0,1.0,0.0
2022-07-21,1.0,0.0,0.0,0.0,0.0,0.0,0.0,0.0
2022-07-22,0.0,1.0,0.0,0.0,0.0,0.0,0.0,0.0
2022-07-23,0.0,0.0,0.0,0.0,0.0,0.0,0.0,1.0
2022-07-24,0.0,0.0,0.0,1.0,0.0,0.0,0.0,0.0
2022-07-25,0.0,1.0,0.0,0.0,0.0,0.0,0.0,0.0
2022-07-26,0.0,0.0,0.0,0.0,1.0,0.0,0.0,0.0
2022-07-27,0.0,0.0,0.0,0.0,0.0,0.0,0.0,1.0
2022-07-28,0.0,0.0,0.0,0.0,1.0,0.0,0.0,0.0
2022-07-29,0.0,0.5305059189167819,0.0,0.0,0.4694940810832182,0.0,0.0,0.0
2022-07-30,0.0,0.0,0.0,0.0,1.0,0.0,0.0,0.0
2022-07-31,0.0,0.0,0.0,0.0,1.0,0.0,0.0,0.0
2022-08-01,0.0,0.0,0.0,0.4118608119508966,0.0,0.5881391880491035,0.0,0.0
2022-08-02,0.0,0.0,0.0,0.0,1.0,0.0,0.0,0.0
2022-08-03,0.0,0.0,0.0,0.0,1.0,0.0,0.0,0.0
2022-08-04,0.0,0.0,0.0,0.0,0.0,0.1012211916700863,0.0,0.8987788083299136
2022-08-05,0.0,0.0,1.0,0.0,0.0,0.0,0.0,0.0
2022-08-06,0.0,0.0,0.0,0.6614981215176051,0.3385018784823948,0.0,0.0,0.0
2022-08-07,0.0,0.0,0.0,0.0,0.0,1.0,0.0,0.0
2022-08-08,0.0,0.0,0.0,0.0,1.0,0.0,0.0,0.0
2022-08-09,0.0,0.0,0.0,0.0,1.0,0.0,0.0,0.0
2022-08-10,0.0,0.0,1.0,0.0,0.0,0.0,0.0,0.0
2022-08-11,0.0,0.8577440895499251,0.0,0.0,0.1422559104500748,0.0,0.0,0.0
2022-08-12,0.0,0.0,0.0,0.0,0.0,1.0,0.0,0.0
2022-08-13,0.0,0.0,0.0,1.0,0.0,0.0,0.0,0.0
2022-08-14,0.0,1.0,0.0,0.0,0.0,0.0,0.0,0.0
2022-08-15,0.0,0.0,0.0,0.0,1.0,0.0,0.0,0.0
2022-08-16,0.0,0.0,0.0,0.0,0.0,1.0,0.0,0.0
2022-08-17,0.0,0.0,0.0,1.0,0.0,0.0,0.0,0.0
2022-08-18,0.0,1.0,0.0,0.0,0.0,0.0,0.0,0.0
2022-08-19,0.0,0.0,1.0,0.0,0.0,0.0,0.0,0.0
2022-08-20,0.0,0.0,0.0,0.0,0.0,1.0,0.0,0.0
2022-08-21,0.0,0.0,0.0,0.0,0.0,1.0,0.0,0.0
2022-08-22,0.0,0.0,0.0,0.0,0.0,1.0,0.0,0.0
2022-08-23,0.0,1.0,0.0,0.0,0.0,0.0,0.0,0.0
2022-08-24,0.0,0.0,0.0,0.0,1.0,0.0,0.0,0.0
2022-08-25,0.0,0.0,0.0,0.0,0.0,0.0,1.0,0.0
2022-08-26,1.0,0.0,0.0,0.0,0.0,0.0,0.0,0.0
2022-08-27,0.0,0.0,0.0,1.0,0.0,0.0,0.0,0.0
2022-08-28,0.0,0.0,0.0,1.0,0.0,0.0,0.0,0.0
2022-08-29,0.0,0.0,0.0,0.0,0.0,0.0,1.0,0.0
2022-08-30,0.0,0.0,0.0,0.0,0.0,0.0,0.0,1.0
2022-08-31,1.0,0.0,0.0,0.0,0.0,0.0,0.0,0.0
2022-09-01,0.0,0.0,0.0,0.0,0.0,1.0,0.0,0.0
2022-09-02,0.0,0.0,0.0,0.0,0.0,1.0,0.0,0.0
2022-09-03,0.0,0.0,0.0,0.0,1.0,0.0,0.0,0.0
2022-09-04,0.0,0.0,0.0,1.0,0.0,0.0,0.0,0.0
2022-09-05,0.0,0.0,0.367197014660919,0.632802985339081,0.0,0.0,0.0,0.0
2022-09-06,0.0,0.0,0.0,1.0,0.0,0.0,0.0,0.0
2022-09-07,0.0,0.0,0.0,0.0,0.0,0.0,1.0,0.0
2022-09-08,0.0,0.0,1.0,0.0,0.0,0.0,0.0,0.0
2022-09-09,0.0,0.0,0.0,0.0,0.0,0.0,1.0,0.0
2022-09-10,0.0,0.0,0.0,0.0,1.0,0.0,0.0,0.0
2022-09-11,0.0,1.0,0.0,0.0,0.0,0.0,0.0,0.0
2022-09-12,0.0,0.0,0.0,0.0,0.0,1.0,0.0,0.0
2022-09-13,0.0,1.0,0.0,0.0,0.0,0.0,0.0,0.0
2022-09-14,0.0,0.0,1.0,0.0,0.0,0.0,0.0,0.0
2022-09-15,0.0,1.0,0.0,0.0,0.0,0.0,0.0,0.0
2022-09-16,0.0,0.0,0.0,0.0,0.4495233958374647,0.0,0.5504766041625353,0.0
2022-09-17,0.0,0.0,0.0,0.0,0.0,1.0,0.0,0.0
2022-09-18,0.0,1.0,0.0,0.0,0.0,0.0,0.0,0.0
2022-09-19,0.0,0.0,0.0,0.0,0.0,1.0,0.0,0.0
2022-09-20,0.0,1.0,0.0,0.0,0.0,0.0,0.0,0.0
2022-09-21,1.0,0.0,0.0,0.0,0.0,0.0,0.0,0.0
2022-09-22,0.0,1.0,0.0,0.0,0.0,0.0,0.0,0.0
2022-09-23,0.0,0.0,0.0,1.0,0.0,0.0,0.0,0.0
2022-09-24,0.0,0.0,1.0,0.0,0.0,0.0,0.0,0.0
2022-09-25,0.0,0.0,0.0,1.0,0.0,0.0,0.0,0.0
2022-09-26,0.0,0.0,0.0,0.0,0.0,1.0,0.0,0.0
2022-09-27,0.0,0.0,0.0,1.0,0.0,0.0,0.0,0.0
2022-09-28,0.0,0.0,0.0,0.9389454521599347,0.0,0.0,0.061054547840065,0.0
2022-09-29,0.0,0.0,0.0,0.0,0.0,1.0,0.0,0.0
2022-09-30,0.0,0.0,0.0,0.0,0.0,1.0,0.0,0.0
2022-10-01,0.0,0.0,0.0,0.0,0.0,1.0,0.0,0.0
2022-10-02,0.0,1.0,0.0,0.0,0.0,0.0,0.0,0.0
2022-10-03,0.0,0.0,0.0,1.0,0.0,0.0,0.0,0.0
2022-10-04,0.0,0.0,0.0,0.0,0.0,1.0,0.0,0.0
2022-10-05,1.0,0.0,0.0,0.0,0.0,0.0,0.0,0.0
2022-10-06,0.0,0.0,0.0,0.0,0.0,0.0,1.0,0.0
2022-10-07,0.0,0.0,0.0,0.0,0.0,0.0,0.0,1.0
2022-10-08,0.0,0.0,0.0,0.0,0.0,1.0,0.0,0.0
2022-10-09,0.0,0.0,0.0,0.0,0.0,0.0,1.0,0.0
2022-10-10,1.0,0.0,0.0,0.0,0.0,0.0,0.0,0.0
2022-10-11,0.0,0.0,0.0,0.0,0.0,0.0,1.0,0.0
2022-10-12,0.0,0.0,1.0,0.0,0.0,0.0,0.0,0.0
2022-10-13,0.0,0.0,0.0,0.0,0.0,0.0,0.0,1.0
2022-10-14,1.0,0.0,0.0,0.0,0.0,0.0,0.0,0.0
2022-10-15,0.0,0.0,0.0,1.0,0.0,0.0,0.0,0.0
2022-10-16,0.0,0.0,0.0,0.0,0.0,1.0,0.0,0.0
2022-10-17,0.0,0.0,0.0,0.0,0.0,0.0,0.0,1.0
2022-10-18,0.0,0.0,0.0,0.0,1.0,0.0,0.0,0.0
2022-10-19,0.0,0.0,1.0,0.0,0.0,0.0,0.0,0.0
2022-10-20,0.0,0.0,0.0,0.0,0.0,0.0,1.0,0.0
2022-10-21,0.0,0.0,0.0,0.6227518857086354,0.3772481142913645,0.0,0.0,0.0
2022-10-22,1.0,0.0,0.0,0.0,0.0,0.0,0.0,0.0
2022-10-23,0.0,0.0,1.0,0.0,0.0,0.0,0.0,0.0
2022-10-24,0.0,0.0,1.0,0.0,0.0,0.0,0.0,0.0
2022-10-25,0.0,1.0,0.0,0.0,0.0,0.0,0.0,0.0
2022-10-26,0.0,0.2073238155837799,0.0,0.0,0.0,0.0,0.79267618441622,0.0
2022-10-27,0.0,1.0,0.0,0.0,0.0,0.0,0.0,0.0
2022-10-28,0.0,1.0,0.0,0.0,0.0,0.0,0.0,0.0
2022-10-29,1.0,0.0,0.0,0.0,0.0,0.0,0.0,0.0
2022-10-30,0.0,0.0,1.0,0.0,0.0,0.0,0.0,0.0
2022-10-31,0.0,0.0,0.6548480778876727,0.0,0.0,0.3451519221123272,0.0,0.0
2022-11-01,0.0,0.0,0.0,0.0,1.0,0.0,0.0,0.0
2022-11-02,0.0,0.6833118074639212,0.0,0.0,0.0,0.3166881925360788,0.0,0.0
2022-11-03,0.0,0.0,0.0,0.0,0.0,0.0,1.0,0.0
2022-11-04,0.0,0.0,1.0,0.0,0.0,0.0,0.0,0.0
2022-11-05,0.0,0.0,1.0,0.0,0.0,0.0,0.0,0.0
2022-11-06,0.0,0.0,1.0,0.0,0.0,0.0,0.0,0.0
2022-11-07,0.0,0.0,1.0,0.0,0.0,0.0,0.0,0.0
2022-11-08,0.0,1.0,0.0,0.0,0.0,0.0,0.0,0.0
2022-11-09,0.0,0.0,0.0,0.0,1.0,0.0,0.0,0.0
2022-11-10,0.0,0.0,0.0,1.0,0.0,0.0,0.0,0.0
2022-11-11,0.0,0.0,0.0,0.0,0.0,0.0,0.0,1.0
2022-11-12,0.0,0.0,1.0,0.0,0.0,0.0,0.0,0.0
2022-11-13,0.0,0.0,1.0,0.0,0.0,0.0,0.0,0.0
2022-11-14,0.0,0.0,0.0,0.0,0.0,0.0,1.0,0.0
2022-11-15,0.0,0.0,0.0,0.0,0.0,1.0,0.0,0.0
2022-11-16,0.0,0.0,1.0,0.0,0.0,0.0,0.0,0.0
2022-11-17,0.0,0.0,1.0,0.0,0.0,0.0,0.0,0.0
2022-11-18,0.0,0.0,0.0,0.0,0.0,1.0,0.0,0.0
2022-11-19,0.0,0.0,0.0,1.0,0.0,0.0,0.0,0.0
2022-11-20,0.0,0.0,1.0,0.0,0.0,0.0,0.0,0.0
2022-11-21,0.0,0.0,1.0,0.0,0.0,0.0,0.0,0.0
2022-11-22,0.341013690747197,0.0,0.0,0.6589863092528029,0.0,0.0,0.0,0.0
2022-11-23,0.0,0.0,1.0,0.0,0.0,0.0,0.0,0.0
2022-11-24,0.0,0.0,0.140021763548459,0.0,0.0,0.0,0.859978236451541,0.0
2022-11-25,0.0,0.0,0.0,0.0,0.0,0.0,0.0,1.0
2022-11-26,0.0,0.0,0.0,0.0,0.0,1.0,0.0,0.0
2022-11-27,0.0,0.0,1.0,0.0,0.0,0.0,0.0,0.0
2022-11-28,0.0,0.0,1.0,0.0,0.0,0.0,0.0,0.0
2022-11-29,0.0,0.0,1.0,0.0,0.0,0.0,0.0,0.0
2022-11-30,0.0,0.0,1.0,0.0,0.0,0.0,0.0,0.0
2022-12-01,0.0,0.0,0.0,0.0,0.0,0.0,0.793039641548358,0.2069603584516419
2022-12-02,0.0,0.0,1.0,0.0,0.0,0.0,0.0,0.0
2022-12-03,0.0,0.0,0.4968621918955516,0.0,0.0,0.0,0.0,0.5031378081044484
2022-12-04,0.0,0.0,0.0,0.0,1.0,0.0,0.0,0.0
2022-12-05,0.0,0.0,0.0,0.0,0.0,1.0,0.0,0.0
2022-12-06,0.0,0.0,1.0,0.0,0.0,0.0,0.0,0.0
2022-12-07,0.0,0.0,1.0,0.0,0.0,0.0,0.0,0.0
2022-12-08,0.0,0.0,1.0,0.0,0.0,0.0,0.0,0.0
2022-12-09,0.0,0.0,1.0,0.0,0.0,0.0,0.0,0.0
2022-12-10,0.0,0.0,0.2954765457558643,0.0,0.0,0.1031816332840543,0.0,0.6013418209600815
2022-12-11,0.0,0.0,0.0,0.0,0.0,0.0,0.0,1.0
2022-12-12,0.0,0.0,1.0,0.0,0.0,0.0,0.0,0.0
2022-12-13,0.0,0.0,0.390368841993468,0.0,0.0,0.0,0.0,0.609631158006532
2022-12-14,0.0,1.0,0.0,0.0,0.0,0.0,0.0,0.0
2022-12-15,1.0,0.0,0.0,0.0,0.0,0.0,0.0,0.0
2022-12-16,0.0,0.0,0.0,0.0,0.0,1.0,0.0,0.0
2022-12-17,1.0,0.0,0.0,0.0,0.0,0.0,0.0,0.0
2022-12-18,0.0,1.0,0.0,0.0,0.0,0.0,0.0,0.0
2022-12-19,0.0,0.0,0.0,0.0,0.0,0.0,0.0,1.0
2022-12-20,0.0,0.0,1.0,0.0,0.0,0.0,0.0,0.0
2022-12-21,0.0,1.0,0.0,0.0,0.0,0.0,0.0,0.0
2022-12-22,0.0,0.0,1.0,0.0,0.0,0.0,0.0,0.0
2022-12-23,0.0,0.0,0.0,0.0,0.0,0.0,0.0,1.0
2022-12-24,0.0,0.0,1.0,0.0,0.0,0.0,0.0,0.0
2022-12-25,0.0,0.0,0.0,0.0,0.0,0.0,0.0,1.0
2022-12-26,0.0,1.0,0.0,0.0,0.0,0.0,0.0,0.0
2022-12-27,0.0,0.0,1.0,0.0,0.0,0.0,0.0,0.0
2022-12-28,0.0,0.0,0.0,0.0,0.0,0.0,0.0,1.0
2022-12-29,0.0,0.0,0.0,0.0,0.0,0.0,0.0,1.0
2022-12-30,0.0,0.0,0.0,0.0,0.0,0.0,0.0,1.0
2022-12-31,0.0,1.0,0.0,0.0,0.0,0.0,0.0,0.0
2023-01-01,0.0,0.0,1.0,0.0,0.0,0.0,0.0,0.0
2023-01-02,0.0,0.0,0.0,0.0,0.0,0.0,0.0,1.0
2023-01-03,0.0,0.0,0.0,0.0,0.0,0.0,0.0,1.0
2023-01-04,0.0,0.0,0.0,0.0,0.0,0.0,1.0,0.0
2023-01-05,0.0,1.0,0.0,0.0,0.0,0.0,0.0,0.0
2023-01-06,0.0,0.0,0.0,0.0,0.0,0.0,1.0,0.0
2023-01-07,0.0,0.0,0.0,1.0,0.0,0.0,0.0,0.0
2023-01-08,0.0,0.0,1.0,0.0,0.0,0.0,0.0,0.0
2023-01-09,0.0,0.0,0.0,1.0,0.0,0.0,0.0,0.0
2023-01-10,0.0,0.0474944054145992,0.0,0.0,0.0,0.0,0.9525055945854008,0.0
2023-01-11,0.0,0.0,0.724350268171739,0.0,0.0,0.0,0.2756497318282611,0.0
2023-01-12,0.0,0.0,0.6489378608082134,0.0,0.0,0.0,0.3510621391917867,0.0
2023-01-13,0.7328876935717857,0.0,0.0,0.0,0.0,0.0,0.2671123064282142,0.0
2023-01-14,0.0,0.0,0.0,0.0,0.0,0.0,1.0,0.0
2023-01-15,0.0,1.0,0.0,0.0,0.0,0.0,0.0,0.0
2023-01-16,0.0,0.0,0.5275528852879768,0.0,0.0,0.0,0.4724471147120232,0.0
2023-01-17,0.0,0.0,1.0,0.0,0.0,0.0,0.0,0.0
2023-01-18,1.0,0.0,0.0,0.0,0.0,0.0,0.0,0.0
2023-01-19,0.0,0.0,1.0,0.0,0.0,0.0,0.0,0.0
2023-01-20,0.0,0.0,0.0,1.0,0.0,0.0,0.0,0.0
2023-01-21,0.0,0.0,0.0,0.0,0.0,0.0,0.0,1.0
2023-01-22,0.0,0.0,1.0,0.0,0.0,0.0,0.0,0.0
2023-01-23,0.0,0.0,0.4478562299607304,0.0,0.1264066723155265,0.0,0.0,0.425737097723743
2023-01-24,0.0,0.0,0.0,1.0,0.0,0.0,0.0,0.0
2023-01-25,0.955556193859082,0.0,0.0,0.0,0.0444438061409181,0.0,0.0,0.0
2023-01-26,0.0,0.3988668302501352,0.6011331697498649,0.0,0.0,0.0,0.0,0.0
2023-01-27,0.8463837038495576,0.0,0.0,0.0,0.0,0.0,0.0,0.1536162961504423
2023-01-28,0.0,0.0,0.0,0.0,0.0,1.0,0.0,0.0
2023-01-29,0.0,0.0,1.0,0.0,0.0,0.0,0.0,0.0
2023-01-30,1.0,0.0,0.0,0.0,0.0,0.0,0.0,0.0
2023-01-31,0.0,0.0,0.0,0.2103902090926448,0.0,0.0,0.0,0.7896097909073552
2023-02-01,0.0,1.0,0.0,0.0,0.0,0.0,0.0,0.0
2023-02-02,0.0,0.0,0.8341485736745237,0.0,0.0,0.0,0.1658514263254764,0.0
2023-02-03,0.9103123117243132,0.0,0.0728033280120166,0.0,0.0,0.0,0.01688436026367,0.0
2023-02-04,0.0,0.3566306877648271,0.0,0.0,0.0,0.0,0.6433693122351729,0.0
2023-02-05,0.0,0.0,0.117936368922735,0.0,0.8820636310772649,0.0,0.0,0.0
2023-02-06,0.0,0.0,1.0,0.0,0.0,0.0,0.0,0.0
2023-02-07,0.0,0.0,0.0,0.0,0.0,0.0604674426995837,0.0,0.9395325573004164
2023-02-08,0.0,0.0,1.0,0.0,0.0,0.0,0.0,0.0
2023-02-09,1.0,0.0,0.0,0.0,0.0,0.0,0.0,0.0
2023-02-10,0.0,0.0,0.0,0.3054179908724567,0.0,0.0,0.0,0.6945820091275432
2023-02-11,0.0,1.0,0.0,0.0,0.0,0.0,0.0,0.0
2023-02-12,0.0,1.0,0.0,0.0,0.0,0.0,0.0,0.0
2023-02-13,0.8420109360241845,0.0,0.0,0.1579890639758154,0.0,0.0,0.0,0.0
2023-02-14,0.0,0.0,1.0,0.0,0.0,0.0,0.0,0.0
2023-02-15,0.0,0.0,0.0,0.0,0.0,0.0,0.0,1.0
2023-02-16,0.0,0.0,0.0,0.8065338793726348,0.1934661206273652,0.0,0.0,0.0
2023-02-17,1.0,0.0,0.0,0.0,0.0,0.0,0.0,0.0
2023-02-18,0.0,1.0,0.0,0.0,0.0,0.0,0.0,0.0
2023-02-19,0.7511433875504123,0.0,0.0,0.2488566124495876,0.0,0.0,0.0,0.0
2023-02-20,0.0,0.0,0.0,0.0,0.0,0.0,0.250242158803694,0.749757841196306
2023-02-21,0.0,0.0,0.0,0.0,0.0,0.0,0.0,1.0
2023-02-22,0.0,0.0,0.0,0.0,0.0,0.0,0.0,1.0
2023-02-23,0.7139338736973599,0.0,0.0,0.0,0.0,0.0,0.0,0.2860661263026401
2023-02-24,0.0,0.0,0.0,0.0666733384098087,0.0,0.0,0.0,0.9333266615901912
2023-02-25,0.0,1.0,0.0,0.0,0.0,0.0,0.0,0.0
2023-02-26,0.0,1.0,0.0,0.0,0.0,0.0,0.0,0.0
2023-02-27,0.0,0.0,0.0,0.0,0.0,0.0,0.0,1.0
2023-02-28,0.6094669870068803,0.0,0.0,0.0,0.0,0.0,0.0,0.3905330129931196
2023-03-01,0.0,0.0,0.0,0.0,0.0,0.0,0.0,1.0
2023-03-02,0.0,0.0,0.0,0.0,0.0,0.0,0.0,1.0
2023-03-03,0.0,0.0,0.0,0.0,0.0,0.0,0.0,1.0
2023-03-04,1.0,0.0,0.0,0.0,0.0,0.0,0.0,0.0
2023-03-05,0.0,0.0,0.1871878915929307,0.0,0.0,0.0,0.0,0.8128121084070693
2023-03-06,0.8838590507634143,0.0,0.0,0.1161409492365856,0.0,0.0,0.0,0.0
2023-03-07,0.0,0.0,0.0,0.0,0.0,0.0,1.0,0.0
2023-03-08,0.0,0.0,0.0,0.0,0.0,1.0,0.0,0.0
2023-03-09,0.0,1.0,0.0,0.0,0.0,0.0,0.0,0.0
2023-03-10,1.0,0.0,0.0,0.0,0.0,0.0,0.0,0.0
2023-03-11,0.0,0.0,0.0,0.0,0.0,0.0,0.0,1.0
2023-03-12,0.7748567501156698,0.0,0.1440366305024382,0.0,0.0811066193818918,0.0,0.0,0.0
2023-03-13,0.2857218408406146,0.0,0.0,0.3908317561733057,0.0,0.0,0.0,0.3234464029860796
2023-03-14,1.0,0.0,0.0,0.0,0.0,0.0,0.0,0.0
2023-03-15,0.0,1.0,0.0,0.0,0.0,0.0,0.0,0.0
2023-03-16,1.0,0.0,0.0,0.0,0.0,0.0,0.0,0.0
2023-03-17,1.0,0.0,0.0,0.0,0.0,0.0,0.0,0.0
2023-03-18,0.0,0.0,0.0,0.0,1.0,0.0,0.0,0.0
2023-03-19,1.0,0.0,0.0,0.0,0.0,0.0,0.0,0.0
2023-03-20,1.0,0.0,0.0,0.0,0.0,0.0,0.0,0.0
2023-03-21,0.0635437054727538,0.936456294527246,0.0,0.0,0.0,0.0,0.0,0.0
2023-03-22,1.0,0.0,0.0,0.0,0.0,0.0,0.0,0.0
2023-03-23,0.0,0.0,1.0,0.0,0.0,0.0,0.0,0.0
2023-03-24,0.0,0.0,0.0,0.0,0.0,0.0,0.0,1.0
2023-03-25,0.7466337282933067,0.0,0.0,0.0,0.0,0.0,0.2533662717066934,0.0
2023-03-26,0.4224563970062464,0.0,0.0,0.0,0.0,0.0,0.0,0.5775436029937536
2023-03-27,1.0,0.0,0.0,0.0,0.0,0.0,0.0,0.0
2023-03-28,0.0,1.0,0.0,0.0,0.0,0.0,0.0,0.0
2023-03-29,0.0,1.0,0.0,0.0,0.0,0.0,0.0,0.0
2023-03-30,0.0,0.0,0.0,0.0,1.0,0.0,0.0,0.0
2023-03-31,0.0,0.0,0.0,1.0,0.0,0.0,0.0,0.0
2023-04-01,1.0,0.0,0.0,0.0,0.0,0.0,0.0,0.0
2023-04-02,1.0,0.0,0.0,0.0,0.0,0.0,0.0,0.0
2023-04-03,1.0,0.0,0.0,0.0,0.0,0.0,0.0,0.0
2023-04-04,0.0,0.8688188858945702,0.0,0.0,0.1311811141054297,0.0,0.0,0.0
2023-04-05,1.0,0.0,0.0,0.0,0.0,0.0,0.0,0.0
2023-04-06,1.0,0.0,0.0,0.0,0.0,0.0,0.0,0.0
2023-04-07,0.0,0.0,0.0,0.0,0.0,1.0,0.0,0.0
2023-04-08,1.0,0.0,0.0,0.0,0.0,0.0,0.0,0.0
2023-04-09,0.8982110864606926,0.0,0.0,0.0,0.0,0.0,0.0,0.1017889135393073
2023-04-10,1.0,0.0,0.0,0.0,0.0,0.0,0.0,0.0
2023-04-11,1.0,0.0,0.0,0.0,0.0,0.0,0.0,0.0
2023-04-12,0.0,0.8711981603060621,0.0,0.0,0.0,0.0,0.0,0.1288018396939379
2023-04-13,0.0,0.0,0.0,0.0,0.0,0.0,1.0,0.0
2023-04-14,1.0,0.0,0.0,0.0,0.0,0.0,0.0,0.0
2023-04-15,0.8994257050991865,0.0,0.0,0.0,0.0,0.1005742949008135,0.0,0.0
2023-04-16,0.3459615523979572,0.0,0.0,0.6540384476020428,0.0,0.0,0.0,0.0
2023-04-17,0.0,0.4541326441372134,0.5458673558627866,0.0,0.0,0.0,0.0,0.0
2023-04-18,0.7745743799372932,0.0,0.0,0.0,0.2254256200627068,0.0,0.0,0.0
2023-04-19,0.0,0.0,0.0,1.0,0.0,0.0,0.0,0.0
2023-04-20,0.0,0.0,0.0,0.0,0.0,1.0,0.0,0.0
2023-04-21,0.0,0.0,0.0,0.0,0.0,0.0,0.0,1.0
2023-04-22,1.0,0.0,0.0,0.0,0.0,0.0,0.0,0.0
2023-04-23,0.0,0.0,0.0,0.0,1.0,0.0,0.0,0.0
2023-04-24,1.0,0.0,0.0,0.0,0.0,0.0,0.0,0.0
2023-04-25,0.0,0.0,0.0,1.0,0.0,0.0,0.0,0.0
2023-04-26,0.0,0.0,0.0,1.0,0.0,0.0,0.0,0.0
2023-04-27,0.0,0.0,0.0,1.0,0.0,0.0,0.0,0.0
2023-04-28,0.0,0.0,0.0,1.0,0.0,0.0,0.0,0.0
2023-04-29,1.0,0.0,0.0,0.0,0.0,0.0,0.0,0.0
2023-04-30,0.5123079142700486,0.0,0.0,0.4876920857299514,0.0,0.0,0.0,0.0
2023-05-01,1.0,0.0,0.0,0.0,0.0,0.0,0.0,0.0
2023-05-02,0.0,1.0,0.0,0.0,0.0,0.0,0.0,0.0
2023-05-03,0.0,0.0,0.0,0.0,0.0,0.0,0.0,1.0
2023-05-04,0.0,0.8568222798939781,0.0,0.0,0.0,0.0,0.0,0.1431777201060219
2023-05-05,0.0,0.1184649241545815,0.0,0.0,0.0,0.0,0.1468506078425848,0.7346844680028336
2023-05-06,0.0,0.0,0.0,0.0,0.0,0.0,0.0,1.0
2023-05-07,0.4517885442463926,0.0,0.0,0.5482114557536074,0.0,0.0,0.0,0.0
2023-05-08,1.0,0.0,0.0,0.0,0.0,0.0,0.0,0.0
2023-05-09,0.0,0.0,0.6725378584528877,0.0,0.0,0.0,0.0,0.3274621415471123
2023-05-10,0.0,0.0,0.0,0.0,0.0,0.0,0.075148778815097,0.924851221184903
2023-05-11,0.0,0.0,0.0,0.0,0.1567350425645814,0.0,0.0,0.8432649574354186
2023-05-12,0.0,0.0,0.0,0.0,0.0,0.0,0.0,1.0
2023-05-13,1.0,0.0,0.0,0.0,0.0,0.0,0.0,0.0
2023-05-14,0.0,0.0,0.0,0.0,0.0,0.0,0.0,1.0
2023-05-15,1.0,0.0,0.0,0.0,0.0,0.0,0.0,0.0
2023-05-16,0.0,0.0,0.0,0.0,0.0,0.0,0.0,1.0
2023-05-17,0.0,0.0,1.0,0.0,0.0,0.0,0.0,0.0
2023-05-18,0.0,0.0,0.0,0.0,0.0,0.0,0.1264318716297436,0.8735681283702564
2023-05-19,0.0,0.0,0.0,0.0,0.0,0.0,0.0,1.0
2023-05-20,0.0,0.0,0.0,0.0,0.0,0.0,0.0,1.0
2023-05-21,0.0,0.0,0.5297925479129321,0.4702074520870679,0.0,0.0,0.0,0.0
2023-05-22,0.0,0.0,0.0812363150144327,0.0,0.0,0.0,0.0,0.9187636849855674
2023-05-23,0.0,0.0,0.0,0.0,0.0,0.0,0.0,1.0
2023-05-24,0.0,0.3120607365904977,0.6879392634095023,0.0,0.0,0.0,0.0,0.0
2023-05-25,0.0,0.0,0.0,0.0,0.0,0.0,0.0,1.0
2023-05-26,0.2463502616953762,0.0,0.0,0.0,0.0,0.0,0.0,0.7536497383046238
2023-05-27,0.0,0.0,0.0,0.0,0.0,0.0,0.0,1.0
2023-05-28,0.0,0.0,0.0,0.0,0.0,0.0,0.0,1.0
2023-05-29,0.0,0.0,0.3732126578301401,0.0,0.3353395037065736,0.0,0.0,0.2914478384632863
2023-05-30,0.0,0.5412026351697208,0.0,0.0,0.0,0.0,0.0,0.4587973648302793
2023-05-31,0.0,0.0,0.0,0.0,0.0,0.0,0.0,1.0
2023-06-01,0.0,0.0,0.1715702954299129,0.0,0.0,0.0,0.0570382129716742,0.7713914915984128
2023-06-02,0.0,0.0,0.0,0.0,0.0,0.0,0.0,1.0
2023-06-03,0.0,0.0,0.5831994360130663,0.0,0.0,0.0,0.0,0.4168005639869337
2023-06-04,0.0,0.0,1.0,0.0,0.0,0.0,0.0,0.0
2023-06-05,0.0,0.0,0.0,0.0,0.0,0.0,0.0,1.0
2023-06-06,1.0,0.0,0.0,0.0,0.0,0.0,0.0,0.0
2023-06-07,0.0,0.8807440780672191,0.1192559219327809,0.0,0.0,0.0,0.0,0.0
2023-06-08,0.0,0.0,1.0,0.0,0.0,0.0,0.0,0.0
2023-06-09,0.0,0.0,0.0798229831577302,0.0,0.0,0.0,0.0,0.9201770168422698
2023-06-10,0.0,0.0,0.0988139865464616,0.0,0.0,0.0,0.0,0.9011860134535384
2023-06-11,0.0,1.0,0.0,0.0,0.0,0.0,0.0,0.0
2023-06-12,0.0,1.0,0.0,0.0,0.0,0.0,0.0,0.0
2023-06-13,0.0,0.0,0.0,0.0,0.0,0.0,0.0,1.0
2023-06-14,0.0,0.0,0.0,0.0,0.0,0.0,0.0,1.0
2023-06-15,0.0,0.0,0.0,0.0,0.0,0.0,0.0,1.0
2023-06-16,0.0,1.0,0.0,0.0,0.0,0.0,0.0,0.0
2023-06-17,0.0,0.0,0.0,0.0,0.0,0.0,0.0,1.0
2023-06-18,1.0,0.0,0.0,0.0,0.0,0.0,0.0,0.0
2023-06-19,0.0,1.0,0.0,0.0,0.0,0.0,0.0,0.0
2023-06-20,0.0,0.0,0.0,0.0,0.0,0.0,0.0,1.0
2023-06-21,1.0,0.0,0.0,0.0,0.0,0.0,0.0,0.0
2023-06-22,0.0,0.0,0.0,1.0,0.0,0.0,0.0,0.0
2023-06-23,0.0,0.0,0.0,0.0,1.0,0.0,0.0,0.0
2023-06-24,0.0,0.0,0.0,0.0,0.0,1.0,0.0,0.0
2023-06-25,0.0,0.0,1.0,0.0,0.0,0.0,0.0,0.0
2023-06-26,0.8311852095219207,0.0,0.0,0.0,0.0,0.1688147904780793,0.0,0.0
2023-06-27,1.0,0.0,0.0,0.0,0.0,0.0,0.0,0.0
2023-06-28,1.0,0.0,0.0,0.0,0.0,0.0,0.0,0.0
2023-06-29,0.0,0.0,0.0,0.0,0.0,0.0,0.0,1.0
2023-06-30,1.0,0.0,0.0,0.0,0.0,0.0,0.0,0.0
2023-07-01,0.0,0.0,0.8909979739241108,0.0,0.0,0.0,0.0,0.1090020260758892
2023-07-02,0.0,0.0,1.0,0.0,0.0,0.0,0.0,0.0
2023-07-03,0.0,0.0,0.9779428376925176,0.0,0.0220571623074824,0.0,0.0,0.0
2023-07-04,1.0,0.0,0.0,0.0,0.0,0.0,0.0,0.0
2023-07-05,0.0,0.0,0.0,0.0,0.0,0.0,0.0,1.0
2023-07-06,1.0,0.0,0.0,0.0,0.0,0.0,0.0,0.0
2023-07-07,0.8862370510914369,0.0,0.0,0.0,0.0,0.0,0.0,0.1137629489085631
2023-07-08,0.0,0.0,0.0,0.0,0.0,0.0,0.0,1.0
2023-07-09,0.0,0.0,0.0,0.0,0.0,0.0,0.0,1.0
2023-07-10,0.0,0.0,0.0,0.0,0.0,0.0,1.0,0.0
2023-07-11,0.3999261781131031,0.0,0.0,0.0,0.0,0.0,0.0,0.6000738218868968
2023-07-12,0.0,0.0,0.3363544051850645,0.0,0.0,0.0,0.0,0.6636455948149355
2023-07-13,0.1683231564509072,0.0,0.0286078053912815,0.0,0.0,0.104177780020647,0.0904862577779466,0.6084050003592175
2023-07-14,0.0,0.0,0.4262978045041667,0.0,0.0,0.0,0.0,0.5737021954958332
2023-07-15,0.0,0.7959815314199968,0.0,0.0,0.0,0.0,0.0,0.2040184685800031
2023-07-16,0.0,0.0,0.0,1.0,0.0,0.0,0.0,0.0
2023-07-17,0.0,0.2936040154426885,0.0,0.0,0.0,0.7063959845573115,0.0,0.0
2023-07-18,0.0,0.0,0.0,0.0,0.0,1.0,0.0,0.0
2023-07-19,0.0,1.0,0.0,0.0,0.0,0.0,0.0,0.0
2023-07-20,0.0,0.0,0.0,1.0,0.0,0.0,0.0,0.0
2023-07-21,0.0,0.0,0.2723451820478959,0.0,0.0,0.0,0.0,0.7276548179521041
2023-07-22,0.1507006573175651,0.0,0.0,0.0,0.0,0.0,0.1191044014801035,0.7301949412023314
2023-07-23,0.0,0.0,0.0,0.0,0.0,1.0,0.0,0.0
2023-07-24,0.0,0.0,0.0,0.0,0.0,0.0,0.0,1.0
2023-07-25,0.0,0.0,0.0955017857763056,0.0,0.0,0.0,0.0,0.9044982142236944
2023-07-26,0.0,0.0,0.0,0.0,0.0,1.0,0.0,0.0
2023-07-27,0.0,0.0,0.0,0.0,0.0,0.0,0.1810728170864475,0.8189271829135524
2023-07-28,0.0,0.0,0.0,0.0,0.0,0.0536179350397929,0.1824352727214291,0.7639467922387779
2023-07-29,0.0,0.0,0.0765798202091007,0.0,0.0,0.3052773278583501,0.0,0.6181428519325491
2023-07-30,0.0,0.0,1.0,0.0,0.0,0.0,0.0,0.0
2023-07-31,0.0,0.6728463476831155,0.0,0.0,0.0,0.3271536523168845,0.0,0.0
2023-08-01,0.0,0.0,0.0,0.0,0.0,0.0,0.0,1.0
2023-08-02,0.0,0.0,0.0,0.0,0.0,1.0,0.0,0.0
2023-08-03,1.0,0.0,0.0,0.0,0.0,0.0,0.0,0.0
2023-08-04,0.0,0.0,0.0,0.0,0.0,0.4552939200905983,0.0,0.5447060799094017
2023-08-05,0.0,0.0,0.0,0.0,0.0,0.0,1.0,0.0
2023-08-06,0.0,0.0,0.0,0.0,0.0,0.0,0.0,1.0
2023-08-07,0.0,0.0,0.0,0.0,0.0,0.970893857435974,0.0291061425640259,0.0
2023-08-08,0.0,0.0,0.0,0.0,0.0,1.0,0.0,0.0
2023-08-09,0.8270974271362245,0.0,0.0,0.0,0.0,0.1729025728637755,0.0,0.0
2023-08-10,0.0,0.0,0.0,0.0,0.0,0.0,0.0,1.0
2023-08-11,0.0,0.0,0.0,0.0,0.0,0.0,1.0,0.0
2023-08-12,0.0,0.0,0.0,0.0,0.0,0.0,1.0,0.0
2023-08-13,0.0,0.0,0.0,0.0,0.0,1.0,0.0,0.0
2023-08-14,0.0,0.0,0.0,0.0,0.0,1.0,0.0,0.0
2023-08-15,1.0,0.0,0.0,0.0,0.0,0.0,0.0,0.0
2023-08-16,0.0,0.0,0.0,0.0,0.0,1.0,0.0,0.0
2023-08-17,0.0,0.0,0.0,0.8667593369160932,0.0,0.1332406630839068,0.0,0.0
2023-08-18,1.0,0.0,0.0,0.0,0.0,0.0,0.0,0.0
2023-08-19,0.0,0.0,0.0,0.0,0.0,0.0,0.0,1.0
2023-08-20,0.0,0.0,1.0,0.0,0.0,0.0,0.0,0.0
2023-08-21,0.0,0.0,0.0,1.0,0.0,0.0,0.0,0.0
2023-08-22,0.0,0.0,1.0,0.0,0.0,0.0,0.0,0.0
2023-08-23,0.0,0.0,0.0,0.2967062244279597,0.0,0.0,0.7032937755720403,0.0
2023-08-24,0.0,0.0,0.0,0.0,0.0,0.0,0.0,1.0
2023-08-25,0.0,0.0,0.2094589144606432,0.0,0.0,0.132943267982568,0.0,0.6575978175567887
2023-08-26,0.0,0.0,0.0,0.0,0.0,0.0,0.0,1.0
2023-08-27,0.0,0.0,0.0,0.0,0.0,0.0,0.0,1.0
2023-08-28,0.0,0.0,0.0,0.0,0.0,0.0,1.0,0.0
2023-08-29,0.0,0.0,0.0,0.0,0.0,0.0,1.0,0.0
2023-08-30,1.0,0.0,0.0,0.0,0.0,0.0,0.0,0.0
2023-08-31,0.0,0.0,1.0,0.0,0.0,0.0,0.0,0.0
2023-09-01,0.0,0.0,1.0,0.0,0.0,0.0,0.0,0.0
2023-09-02,1.0,0.0,0.0,0.0,0.0,0.0,0.0,0.0
2023-09-03,0.0,0.0,0.0,0.0,0.0,0.0,0.9588783850485718,0.0411216149514281
2023-09-04,0.22904212114107,0.0,0.0,0.0,0.0,0.0,0.77095787885893,0.0
2023-09-05,0.0,0.0,0.0,0.0,0.0,1.0,0.0,0.0
2023-09-06,0.0,0.0,0.0,0.0,0.0,0.0,0.0,1.0
2023-09-07,0.0,0.0,0.0,0.0,0.0,0.0,1.0,0.0
2023-09-08,0.0,0.0,0.0,0.0,0.0,0.0,0.0,1.0
2023-09-09,0.0,0.0,0.0,0.0,0.0,0.0,0.0,1.0
2023-09-10,0.0,0.0,0.0,0.0,0.0,0.0,0.0,1.0
2023-09-11,0.0,0.0,0.0,0.0,0.0,1.0,0.0,0.0
2023-09-12,0.0,0.0,0.0,0.6780357015639391,0.0,0.0,0.3219642984360608,0.0
2023-09-13,0.0,1.0,0.0,0.0,0.0,0.0,0.0,0.0
2023-09-14,0.0,0.0,0.0,0.0,0.0,0.0,0.0,1.0
2023-09-15,0.0,0.0,0.0,0.0,0.0,1.0,0.0,0.0
2023-09-16,0.0,0.0,0.0,0.0,0.4630981024217295,0.0,0.5369018975782704,0.0
2023-09-17,0.0,0.0,0.0,0.0,0.0,0.0,0.0,1.0
2023-09-18,0.0,0.0,0.0,0.0,0.0,0.0,0.0,1.0
2023-09-19,0.0,0.0,0.0,0.0,0.0,0.0,0.5235923974167309,0.4764076025832692
2023-09-20,0.0,0.0,0.0,0.0,0.0,0.0,1.0,0.0
2023-09-21,0.0,0.0,0.0,0.0,0.0,1.0,0.0,0.0
2023-09-22,0.0,0.0,0.0,0.0,0.0,0.0,0.0,1.0
2023-09-23,0.0,0.0,0.0,0.0,0.0,0.0,0.0,1.0
2023-09-24,0.0,0.0,0.0,0.0,0.0,0.0,0.0,1.0
2023-09-25,0.0,0.0,0.0,0.0,0.0,0.6144366327259788,0.0,0.3855633672740212
2023-09-26,0.0,0.0,0.0,0.0,0.0,1.0,0.0,0.0
2023-09-27,0.0,0.0,0.0,0.0,0.0,0.0,0.0,1.0
2023-09-28,0.0,0.0,0.0,0.0,0.0,1.0,0.0,0.0
2023-09-29,0.0,0.0,0.0,0.0,0.0,1.0,0.0,0.0
2023-09-30,0.0,0.0,0.0,0.0,0.0,0.0,0.0,1.0
2023-10-01,0.0,0.0,0.0,0.0,0.0,0.0,0.0,1.0
2023-10-02,1.0,0.0,0.0,0.0,0.0,0.0,0.0,0.0
2023-10-03,0.0,0.0,0.0,0.0,0.0,0.0,1.0,0.0
2023-10-04,0.0,0.0,0.0,0.2918390951172202,0.0,0.0,0.0962609581116473,0.6118999467711324
2023-10-05,0.0,0.0,0.0,0.0,0.0,0.3911107184303278,0.0,0.6088892815696721
2023-10-06,0.0123757994792885,0.0,0.0,0.0,0.0,0.1064196831917863,0.5240023710219006,0.3572021463070244
2023-10-07,0.0,0.0,0.0,0.0,0.0,1.0,0.0,0.0
2023-10-08,0.0,0.0,0.0,0.0,0.0,0.0,0.0,1.0
2023-10-09,0.0,0.0,0.0,0.0,0.0,0.0,0.0,1.0
2023-10-10,0.727648229757564,0.0,0.0,0.0,0.0,0.0,0.0,0.272351770242436
2023-10-11,0.0,0.0,0.0,0.0,0.0,0.0,1.0,0.0
2023-10-12,0.0,0.639793714887053,0.0,0.0,0.0,0.0,0.3602062851129469,0.0
2023-10-13,0.0,0.0,0.0540590877648573,0.0,0.0,0.1550384677513238,0.0627007138008433,0.7282017306829756
2023-10-14,0.0,0.5063416483129499,0.0,0.0,0.0,0.0,0.4936583516870501,0.0
2023-10-15,0.0,0.0,0.0,0.0,0.0,0.0,0.0,1.0
2023-10-16,0.0,0.0,0.0,0.0,0.0,0.1218615602018121,0.0,0.8781384397981878
2023-10-17,0.0,0.0,0.0,0.0,0.0,0.0922044305228478,0.2143916832934625,0.6934038861836896
2023-10-18,0.9763644776199316,0.0,0.0,0.0,0.0,0.0,0.0,0.0236355223800685
2023-10-19,0.0,0.0,0.0,0.0,0.0,0.0,0.2925475115108052,0.7074524884891948
2023-10-20,0.0,0.0,0.0,0.0,0.0,0.0827016750363379,0.0,0.917298324963662
2023-10-21,0.0,0.0,0.0,0.0,0.0,0.6399154826638469,0.0,0.360084517336153
2023-10-22,0.0,0.0,0.0,0.0,0.0,1.0,0.0,0.0
2023-10-23,0.0,0.0,0.0,0.0,0.0,0.2072570686154666,0.6332278955826285,0.1595150358019048
2023-10-24,0.0,0.0,0.0,0.0,1.0,0.0,0.0,0.0
2023-10-25,0.8713558517329791,0.0,0.0,0.0,0.0,0.1286441482670209,0.0,0.0
2023-10-26,0.0,0.0,0.0,0.0,0.0,0.8893529548314439,0.0,0.110647045168556
2023-10-27,0.0,0.0,0.0,0.0,0.0,0.0896664634411783,0.724160524188102,0.1861730123707197
2023-10-28,0.0,0.0,0.0,0.0,0.0,0.4949821494066006,0.5050178505933994,0.0
2023-10-29,0.8759058321298159,0.0,0.0,0.0,0.0,0.0,0.0489899830411945,0.0751041848289896
2023-10-30,0.0,0.0,0.0,1.0,0.0,0.0,0.0,0.0
2023-10-31,0.0,0.0,0.0,0.0,0.0,0.0,1.0,0.0
2023-11-01,0.0,0.0,0.0,0.0,0.0,0.0,1.0,0.0
2023-11-02,0.0,0.0,0.0,0.0,0.0,0.4016047059080253,0.0,0.5983952940919747
2023-11-03,0.0,0.0,0.0,0.3676933331057971,0.0,0.5173461007250998,0.0,0.1149605661691031
2023-11-04,0.0,0.0,0.0,0.7626507657047723,0.0,0.0,0.0,0.2373492342952276
2023-11-05,0.0,0.0,0.0,0.7032570078303303,0.0,0.2967429921696697,0.0,0.0
2023-11-06,0.0,0.0,0.0,0.8183297798292458,0.0,0.1816702201707541,0.0,0.0
2023-11-07,0.0,0.7467984730629061,0.0,0.0,0.0,0.0,0.2532015269370938,0.0
2023-11-08,0.3174166886322203,0.0,0.0,0.0,0.0,0.0,0.1931915315955134,0.4893917797722663
2023-11-09,0.6868659944016379,0.0,0.0,0.0,0.0,0.0,0.0276182764318778,0.2855157291664842
2023-11-10,0.0,0.0,0.0,0.0,0.0,0.0,1.0,0.0
2023-11-11,0.0,0.0,0.0,0.0,0.0,0.9800512842323004,0.0199487157676996,0.0
2023-11-12,0.0,0.0,0.0,0.0,0.7064720550491369,0.0,0.0831864245049303,0.2103415204459326
2023-11-13,0.0,0.0,0.0,0.463381610302653,0.0,0.2053906572413637,0.3312277324559833,0.0
2023-11-14,0.3738153106215801,0.0,0.0,0.4054828631280068,0.0,0.2207018262504131,0.0,0.0
2023-11-15,0.0,0.0,0.0,0.0,0.0,0.9170630713088744,0.0829369286911256,0.0
2023-11-16,0.0,0.0,0.0,0.0,0.0,1.0,0.0,0.0
2023-11-17,0.0,0.0,0.0,0.3705788759271112,0.0,0.5541048685213602,0.0,0.0753162555515285
2023-11-18,0.0,0.5702283446017506,0.0,0.0,0.0,0.325728483009094,0.1040431723891553,0.0
2023-11-19,0.0,0.0,0.0,0.2776891047122128,0.0,0.0,0.7223108952877871,0.0
2023-11-20,0.324003580232897,0.0,0.0,0.0,0.0,0.458840866731357,0.217155553035746,0.0
2023-11-21,0.1720321103649711,0.0,0.0,0.1672464028929412,0.0,0.3646791281515831,0.2960423585905045,0.0
2023-11-22,0.0,0.0,0.0,0.0,1.0,0.0,0.0,0.0
2023-11-23,0.0,0.0,0.0,0.5046823088459125,0.0,0.0,0.4953176911540874,0.0
2023-11-24,0.5826413644336147,0.0,0.0,0.0,0.0,0.4173586355663854,0.0,0.0
2023-11-25,0.045665556713561,0.0,0.0,0.8821835637977777,0.0,0.0721508794886613,0.0,0.0
2023-11-26,0.8504512282133183,0.0,0.0,0.0,0.0,0.0,0.1495487717866817,0.0
2023-11-27,0.0,0.0,0.0,0.0,0.0,0.1167977041438235,0.8832022958561764,0.0
2023-11-28,0.0,0.0,0.0,0.0,0.0,0.3310841809819486,0.6689158190180515,0.0
2023-11-29,0.0370458633475503,0.0,0.0,0.0,0.0,0.1314494082704757,0.8315047283819739,0.0
2023-11-30,0.0,0.0,0.0,0.0,0.0,0.0,0.3871229538597771,0.612877046140223
2023-12-01,0.0,0.0346538481382945,0.0,0.0,0.0,0.0,0.8006433428984393,0.1647028089632661
2023-12-02,0.0,0.0,0.0,0.0,0.0,0.5645326761248542,0.4354673238751457,0.0
2023-12-03,0.660063698341562,0.0,0.0,0.0,0.0,0.2311767080478834,0.1087595936105546,0.0
2023-12-04,0.5290257334180234,0.0,0.0,0.4229782158516544,0.0,0.0,0.0479960507303222,0.0
2023-12-05,0.0,0.0,0.0,0.0,0.0,0.5859921571459017,0.4140078428540983,0.0
2023-12-06,1.0,0.0,0.0,0.0,0.0,0.0,0.0,0.0
2023-12-07,0.0,0.1043376442158008,0.0,0.0,0.0,0.4138066798996483,0.4818556758845508,0.0
2023-12-08,0.58024485364648,0.0,0.0,0.1436100212735411,0.0,0.1012424402534614,0.1749026848265173,0.0
2023-12-09,0.0,0.0,0.0,0.0,0.944236394009572,0.0,0.0,0.0557636059904278
2023-12-10,0.0,0.0,0.0,1.0,0.0,0.0,0.0,0.0
2023-12-11,0.0,0.0,0.0,1.0,0.0,0.0,0.0,0.0
2023-12-12,0.0,0.0,0.0,0.0,0.0,1.0,0.0,0.0
2023-12-13,0.0,0.0,0.0,0.729658713873084,0.0,0.0,0.2574495715514693,0.0128917145754466
2023-12-14,0.0,0.0,0.0,0.4789796051008508,0.0,0.0,0.5210203948991491,0.0
2023-12-15,0.2489420535207195,0.0,0.0,0.2965951862848675,0.454462760194413,0.0,0.0,0.0
2023-12-16,0.7907965915947633,0.0,0.0,0.0,0.2092034084052366,0.0,0.0,0.0
2023-12-17,0.7358243985363153,0.0,0.0,0.1763157238601243,0.0,0.0,0.0878598776035603,0.0
2023-12-18,0.0,0.0,0.0,0.834571914228621,0.0,0.0,0.165428085771379,0.0
2023-12-19,0.0,0.0,0.0,0.9734106090057142,0.0,0.0,0.0265893909942857,0.0
2023-12-20,0.0,0.4676016391991924,0.0,0.4929880141199355,0.0,0.0,0.039410346680872,0.0
2023-12-21,0.0,0.0,0.0,0.0,0.7829655030353251,0.0,0.2170344969646749,0.0
2023-12-22,0.1956627386167082,0.0121440384632538,0.0,0.6187754461041541,0.0,0.1734177768158837,0.0,0.0
2023-12-23,0.0,0.0,0.0,0.1569448617005307,0.7446736647206894,0.0983814735787798,0.0,0.0
2023-12-24,0.0,0.0,0.0,0.0,0.0019486626156517,0.0,0.9980513373843484,0.0
2023-12-25,0.4466800336323117,0.0,0.0,0.1454324438893502,0.0,0.0,0.407887522478338,0.0
2023-12-26,0.0,0.0,0.0,0.0,0.0,0.0,1.0,0.0
2023-12-27,0.0,0.0,0.0,0.0,0.338782370588728,0.0,0.6612176294112719,0.0
2023-12-28,0.0,0.0,0.0,0.0061539781458171,0.5250840358372016,0.0,0.4687619860169812,0.0
2023-12-29,0.0,0.0,0.0,0.1158015023177025,0.0548920186749467,0.0,0.8293064790073508,0.0
2023-12-30,0.0,0.8655521507671378,0.0,0.0,0.0,0.0,0.1344478492328623,0.0
2023-12-31,0.0,0.3639221579922263,0.0,0.0,0.3762716763267291,0.0,0.2598061656810447,0.0
2024-01-01,0.0,0.0,0.0,0.5751699583096006,0.0,0.4248300416903993,0.0,0.0
2024-01-02,0.0,0.0,0.0025414809533689,0.0,0.6569095277240923,0.0,0.3405489913225388,0.0
2024-01-03,0.3929877191755146,0.0,0.0,0.2577040569621289,0.0996150953151767,0.0,0.2496931285471797,0.0
2024-01-04,0.5360912964605935,0.0,0.0,0.068213636815881,0.0,0.0,0.3956950667235254,0.0
2024-01-05,0.0,0.0,0.0,0.0,1.0,0.0,0.0,0.0
2024-01-06,0.4823765688657351,0.0,0.0,0.0,0.0,0.0,0.5176234311342648,0.0
2024-01-07,0.0,0.0,0.0,0.0,0.0,0.0,1.0,0.0
2024-01-08,0.0,0.0,0.0,0.0,1.0,0.0,0.0,0.0
2024-01-09,0.8569621199995239,0.0,0.0,0.0,0.0,0.0,0.1430378800004761,0.0
2024-01-10,0.0,0.6812232399257125,0.0,0.0,0.2229721158181195,0.0,0.0958046442561678,0.0
2024-01-11,0.0,0.0,0.0,0.0,0.0,0.8643568843161306,0.1356431156838694,0.0
2024-01-12,0.0,1.0,0.0,0.0,0.0,0.0,0.0,0.0
2024-01-13,0.0,0.0,0.0,1.0,0.0,0.0,0.0,0.0
2024-01-14,0.0,1.0,0.0,0.0,0.0,0.0,0.0,0.0
2024-01-15,0.5060598213441513,0.0,0.0,0.0,0.4939401786558487,0.0,0.0,0.0
2024-01-16,0.0,0.0,0.0,0.0,0.0,0.0,1.0,0.0
2024-01-17,0.0,0.1191844973703481,0.0,0.0,0.5492488361599307,0.0,0.3315666664697213,0.0
2024-01-18,0.0,0.2376314351913778,0.0,0.0,0.0,0.0779926660426597,0.3198244496517078,0.3645514491142547
2024-01-19,0.0,0.0,0.0,0.0,0.0,0.0,1.0,0.0
2024-01-20,0.0,0.0,0.0,1.0,0.0,0.0,0.0,0.0
2024-01-21,0.0,0.0,0.0,0.0,0.3934432602293627,0.0,0.6065567397706372,0.0
2024-01-22,0.0,0.8849211820628469,0.0,0.0,0.0,0.0,0.1150788179371531,0.0
2024-01-23,0.9060697326118208,0.0,0.0,0.0,0.0,0.0939302673881793,0.0,0.0
2024-01-24,0.0,0.9818167906419702,0.0,0.0,0.0181832093580298,0.0,0.0,0.0
2024-01-25,0.0,0.0,0.0,0.0,0.0,0.0,1.0,0.0
2024-01-26,0.6019894113001925,0.0,0.0,0.0,0.0,0.0,0.0,0.3980105886998075
2024-01-27,0.1987505239434433,0.0,0.0,0.0,0.0,0.0,0.0,0.8012494760565567
2024-01-28,0.0,0.0,0.0,0.0,0.0,0.0,1.0,0.0
2024-01-29,0.721118605160732,0.0,0.0,0.0,0.0,0.0,0.278881394839268,0.0
2024-01-30,0.0,0.0,0.0,0.0,0.0,0.0,0.0,1.0
2024-01-31,0.137518535994229,0.0,0.0,0.0294115986927735,0.0,0.2488384887116939,0.0,0.5842313766013034
2024-02-01,0.0,0.0,0.0,0.205828489427991,0.0,0.0,0.4354214420905562,0.3587500684814528
2024-02-02,0.0,0.0,0.0,0.0,0.0,1.0,0.0,0.0
2024-02-03,0.7848021722330744,0.0,0.0,0.0,0.0,0.2151978277669256,0.0,0.0
2024-02-04,0.0,0.3667133753499002,0.0,0.0,0.0,0.0,0.0,0.6332866246500999
2024-02-05,0.0,0.0,0.0,0.0,0.0,0.2757876222364634,0.0,0.7242123777635365
2024-02-06,0.0,0.0,0.0,0.725894006626943,0.0,0.1762644382768475,0.0,0.0978415550962094
2024-02-07,0.0,0.0,0.0,0.0,0.0,0.8107490431786158,0.1089513844859424,0.0802995723354417
2024-02-08,0.0,0.0,0.0,0.0,0.0,1.0,0.0,0.0
2024-02-09,0.0,0.0,0.3430704229906762,0.0,0.0,0.0,0.0,0.6569295770093239
2024-02-10,0.0,0.0,0.0,0.0,0.0,0.8746198598654855,0.0,0.1253801401345145
2024-02-11,0.8546896217924471,0.0,0.0,0.0,0.0,0.0,0.0,0.1453103782075529
2024-02-12,0.289066188447857,0.0,0.0,0.0,0.0,0.0,0.1288868267011357,0.5820469848510074
2024-02-13,0.0,0.0,0.0,0.8586581232454528,0.0,0.061911826978087,0.0,0.0794300497764602
2024-02-14,0.1929307772813704,0.0,0.0,0.0,0.0,0.0,0.0,0.8070692227186296
2024-02-15,0.0,0.7961808989655415,0.0,0.0,0.0,0.2038191010344585,0.0,0.0
2024-02-16,0.0,0.3793460161166099,0.0,0.0,0.0,0.0,0.0,0.6206539838833901
2024-02-17,0.1203762742560821,0.046662601950893,0.0,0.0,0.0,0.2217809802489916,0.0,0.6111801435440332
2024-02-18,0.1689710527113546,0.0,0.0,0.0,0.0,0.0,0.0,0.8310289472886454
2024-02-19,0.4907931460378806,0.0,0.0,0.0,0.0,0.0,0.0,0.5092068539621193
2024-02-20,0.0,0.9707215321254176,0.0,0.0,0.0,0.0,0.0,0.0292784678745824
2024-02-21,0.0,0.0,0.0,1.0,0.0,0.0,0.0,0.0
2024-02-22,0.0,0.0,0.0,0.7054078318080824,0.0,0.2945921681919176,0.0,0.0
2024-02-23,0.0,0.0,0.0,0.0,0.0,0.0,0.3985140561971845,0.6014859438028155
2024-02-24,0.0,0.1893514571059007,0.0,0.0302736333879651,0.0,0.0,0.0,0.7803749095061342
2024-02-25,0.0,0.003285905957891,0.0,0.0487359250248941,0.0926344563381037,0.0,0.0,0.855343712679111
2024-02-26,0.0655998264449788,0.4480322993994173,0.0,0.0,0.0,0.0,0.0494541846496333,0.4369136895059704
2024-02-27,0.0,0.2731475054368537,0.0,0.0,0.370020572741579,0.0,0.0,0.3568319218215673
2024-02-28,0.0,0.0668951368436786,0.0,0.0,0.0,0.0,0.0,0.9331048631563214
2024-02-29,0.0,0.0461811079434996,0.0,0.0,0.0,0.0,0.0975999668697363,0.8562189251867641
2024-03-01,0.0,1.0,0.0,0.0,0.0,0.0,0.0,0.0
2024-03-02,0.3758595207672299,0.5051911518855177,0.0,0.0,0.0,0.0,0.0,0.1189493273472523
2024-03-03,0.0,0.4078369312271544,0.0381831948319198,0.2984866462603765,0.0,0.0,0.0,0.2554932276805492
2024-03-04,0.1974343687800881,0.0182010393693545,0.0,0.0,0.1850909743831011,0.0,0.0,0.5992736174674562
2024-03-05,0.0,0.4548842185117492,0.0508589882157587,0.0,0.4215458677374852,0.0,0.0,0.0727109255350067
2024-03-06,0.6724454865545502,0.3180569588854378,0.0,0.0,0.0,0.009497554560012,0.0,0.0
2024-03-07,0.8377807430444175,0.0,0.1622192569555824,0.0,0.0,0.0,0.0,0.0
2024-03-08,0.0,0.3414676468376958,0.0,0.0,0.0,0.0,0.1093745041293107,0.5491578490329933
2024-03-09,1.0,0.0,0.0,0.0,0.0,0.0,0.0,0.0
2024-03-10,0.0,1.0,0.0,0.0,0.0,0.0,0.0,0.0
2024-03-11,0.0,0.973873649277388,0.0261263507226119,0.0,0.0,0.0,0.0,0.0
2024-03-12,1.0,0.0,0.0,0.0,0.0,0.0,0.0,0.0
2024-03-13,0.4304869748398697,0.055409066356207,0.0,0.0,0.0,0.0,0.0,0.5141039588039231
2024-03-14,0.0442639819854398,0.95573601801456,0.0,0.0,0.0,0.0,0.0,0.0
2024-03-15,0.0,0.0,0.0,0.0,0.0,0.0,1.0,0.0
2024-03-16,0.3969493720548849,0.176563813939736,0.0,0.0,0.0,0.0,0.4264868140053791,0.0
2024-03-17,0.0,0.2826346328129812,0.3184673810085909,0.0,0.0,0.0,0.3988979861784278,0.0
2024-03-18,0.0,0.0,0.1309903708463049,0.0,0.0,0.0,0.3951375872004889,0.4738720419532061
2024-03-19,0.2419080401881919,0.0,0.0,0.0,0.7580919598118081,0.0,0.0,0.0
2024-03-20,0.0,0.0,0.0,0.0,0.0,0.0,0.0,1.0
2024-03-21,0.0,0.0,0.0,0.7113014267215192,0.0,0.2886985732784808,0.0,0.0
2024-03-22,0.0,0.042206185845668,0.0,0.0,0.0,0.0,0.957793814154332,0.0
2024-03-23,0.3001138152351031,0.666370312743543,0.0,0.0,0.0,0.0065440343044528,0.026971837716901,0.0
2024-03-24,0.0,1.0,0.0,0.0,0.0,0.0,0.0,0.0
2024-03-25,1.0,0.0,0.0,0.0,0.0,0.0,0.0,0.0
2024-03-26,0.0,0.0,0.0,0.0,1.0,0.0,0.0,0.0
2024-03-27,0.0,0.0,0.4436821090230504,0.0,0.0,0.2752499579426404,0.2810679330343092,0.0
2024-03-28,0.026054627474161,0.0,0.2476644576173231,0.0,0.5832248877025408,0.0,0.143056027205975,0.0
2024-03-29,0.0,0.4621905652662176,0.4324911888260139,0.0,0.0,0.0,0.1053182459077684,0.0
2024-03-30,0.0,0.2934694134651101,0.0262845333983999,0.0,0.0,0.0,0.68024605313649,0.0
2024-03-31,1.0,0.0,0.0,0.0,0.0,0.0,0.0,0.0
2024-04-01,0.0,0.0,0.1530573180375121,0.0,0.0,0.0,0.8469426819624879,0.0
2024-04-02,0.314879243823172,0.0,0.1841655777046492,0.0,0.0,0.0,0.5009551784721789,0.0
2024-04-03,0.0,0.0,1.0,0.0,0.0,0.0,0.0,0.0
2024-04-04,0.5595828303401951,0.0,0.0,0.0,0.0,0.2774101490983064,0.1630070205614986,0.0
2024-04-05,0.0,0.0,0.2898659216492887,0.0,0.0,0.0,0.7101340783507113,0.0
2024-04-06,0.0,0.0,0.2056422928780836,0.0,0.0,0.0,0.7943577071219163,0.0
2024-04-07,0.0,0.0,0.1884988518277698,0.0,0.0,0.0,0.0,0.8115011481722302
2024-04-08,0.0,0.0,0.7818302369367022,0.0,0.0,0.0,0.2181697630632978,0.0
2024-04-09,0.0,0.5217550989564342,0.0982852516559286,0.0,0.0,0.0,0.379959649387637,0.0
2024-04-10,0.5335125419972794,0.0,0.4664874580027207,0.0,0.0,0.0,0.0,0.0
2024-04-11,0.9053125423550964,0.0,0.0,0.0,0.0,0.0,0.0946874576449036,0.0
2024-04-12,0.0,0.0,0.0,0.0,0.0,0.0,1.0,0.0
2024-04-13,0.6193926397639073,0.0,0.0,0.0,0.0,0.0,0.3806073602360926,0.0
2024-04-14,0.0,1.0,0.0,0.0,0.0,0.0,0.0,0.0
2024-04-15,0.0,0.0,0.0,0.0,1.0,0.0,0.0,0.0
2024-04-16,0.0,0.0,0.0,0.0,0.0,0.0,1.0,0.0
2024-04-17,1.0,0.0,0.0,0.0,0.0,0.0,0.0,0.0
2024-04-18,1.0,0.0,0.0,0.0,0.0,0.0,0.0,0.0
2024-04-19,0.8770759996225712,0.0,0.0,0.0,0.0,0.0,0.1229240003774286,0.0
2024-04-20,0.0,0.0,0.0,0.0,0.0,1.0,0.0,0.0
2024-04-21,0.0,0.0,0.4216873971004055,0.0,0.0,0.0,0.5783126028995946,0.0
2024-04-22,1.0,0.0,0.0,0.0,0.0,0.0,0.0,0.0
2024-04-23,1.0,0.0,0.0,0.0,0.0,0.0,0.0,0.0
2024-04-24,1.0,0.0,0.0,0.0,0.0,0.0,0.0,0.0
2024-04-25,1.0,0.0,0.0,0.0,0.0,0.0,0.0,0.0
2024-04-26,1.0,0.0,0.0,0.0,0.0,0.0,0.0,0.0
2024-04-27,0.8783604607879546,0.0,0.1216395392120455,0.0,0.0,0.0,0.0,0.0
2024-04-28,1.0,0.0,0.0,0.0,0.0,0.0,0.0,0.0
2024-04-29,0.0,1.0,0.0,0.0,0.0,0.0,0.0,0.0
2024-04-30,1.0,0.0,0.0,0.0,0.0,0.0,0.0,0.0
2024-05-01,1.0,0.0,0.0,0.0,0.0,0.0,0.0,0.0
2024-05-02,1.0,0.0,0.0,0.0,0.0,0.0,0.0,0.0
2024-05-03,0.0,1.0,0.0,0.0,0.0,0.0,0.0,0.0
2024-05-04,0.0,0.0956438466013337,0.0,0.0,0.0,0.0,0.0,0.9043561533986664
2024-05-05,1.0,0.0,0.0,0.0,0.0,0.0,0.0,0.0
2024-05-06,0.0,0.0,1.0,0.0,0.0,0.0,0.0,0.0
2024-05-07,1.0,0.0,0.0,0.0,0.0,0.0,0.0,0.0
2024-05-08,0.0,0.0,0.0,0.0,0.0,0.0,0.0,1.0
2024-05-09,0.0,0.0,0.0,0.0,0.0,0.0,0.0,1.0
2024-05-10,0.0,0.0,0.0,0.0,0.0,0.0,0.0,1.0
2024-05-11,0.0,0.0,0.0,0.0,0.0,0.0,1.0,0.0
2024-05-12,0.0,0.0,0.0,0.0,0.0,0.0,0.0,1.0
2024-05-13,0.0,0.0,0.2477929093198879,0.0,0.0,0.0,0.0,0.7522070906801122
2024-05-14,0.0,0.0,0.0,0.0,1.0,0.0,0.0,0.0
2024-05-15,0.0,0.0,0.0,0.0,0.0,0.0,0.4638901264909213,0.5361098735090787
2024-05-16,0.0,0.0,0.0,0.0,0.2917400734186509,0.0,0.0,0.7082599265813492
2024-05-17,0.9905581364159728,0.0,0.0,0.0,0.009441863584027,0.0,0.0,0.0
2024-05-18,0.0,0.0,0.0,0.6541325164777586,0.0,0.3458674835222414,0.0,0.0
2024-05-19,0.0,0.0,1.0,0.0,0.0,0.0,0.0,0.0
2024-05-20,0.0,0.0,0.0,0.0,0.0,0.5681805358577665,0.0,0.4318194641422335
2024-05-21,0.0,0.0,0.7140694448886935,0.2859305551113066,0.0,0.0,0.0,0.0
2024-05-22,0.3616120559160286,0.0,0.6383879440839714,0.0,0.0,0.0,0.0,0.0
2024-05-23,0.0,0.0,0.0,0.0,0.0,0.0,1.0,0.0
2024-05-24,0.0,0.0,0.0,0.0,0.0,0.0,0.0,1.0
2024-05-25,0.0,0.5160506358231622,0.0,0.0,0.0,0.1907825795045829,0.2931667846722548,0.0
2024-05-26,0.0,0.0,0.0,0.0,0.0,0.6959606429175882,0.3040393570824117,0.0
2024-05-27,0.0,0.0,0.0,0.0,0.0,0.0,1.0,0.0
2024-05-28,0.8826886915857897,0.0,0.0,0.0,0.0,0.0,0.1173113084142103,0.0
2024-05-29,0.3045208655745265,0.0,0.0,0.0,0.0,0.1380124280985315,0.5574667063269418,0.0
2024-05-30,0.645517345207039,0.0,0.0,0.0,0.3544826547929611,0.0,0.0,0.0
2024-05-31,0.0,0.0,0.0,0.0,0.0,0.1702064236026499,0.8297935763973502,0.0
2024-06-01,0.8826970343818175,0.0,0.0,0.0,0.0,0.0,0.1173029656181825,0.0
2024-06-02,0.0,0.7187596804183559,0.0,0.0,0.0,0.0,0.2812403195816441,0.0
2024-06-03,0.0,0.7020643556472711,0.0,0.0,0.0,0.0,0.2979356443527289,0.0
2024-06-04,0.5588398015810199,0.0,0.0,0.0,0.0,0.4411601984189801,0.0,0.0
2024-06-05,0.0,1.0,0.0,0.0,0.0,0.0,0.0,0.0
2024-06-06,0.0,0.0,0.0,0.0,0.0,0.0,0.158174476490172,0.841825523509828
2024-06-07,0.0,1.0,0.0,0.0,0.0,0.0,0.0,0.0
2024-06-08,0.0,0.0,0.0,0.0,0.0,0.0,1.0,0.0
2024-06-09,0.0,0.9124971239998648,0.0,0.0,0.0875028760001353,0.0,0.0,0.0
2024-06-10,0.5773742150051812,0.2918607134683885,0.0,0.0,0.0,0.1307650715264303,0.0,0.0
2024-06-11,0.6655596696961407,0.0,0.0,0.0,0.0,0.0,0.0,0.3344403303038594
2024-06-12,0.0,0.0,0.0,0.0,0.0,0.0,1.0,0.0
2024-06-13,0.0,1.0,0.0,0.0,0.0,0.0,0.0,0.0
2024-06-14,0.0,1.0,0.0,0.0,0.0,0.0,0.0,0.0
2024-06-15,0.0,1.0,0.0,0.0,0.0,0.0,0.0,0.0
2024-06-16,0.8354957690376326,0.1645042309623675,0.0,0.0,0.0,0.0,0.0,0.0
2024-06-17,0.0,1.0,0.0,0.0,0.0,0.0,0.0,0.0
2024-06-18,0.0,0.6688682389886154,0.0,0.0,0.0,0.0,0.3311317610113846,0.0
2024-06-19,0.0,0.776868152560904,0.0,0.2231318474390961,0.0,0.0,0.0,0.0
2024-06-20,0.0,0.0,1.0,0.0,0.0,0.0,0.0,0.0
2024-06-21,0.0,0.0,0.0,0.0,0.0,0.0,0.0,1.0
2024-06-22,0.0,0.0,0.0,0.0,0.0,0.0,0.0,1.0
2024-06-23,0.0,0.0,0.0,0.0,0.0,0.0,0.0,1.0
2024-06-24,0.0,0.0,0.0,0.0,0.0,0.0,0.0,1.0
2024-06-25,0.0,0.0,0.0,0.0,0.0,0.0,0.0,1.0
2024-06-26,0.0,0.0,0.0,0.0,0.0,0.0,0.0,1.0
2024-06-27,0.0,0.0,0.0,0.0,0.0,0.0,0.0,1.0
2024-06-28,0.0,0.0,0.6043025877030824,0.0,0.0,0.0,0.0,0.3956974122969176
2024-06-29,0.0,0.0,0.0,0.0,0.0,0.0,0.0,1.0
2024-06-30,0.0,0.0,0.0,0.0,0.0,0.0,0.0,1.0
2024-07-01,0.0,0.0,0.0,0.0,0.0,0.0,0.2618163556199586,0.7381836443800414
2024-07-02,0.0,0.0,0.0,0.0,0.0,0.0,0.0,1.0
2024-07-03,0.0,0.0,0.0,0.9292294184060014,0.0,0.0,0.0,0.0707705815939986
2024-07-04,0.0,0.0,1.0,0.0,0.0,0.0,0.0,0.0
2024-07-05,0.0,0.0,0.0,0.7625510071060103,0.0,0.0,0.0,0.2374489928939897
2024-07-06,0.0,0.5268584068972186,0.0,0.0,0.0,0.0,0.0,0.4731415931027814
2024-07-07,0.0,0.0,0.0,0.0,0.0,0.0,0.0,1.0
2024-07-08,0.0,0.0,0.0,0.0,0.0,1.0,0.0,0.0
2024-07-09,0.0,0.0,0.0,0.0,0.0,0.0,0.0,1.0
2024-07-10,0.0,0.0,0.0,0.0,0.0,0.0,0.0,1.0
2024-07-11,0.0,0.0,0.0,0.0,0.0,0.0,0.0,1.0
2024-07-12,0.0,0.0,0.0,0.0,0.0,0.0,0.0,1.0
2024-07-13,0.0,0.0,0.0,0.0,0.0,0.0,0.0,1.0
2024-07-14,0.0,0.0,0.0,0.0,0.0,0.0,0.0,1.0
2024-07-15,0.0,0.0,0.0,0.0,0.0,0.0,0.0,1.0
2024-07-16,0.0,0.0,0.0,0.0,0.0,0.6386879400905323,0.0,0.3613120599094676
2024-07-17,1.0,0.0,0.0,0.0,0.0,0.0,0.0,0.0
2024-07-18,0.0,0.0,0.0,0.8902518318559152,0.0,0.0,0.1097481681440849,0.0
2024-07-19,0.0,0.0,0.0,0.0,0.0,0.0,0.0,1.0
2024-07-20,0.0,0.0,0.0,0.0,0.0,0.0,0.1754554212781873,0.8245445787218126
2024-07-21,0.0,0.0,0.0,0.0,0.0,0.0,0.2280080630805227,0.7719919369194773
2024-07-22,0.0,0.0,0.0,0.0,0.0,0.0,0.1930009221003541,0.806999077899646
2024-07-23,0.0540445008474977,0.0,0.0,0.0,0.0,0.0,0.0,0.9459554991525022
2024-07-24,0.0,0.3105693152804515,0.0,0.0,0.0,0.0,0.0,0.6894306847195485
2024-07-25,0.0,0.3684493936264217,0.0,0.0,0.0,0.0,0.1057415933199647,0.5258090130536134
2024-07-26,0.0,0.0,0.0,0.0,0.0,0.90991581569759,0.0,0.0900841843024099
2024-07-27,0.0,0.0,0.0,0.0,0.0,0.0,1.0,0.0
2024-07-28,0.0598969330868149,0.0,0.0,0.0,0.0,0.0,0.0,0.940103066913185
2024-07-29,0.0,0.0,0.0,0.0,0.0,0.0,0.6420303248767939,0.3579696751232062
2024-07-30,0.0,0.0,0.0,0.0,0.0,0.0,1.0,0.0
2024-07-31,0.0,0.0,0.0,0.0,0.0,0.0,0.0,1.0
2024-08-01,0.0,0.0,0.0,0.0,1.0,0.0,0.0,0.0
2024-08-02,0.0,0.0,0.0,0.0,0.0,0.0,1.0,0.0
2024-08-03,0.0,0.0,0.0,0.0,1.0,0.0,0.0,0.0
2024-08-04,0.0,0.0,0.0,0.0,0.0,0.0,1.0,0.0
2024-08-05,0.0,0.0,0.0,0.0,0.0,0.0,1.0,0.0
2024-08-06,0.0,0.0,0.0,0.0,0.0,0.0,0.0,1.0
2024-08-07,1.0,0.0,0.0,0.0,0.0,0.0,0.0,0.0
2024-08-08,0.0,0.0,0.0,0.0,0.0,0.0,1.0,0.0
2024-08-09,0.0,0.0,0.0,0.0,0.0,0.0,1.0,0.0
2024-08-10,1.0,0.0,0.0,0.0,0.0,0.0,0.0,0.0
2024-08-11,0.0,0.0,0.0,0.507734252393459,0.0,0.0,0.492265747606541,0.0
2024-08-12,1.0,0.0,0.0,0.0,0.0,0.0,0.0,0.0
2024-08-13,0.0,0.0,0.0,0.0,0.0,0.0,1.0,0.0
2024-08-14,1.0,0.0,0.0,0.0,0.0,0.0,0.0,0.0
2024-08-15,0.0,0.0,0.0,0.0,0.0,0.0,0.0,1.0
2024-08-16,0.0,0.0,0.0,0.0,0.0,0.0,0.0,1.0
2024-08-17,0.0,0.0,0.0,0.0,0.0,0.0,0.0,1.0
2024-08-18,0.0,0.0,0.0,0.0,0.0,0.0,0.0,1.0
2024-08-19,0.0,0.0,0.0,0.0,0.0,0.0,0.0,1.0
2024-08-20,0.0,0.0,0.0,0.0,0.0,0.0,0.0,1.0
2024-08-21,0.0,0.0,0.0,0.0,0.0,0.0,0.0,1.0
2024-08-22,0.0,0.0,0.0,0.0,0.0,0.0,0.0,1.0
2024-08-23,0.0,0.0,0.0,1.0,0.0,0.0,0.0,0.0
2024-08-24,0.0,1.0,0.0,0.0,0.0,0.0,0.0,0.0
2024-08-25,0.0,0.0,0.0,0.480925637907951,0.0,0.0,0.0,0.519074362092049
2024-08-26,0.0,0.0,0.0,0.0,0.0,0.0,0.0,1.0
2024-08-27,0.0,0.0,0.0,0.0,0.0,0.0,0.0,1.0
2024-08-28,0.0,0.0,0.0,0.0,0.0,0.0,0.0,1.0
2024-08-29,0.0,0.0,0.0,0.0,0.0,0.0,0.0,1.0
2024-08-30,0.0,0.0,0.0,0.0,0.0,0.0,0.0,1.0
2024-08-31,0.0,0.0,0.0,0.0,0.0,0.0,0.0,1.0
2024-09-01,0.0,0.0,0.0,0.0,0.0,0.0,0.0,1.0
2024-09-02,0.0,0.0,0.0,0.0,0.0,0.0,0.0,1.0
2024-09-03,0.0,0.0,0.0,0.0,0.0,0.0,0.0,1.0
2024-09-04,0.0,0.0,0.0,1.0,0.0,0.0,0.0,0.0
2024-09-05,0.0,0.0,0.0,0.0,0.0,0.0,0.0,1.0
2024-09-06,0.0,0.0,0.0,0.0,0.0,0.0,0.0,1.0
2024-09-07,0.0,0.0,0.0,1.0,0.0,0.0,0.0,0.0
2024-09-08,0.0,0.0,0.0,0.0,0.0,0.0,0.0,1.0
2024-09-09,0.0,0.0,0.8585463425505655,0.0,0.0,0.0,0.0,0.1414536574494345
2024-09-10,0.0,0.0,0.0,0.0,0.0,0.0,0.0,1.0
2024-09-11,0.0,0.0,0.0,0.0,0.0,0.0,0.0,1.0
2024-09-12,0.0,0.0,0.0,0.2021437102907207,0.0,0.0,0.0,0.7978562897092792
2024-09-13,0.0,0.0,0.0,0.0,0.0,0.0,0.0,1.0
2024-09-14,0.0,0.0,0.0,0.0,0.0,0.0,0.0,1.0
2024-09-15,1.0,0.0,0.0,0.0,0.0,0.0,0.0,0.0
2024-09-16,0.0,0.0,0.0,0.0,0.0,0.0,0.8575857527634502,0.1424142472365499
2024-09-17,0.0,0.0,0.0,0.0,0.0,0.0,0.0,1.0
2024-09-18,0.0,0.0,0.0,0.0,0.0,0.0,0.0,1.0
2024-09-19,1.0,0.0,0.0,0.0,0.0,0.0,0.0,0.0
2024-09-20,0.0,0.0,0.0,0.0,0.0,1.0,0.0,0.0
2024-09-21,1.0,0.0,0.0,0.0,0.0,0.0,0.0,0.0
2024-09-22,1.0,0.0,0.0,0.0,0.0,0.0,0.0,0.0
2024-09-23,0.0,0.0,0.3320699393219248,0.0,0.0,0.0,0.0,0.6679300606780751
2024-09-24,1.0,0.0,0.0,0.0,0.0,0.0,0.0,0.0
2024-09-25,0.0,1.0,0.0,0.0,0.0,0.0,0.0,0.0
2024-09-26,0.0,0.0,0.0,0.0,0.5164019286212764,0.0,0.0,0.4835980713787236
2024-09-27,0.0,0.0,0.0,0.0,0.0,0.0,1.0,0.0
2024-09-28,0.0,0.0,0.0,0.0,0.0,1.0,0.0,0.0
2024-09-29,0.2220710871589506,0.0,0.7779289128410494,0.0,0.0,0.0,0.0,0.0
2024-09-30,0.0,0.0,0.0,0.0,0.0,0.0,1.0,0.0
2024-10-01,0.0,0.0,0.0,0.7461864409949162,0.0,0.2538135590050838,0.0,0.0
2024-10-02,0.0,0.0,0.0,0.0,0.0,0.0,1.0,0.0
2024-10-03,0.0,0.0,0.0,1.0,0.0,0.0,0.0,0.0
2024-10-04,0.0,0.0,0.0,0.0,0.0,1.0,0.0,0.0
2024-10-05,0.952842643405224,0.0,0.0,0.0,0.0,0.0,0.0,0.0471573565947759
2024-10-06,0.0,0.0,0.0,0.0,0.0,0.0,1.0,0.0
2024-10-07,1.0,0.0,0.0,0.0,0.0,0.0,0.0,0.0
2024-10-08,0.0,0.0,0.0,1.0,0.0,0.0,0.0,0.0
2024-10-09,0.2927806345608256,0.0,0.0,0.0,0.0,0.0,0.0,0.7072193654391745
2024-10-10,1.0,0.0,0.0,0.0,0.0,0.0,0.0,0.0
2024-10-11,0.0,0.0,1.0,0.0,0.0,0.0,0.0,0.0
2024-10-12,1.0,0.0,0.0,0.0,0.0,0.0,0.0,0.0
2024-10-13,0.3127892601414555,0.6872107398585445,0.0,0.0,0.0,0.0,0.0,0.0
2024-10-14,0.0,0.0,0.0,0.0,0.0,0.0,0.530925106119357,0.469074893880643
2024-10-15,0.0,0.0,0.0,0.0,0.0,0.0,0.6095188067024611,0.3904811932975389
2024-10-16,0.0,0.4167600037444999,0.5832399962555,0.0,0.0,0.0,0.0,0.0
2024-10-17,0.0,0.0,0.0,0.0,0.0,0.0,0.2871285876485791,0.7128714123514209
2024-10-18,1.0,0.0,0.0,0.0,0.0,0.0,0.0,0.0
2024-10-19,1.0,0.0,0.0,0.0,0.0,0.0,0.0,0.0
2024-10-20,0.0,0.0,1.0,0.0,0.0,0.0,0.0,0.0
