Date,Crypto_Return_Today,exp_value,ae
2020-04-10,0.13373233988531802,,
2020-04-11,-0.20236345506140735,,
2020-04-12,0.11651247607723914,,
2020-04-13,-0.1355645098886556,,
2020-04-14,-0.16135824269388946,,
2020-04-15,-0.03440916220906259,,
2020-04-16,0.09075942498592628,,
2020-04-17,-0.042351747672179675,,
2020-04-18,0.030361067104990685,,
2020-04-19,-0.11584199916953412,,
2020-04-20,-0.12891342233135816,,
2020-04-21,0.08201244513783426,,
2020-04-22,0.17397268827359263,,
2020-04-23,-0.08825013055156544,,
2020-04-24,0.016246570663309402,,
2020-04-25,0.0200987741779152,,
2020-04-26,-0.027484819548643506,,
2020-04-27,-0.10495960467180196,,
2020-04-28,0.13418561514193056,,
2020-04-29,0.1188136554636705,,
2020-04-30,-0.07812127773591189,,
2020-05-01,0.05318615920486025,,
2020-05-02,-0.015788076943101487,,
2020-05-03,-0.050588497542094976,,
2020-05-04,-0.018015203119476516,,
2020-05-05,-0.04806449596872735,,
2020-05-06,-0.03141672723101167,,
2020-05-07,-0.015549519277698955,,
2020-05-08,-0.013229497683395184,,
2020-05-09,0.0008026070906890868,,
2020-05-10,-0.11827581455815313,,
2020-05-11,-0.039912989259155866,,
2020-05-12,0.04789085922052708,,
2020-05-13,0.02233531901088504,,
2020-05-14,0.03320278101726708,,
2020-05-15,-0.0167257718609469,,
2020-05-16,0.0693464609950124,,
2020-05-17,0.029402452050854722,,
2020-05-18,0.06322566473618102,,
2020-05-19,-0.04159196318065373,,
2020-05-20,-0.07213167247038829,,
2020-05-21,0.04918169929881145,,
2020-05-22,0.05408545048776898,,
2020-05-23,-0.039005367962541546,,
2020-05-24,-0.11064127415654877,,
2020-05-25,0.09104215083363873,,
2020-05-26,-0.04401387337221882,,
2020-05-27,0.030369325559147963,,
2020-05-28,-0.026980066270308623,,
2020-05-29,0.008172615392820225,,
2020-05-30,0.011251458515422811,,
2020-05-31,-0.03088707332703218,,
2020-06-01,0.006990595335439995,,
2020-06-02,-0.02184859526347311,,
2020-06-03,0.038139190516195826,,
2020-06-04,0.0007358661348150809,,
2020-06-05,0.11845424192031286,,
2020-06-06,-0.06020916028537448,,
2020-06-07,-0.00946728301214187,,
2020-06-08,0.08300762203428264,,
2020-06-09,-0.01475673181526625,,
2020-06-10,-0.020218612435409598,,
2020-06-11,-0.11689686328681156,,
2020-06-12,0.03392651213712804,,
2020-06-13,0.024932858910008564,,
2020-06-14,-0.0398214289405688,,
2020-06-15,-0.03060429917243738,,
2020-06-16,0.025944353134725383,,
2020-06-17,-0.0067435390004385596,,
2020-06-18,0.06550823839291364,,
2020-06-19,0.0948489488310742,,
2020-06-20,-0.0587328333842784,,
2020-06-21,0.04095826870737697,,
2020-06-22,0.07760074785360493,,
2020-06-23,-0.02575070180797178,,
2020-06-24,0.039387375537357834,,
2020-06-25,-0.03297008428994605,,
2020-06-26,0.03937156173248021,,
2020-06-27,-0.035855758584963406,,
2020-06-28,0.11247898404219416,,
2020-06-29,0.06539055740174944,,
2020-06-30,0.008256383936993992,,
2020-07-01,-0.03623256445681467,,
2020-07-02,-0.06439719039392983,,
2020-07-03,-0.01798997709481099,,
2020-07-04,0.01605785451201821,,
2020-07-05,-0.12032313974740481,,
2020-07-06,0.023213845685082432,,
2020-07-07,0.0618854290242557,,
2020-07-08,0.05636553235348108,,
2020-07-09,0.07218435658109662,,
2020-07-10,0.0682331191868135,,
2020-07-11,0.012038170500589678,,
2020-07-12,0.0957768707471404,,
2020-07-13,0.1453148413655523,,
2020-07-14,-0.021031184135091086,,
2020-07-15,0.11672478668505061,,
2020-07-16,-0.3864708507245896,,
2020-07-17,0.1159755003404564,,
2020-07-18,-0.011246432985970403,,
2020-07-19,-0.050483259395056705,,
2020-07-20,-0.05289578123689335,,
2020-07-21,0.11280343750296819,,
2020-07-22,0.06620885088851618,,
2020-07-23,0.0035200918315137003,,
2020-07-24,-0.05330646080768703,,
2020-07-25,0.22949080590745496,,
2020-07-26,0.22903908135120693,,
2020-07-27,0.12789829440726455,,
2020-07-28,-2.465584796246547e-05,,
2020-07-29,-0.0740029244383696,,
2020-07-30,0.017051093134848077,,
2020-07-31,-0.09223883663069722,,
2020-08-01,-0.004019745711180917,,
2020-08-02,0.13028986992339117,,
2020-08-03,0.03979191609045768,,
2020-08-04,0.03902119732495406,,
2020-08-05,-0.06411953540576817,,
2020-08-06,0.22912623137132548,,
2020-08-07,-0.054693599276844945,,
2020-08-08,0.1714488005771875,,
2020-08-09,0.0754416752848261,,
2020-08-10,0.16131612490236327,,
2020-08-11,0.05359216933448146,,
2020-08-12,0.13067792399032785,,
2020-08-13,-0.003914648401594631,,
2020-08-14,-0.09793083513816553,,
2020-08-15,-0.06938739781543045,,
2020-08-16,0.06096705936334261,,
2020-08-17,-0.08859381938988926,,
2020-08-18,0.0701224154541484,,
2020-08-19,-0.1382006684008551,,
2020-08-20,0.10135093664380251,,
2020-08-21,-0.08652669444006592,,
2020-08-22,0.02533676192113021,,
2020-08-23,0.09515419947716189,,
2020-08-24,0.009843232383448123,,
2020-08-25,-0.02564624459130432,,
2020-08-26,0.08572538631901157,,
2020-08-27,-0.03221339680946683,,
2020-08-28,0.15004139355435922,,
2020-08-29,-0.011376025362523051,,
2020-08-30,0.1109442952659122,,
2020-08-31,0.07834896247227151,,
2020-09-01,-0.09574591639608385,,
2020-09-02,-0.044205230959770435,,
2020-09-03,-0.16707753347695187,,
2020-09-04,0.006338505339124515,,
2020-09-05,-0.3125151796614442,,
2020-09-06,0.17125628799333806,,
2020-09-07,-0.05240300553974072,,
2020-09-08,-0.17038899389317977,,
2020-09-09,0.3862931628119117,,
2020-09-10,-0.046880540547363875,,
2020-09-11,-0.011576155496562603,,
2020-09-12,-0.02560715804189848,,
2020-09-13,-0.03369363385457273,,
2020-09-14,0.011570400049824174,,
2020-09-15,-0.10641428021723454,,
2020-09-16,-0.14388643428062434,,
2020-09-17,0.12761736450175024,,
2020-09-18,0.07205535317491336,,
2020-09-19,-0.026987738800672123,,
2020-09-20,-0.054275226862291505,,
2020-09-21,-0.03127354922804637,,
2020-09-22,0.04986997754372,,
2020-09-23,-0.03246212188790494,,
2020-09-24,0.09875784508238589,,
2020-09-25,0.013598842714622795,,
2020-09-26,-0.01686876505854638,,
2020-09-27,0.006079123077330164,,
2020-09-28,-0.06419448836283725,,
2020-09-29,-0.00404005943739042,,
2020-09-30,-0.017513169696458945,,
2020-10-01,-0.012895718922385781,,
2020-10-02,-0.08679469391526627,,
2020-10-03,-0.030934914464335227,,
2020-10-04,-0.010680805677551055,,
2020-10-05,0.05352444064713264,,
2020-10-06,-0.19891677981177516,,
2020-10-07,0.05193526967455929,,
2020-10-08,0.0279697427665699,,
2020-10-09,0.07017180550723685,,
2020-10-10,-0.05295281742318057,,
2020-10-11,0.007948437496826728,,
2020-10-12,0.06423546655281424,,
2020-10-13,-0.07217085476792456,,
2020-10-14,-0.039625883739393554,,
2020-10-15,-0.021114703345174013,,
2020-10-16,-0.05248082399165329,,
2020-10-17,0.025858697518247507,,
2020-10-18,0.005214865157478975,,
2020-10-19,-0.07274365206055054,,
2020-10-20,-0.08591021308751723,,
2020-10-21,0.0009346235527490826,,
2020-10-22,0.033950473423778556,,
2020-10-23,0.0015148953835767435,,
2020-10-24,-0.02490243920912473,,
2020-10-25,-0.06726480678400756,,
2020-10-26,-0.05875295337349612,,
2020-10-27,0.014586931432511135,,
2020-10-28,-0.13781731668601388,,
2020-10-29,-0.04188161387127767,,
2020-10-30,0.008640371407336003,,
2020-10-31,0.06666634583099484,,
2020-11-01,0.03766682049243928,,
2020-11-02,-0.08187502699951815,,
2020-11-03,-0.042855813958085916,,
2020-11-04,-0.01424811351694794,,
2020-11-05,0.009267756695272513,,
2020-11-06,0.30886700836664327,,
2020-11-07,0.059943381400357335,,
2020-11-08,0.05952917798849627,,
2020-11-09,-0.061160512555489044,,
2020-11-10,0.10266365352485703,,
2020-11-11,-0.11582603441241865,,
2020-11-12,-0.052809043678301255,,
2020-11-13,0.06208943225027446,,
2020-11-14,-0.05271969174530412,,
2020-11-15,0.0637640747806831,,
2020-11-16,0.09877343536756852,,
2020-11-17,-0.03520073961749563,,
2020-11-18,-0.04037970905472589,,
2020-11-19,-0.0182551943853742,,
2020-11-20,0.008927267398230122,,
2020-11-21,0.12828589065818155,,
2020-11-22,-0.10495924051095655,,
2020-11-23,0.05951783479785146,,
2020-11-24,-0.004080789616711652,,
2020-11-25,0.00024191020312545043,,
2020-11-26,-0.17480082621929463,,
2020-11-27,-0.024134396558042625,,
2020-11-28,0.015530756873810407,,
2020-11-29,0.014326606903465572,,
2020-11-30,0.026662346831004803,,
2020-12-01,0.00404957394377933,,
2020-12-02,0.06752934744575556,,
2020-12-03,-0.007941283015466337,,
2020-12-04,-0.12287313669572847,,
2020-12-05,0.06407104448367171,,
2020-12-06,-0.0649390547393897,,
2020-12-07,-0.012092600053496357,,
2020-12-08,-0.0949470302533556,,
2020-12-09,-0.001393421919193993,,
2020-12-10,-0.054554631484074904,,
2020-12-11,-0.08475943149641348,,
2020-12-12,0.0336413493457722,,
2020-12-13,0.04892128762968358,,
2020-12-14,0.014988152757619782,,
2020-12-15,0.10131339122459315,,
2020-12-16,0.013266550466679433,,
2020-12-17,-0.06081711836266447,,
2020-12-18,0.011709439526200164,,
2020-12-19,-0.018181492689838024,,
2020-12-20,-0.06627559759231773,,
2020-12-21,-0.014077544928647594,,
2020-12-22,-0.03256041620904719,,
2020-12-23,-0.21187000717040147,,
2020-12-24,0.12053187143279014,,
2020-12-25,0.05980408708401054,,
2020-12-26,-0.08797368145008974,,
2020-12-27,-0.01676670231098319,,
2020-12-28,0.15043637192130954,,
2020-12-29,0.0997016839076343,,
2020-12-30,-0.08381227787464797,,
2020-12-31,-0.01622093665403922,,
2021-01-01,0.1989369053652444,,
2021-01-02,-0.02541298239172825,,
2021-01-03,0.1831867993309322,,
2021-01-04,0.13908743327068337,,
2021-01-05,-0.143858055610846,,
2021-01-06,-0.11282085060049873,,
2021-01-07,0.20312088783419757,,
2021-01-08,0.30698806869487866,,
2021-01-09,0.048986280803981354,,
2021-01-10,0.02219558195542188,,
2021-01-11,-0.10756799564351771,,
2021-01-12,0.1520575423159293,,
2021-01-13,-0.0320941155586247,,
2021-01-14,-0.07005074614786037,,
2021-01-15,-0.009260574153062456,,
2021-01-16,0.05919332079029983,,
2021-01-17,0.10578407049530358,,
2021-01-18,-0.006987976721401315,,
2021-01-19,-0.04040873718866831,,
2021-01-20,0.02391772937837767,,
2021-01-21,-0.21871984170057734,,
2021-01-22,0.11258746493318032,,
2021-01-23,0.047656531459118974,,
2021-01-24,0.03565471826592201,,
2021-01-25,0.01781623700718328,,
2021-01-26,0.09001086959092877,,
2021-01-27,-0.09259307511882502,,
2021-01-28,0.03615048576668822,,
2021-01-29,-0.006991754308114543,,
2021-01-30,0.09597935998423889,,
2021-01-31,0.0063118133584892724,,
2021-02-01,0.07901249235228286,,
2021-02-02,0.13251838357458195,,
2021-02-03,0.08568879072332161,,
2021-02-04,0.11434180738873795,,
2021-02-05,0.03756607396001039,,
2021-02-06,-0.09015154500425879,,
2021-02-07,0.09099941764407711,,
2021-02-08,0.1622676111075134,,
2021-02-09,-0.006757630529033851,,
2021-02-10,0.14871697635284373,,
2021-02-11,0.014757330581341141,,
2021-02-12,0.003490647988061405,,
2021-02-13,-0.05606593849797961,,
2021-02-14,-0.0004681665136978829,,
2021-02-15,0.01563469418932917,,
2021-02-16,-0.06563274598920918,,
2021-02-17,-0.009213861946628888,,
2021-02-18,0.08691536248818059,,
2021-02-19,0.24435936808948497,,
2021-02-20,-0.1375883576596859,,
2021-02-21,0.10429983562961793,,
2021-02-22,0.266512544248015,,
2021-02-23,0.05266772073164158,,
2021-02-24,0.12865730498261163,,
2021-02-25,-0.22083427590545351,,
2021-02-26,-0.020249251750312825,,
2021-02-27,-0.02988020213464842,,
2021-02-28,-0.00901399594266667,,
2021-03-01,0.13182914055211165,,
2021-03-02,-0.06971855882564429,,
2021-03-03,0.01083028228562653,,
2021-03-04,-0.0733523946063338,,
2021-03-05,-0.035511575100039106,,
2021-03-06,0.03644190406697857,,
2021-03-07,0.06196288486413705,,
2021-03-08,-0.01637912722441343,,
2021-03-09,0.08655791791086694,,
2021-03-10,-0.042633862587436636,,
2021-03-11,0.11746807171402049,,
2021-03-12,-0.09615714658919905,,
2021-03-13,0.049888812164789034,,
2021-03-14,-0.05323759449646802,,
2021-03-15,-0.02026775316279713,,
2021-03-16,-0.038954418387154646,,
2021-03-17,0.04202635280403021,,
2021-03-18,0.0013605956152450372,,
2021-03-19,-0.001958964600330256,,
2021-03-20,0.0011373806506583166,,
2021-03-21,0.007977286824709915,,
2021-03-22,0.03888592672754718,,
2021-03-23,-0.04432476864202709,,
2021-03-24,-0.03799856271201815,,
2021-03-25,-0.04690531248792479,,
2021-03-26,0.12678531614368957,,
2021-03-27,0.11016715835452413,,
2021-03-28,0.08916066601252211,,
2021-03-29,0.04177893920208665,,
2021-03-30,0.017968678605700138,,
2021-03-31,0.01885321890559315,,
2021-04-01,-0.01718354046294623,,
2021-04-02,0.03731474901281163,,
2021-04-03,0.13033331129358539,,
2021-04-04,0.06587466897124289,,
2021-04-05,-0.04027371897332218,,
2021-04-06,0.08262988997113356,,
2021-04-07,0.05163593639280582,,
2021-04-08,0.01939958850016358,,
2021-04-09,0.028943288379670695,,
2021-04-10,-0.02966967858135748,,
2021-04-11,0.041066842945983215,,
2021-04-12,0.021044567570739185,,
2021-04-13,-0.03950235142386341,,
2021-04-14,-0.03433812390182501,,
2021-04-15,0.05093592792774002,,
2021-04-16,-0.09112137978389684,,
2021-04-17,-0.010673209629827776,,
2021-04-18,0.2508762870340919,,
2021-04-19,-0.020734110915396124,,
2021-04-20,0.009289587671417854,,
2021-04-21,0.025907212975017583,,
2021-04-22,0.1736056128061426,,
2021-04-23,-0.05063869961242453,,
2021-04-24,0.0892913743983603,,
2021-04-25,0.14814307145369476,,
2021-04-26,-0.07795469734774287,,
2021-04-27,-0.015024921589886948,,
2021-04-28,0.03784044675445735,,
2021-04-29,-0.05474725655719899,,
2021-04-30,0.010671212813585152,,
2021-05-01,0.14341821826977838,,
2021-05-02,-0.05416343947674972,,
2021-05-03,-0.020903641824404788,,
2021-05-04,-0.07338871518035556,,
2021-05-05,0.05223475047721418,,
2021-05-06,-0.034344210930606585,,
2021-05-07,-0.008023272026986333,,
2021-05-08,0.054333464400224976,,
2021-05-09,-0.02862818599688844,,
2021-05-10,-0.032838077542328314,,
2021-05-11,0.039003261034989474,,
2021-05-12,-0.049044747683083235,,
2021-05-13,-0.05313262459885655,,
2021-05-14,0.04020357250504998,,
2021-05-15,0.01767337272048323,,
2021-05-16,0.0839130329661157,,
2021-05-17,-0.0007426682603482524,,
2021-05-18,0.18086418957835612,,
2021-05-19,-0.4685385720646092,,
2021-05-20,0.24435221731308643,,
2021-05-21,-0.13555178494576894,,
2021-05-22,-0.21914785415848742,,
2021-05-23,-0.2348960544810279,,
2021-05-24,0.24448855084328341,,
2021-05-25,-0.045591575047322815,,
2021-05-26,0.16785789956440794,,
2021-05-27,-0.05497081000068762,,
2021-05-28,-0.14812206937744618,,
2021-05-29,-0.05772165924460037,,
2021-05-30,0.042653234876215425,,
2021-05-31,0.1373687254611749,,
2021-06-01,-0.05602887516991602,,
2021-06-02,0.09317901222359007,,
2021-06-03,0.14865301436276018,,
2021-06-04,-0.05628329806102308,,
2021-06-05,0.05632511920841095,,
2021-06-06,0.06239722365096704,,
2021-06-07,-0.09922545082862275,,
2021-06-08,0.08194583344355769,,
2021-06-09,0.01805281241101293,,
2021-06-10,-0.022265872955898366,,
2021-06-11,-0.13145685885900585,,
2021-06-12,0.007639514998654614,,
2021-06-13,0.05994280157397305,,
2021-06-14,0.0002204532427061183,,
2021-06-15,0.015126085236288158,,
2021-06-16,0.0039942018885810535,,
2021-06-17,-0.010757748676867006,,
2021-06-18,-0.06899840894941517,,
2021-06-19,-0.04062135052630525,,
2021-06-20,0.0024089806606490023,,
2021-06-21,-0.2797231247528258,,
2021-06-22,0.006709542651391598,,
2021-06-23,0.11021831135428055,,
2021-06-24,0.01080038890923564,,
2021-06-25,-0.08255150437245302,,
2021-06-26,0.037896901320615045,,
2021-06-27,0.07060910070024799,,
2021-06-28,0.03231177027907548,,
2021-06-29,0.025631225364696163,,
2021-06-30,0.045849448821793495,,
2021-07-01,-0.061015273000381794,,
2021-07-02,0.021215897947189703,,
2021-07-03,0.013526615075429314,,
2021-07-04,-0.005363430710447657,,
2021-07-05,-0.03859606107975265,,
2021-07-06,0.03985181916325542,,
2021-07-07,0.06662795218567222,,
2021-07-08,-0.10065176098818326,,
2021-07-09,0.003925296952190538,,
2021-07-10,-0.04700183801536964,,
2021-07-11,0.015180988764183256,,
2021-07-12,-0.042064947034174134,,
2021-07-13,-0.05560709520486123,,
2021-07-14,0.07080669134069752,,
2021-07-15,-0.09733353797705745,,
2021-07-16,-0.07939691855971244,,
2021-07-17,0.017651711412512795,,
2021-07-18,-0.0012052021379912433,,
2021-07-19,-0.08705473449879583,,
2021-07-20,-0.04253763269813017,,
2021-07-21,0.12718706062704652,,
2021-07-22,0.038143594391882786,,
2021-07-23,0.028723623989882215,,
2021-07-24,0.006456415541222877,,
2021-07-25,-0.016918478273220492,,
2021-07-26,0.002816608274428669,,
2021-07-27,-0.005159318050767196,,
2021-07-28,-0.011802299445726826,,
2021-07-29,0.11517831185026305,,
2021-07-30,0.035139146064991106,,
2021-07-31,0.12952414129567472,,
2021-08-01,-0.06839397788156458,,
2021-08-02,-0.028724734873129452,,
2021-08-03,0.023964270180841532,,
2021-08-04,0.0473889339231526,,
2021-08-05,0.043305628757966536,,
2021-08-06,0.054458878980666516,,
2021-08-07,-0.002251808242989472,,
2021-08-08,-0.046471577317711135,,
2021-08-09,0.02897790832319297,,
2021-08-10,0.049455905412068325,,
2021-08-11,0.026585672477413166,,
2021-08-12,-0.014616777404443166,,
2021-08-13,0.0879576516708265,,
2021-08-14,-0.016604236867529206,,
2021-08-15,0.19666167583748975,,
2021-08-16,0.15363490504749122,,
2021-08-17,0.033177183460865976,,
2021-08-18,0.12267368947753855,,
2021-08-19,-0.001112055551159168,,
2021-08-20,0.07894209753894146,,
2021-08-21,-0.06486434506804996,,
2021-08-22,-0.01451455537683708,,
2021-08-23,0.039588678148233976,,
2021-08-24,-0.0698027293609178,,
2021-08-25,0.017831122340217703,,
2021-08-26,0.045398270875990854,,
2021-08-27,0.16334936924068522,,
2021-08-28,0.09430920387614809,,
2021-08-29,-0.021926851870756475,,
2021-08-30,0.15846402146814262,,
2021-08-31,-0.011660482845979831,,
2021-09-01,0.0328532399258213,,
2021-09-02,0.1457238406010663,,
2021-09-03,0.13252681552174386,,
2021-09-04,-0.051181314921890826,,
2021-09-05,0.02192305173913758,,
2021-09-06,0.14591706278885724,,
2021-09-07,0.05316623346173421,,
2021-09-08,0.09758964460996443,,
2021-09-09,-0.10710141039573784,,
2021-09-10,-0.04217243581626917,,
2021-09-11,-0.002782272105229,,
2021-09-12,-0.026530457262128007,,
2021-09-13,-0.029964943378625382,,
2021-09-14,-0.07127624118905314,,
2021-09-15,0.004421282896326727,,
2021-09-16,-0.040696917396738815,,
2021-09-17,-0.031731045308604384,,
2021-09-18,0.13750744434595052,,
2021-09-19,-0.10396301799570849,,
2021-09-20,-0.14527370241125792,,
2021-09-21,-0.06867898089498134,,
2021-09-22,0.17498874689471003,,
2021-09-23,0.011406169602085122,,
2021-09-24,-0.07288874758781433,,
2021-09-25,-0.022635503730593958,,
2021-09-26,-0.0038010723053009975,,
2021-09-27,0.005846556074790179,,
2021-09-28,-0.037100071115920535,,
2021-09-29,0.022511498937005665,,
2021-09-30,0.040920808490380954,,
2021-10-01,0.13416180119988155,,
2021-10-02,0.0453595278627823,,
2021-10-03,0.020342635717305716,,
2021-10-04,-0.036682500998497285,,
2021-10-05,-0.017391204093701575,,
2021-10-06,-0.0658978604116332,,
2021-10-07,0.002076534694784459,,
2021-10-08,0.02996757665991979,,
2021-10-09,-0.01190935573609114,,
2021-10-10,-0.05712313028755839,,
2021-10-11,-0.02010811104024435,,
2021-10-12,0.051931716063436724,,
2021-10-13,-0.028920443350465952,,
2021-10-14,0.011683705100637092,,
2021-10-15,0.08032395280431309,,
2021-10-16,-0.034121461429312334,,
2021-10-17,0.014377233541984846,,
2021-10-18,-0.0174402532122574,,
2021-10-19,-0.0076186353662435116,,
2021-10-20,0.12107382548811282,,
2021-10-21,0.07387437552696885,,
2021-10-22,0.03089854718295252,,
2021-10-23,0.007123714960280907,,
2021-10-24,0.021926861269914878,,
2021-10-25,0.037770828084189884,,
2021-10-26,-0.047521629594097795,,
2021-10-27,-0.08397958426153393,,
2021-10-28,0.054567231172411614,,
2021-10-29,0.026711108715011707,,
2021-10-30,-0.024314412691280502,,
2021-10-31,0.033390014078288816,,
2021-11-01,0.004509787278936123,,
2021-11-02,0.07896198554567914,,
2021-11-03,0.09413503976210985,,
2021-11-04,0.01749316325265983,,
2021-11-05,-0.044644957779517,,
2021-11-06,0.09065690179619708,,
2021-11-07,-0.03522967571341462,,
2021-11-08,-0.006067209926824669,,
2021-11-09,-0.03751165937144877,,
2021-11-10,-0.022644517165734488,,
2021-11-11,0.0013959786940191208,,
2021-11-12,-0.022583882795958247,,
2021-11-13,0.056257079939184496,,
2021-11-14,-0.014310770968802088,,
2021-11-15,-0.004945769032830799,,
2021-11-16,-0.08419475542702719,,
2021-11-17,-0.0026501574568433156,,
2021-11-18,-0.11300745371547832,,
2021-11-19,0.09860015195254003,,
2021-11-20,0.012036298690805662,,
2021-11-21,0.060136569791277274,,
2021-11-22,-0.06831151384861593,,
2021-11-23,0.027391331570779918,,
2021-11-24,-0.03177627805829885,,
2021-11-25,0.0017800850847840778,,
2021-11-26,-0.09238824276694343,,
2021-11-27,0.0042481567464189626,,
2021-11-28,0.037577739655868685,,
2021-11-29,0.01726896408760085,,
2021-11-30,0.02149759256118769,,
2021-12-01,0.09777958062483026,,
2021-12-02,0.017843984398751428,,
2021-12-03,-0.10069732139830453,,
2021-12-04,-0.05319046241518621,,
2021-12-05,-0.02324006153221443,,
2021-12-06,-0.012019524913803483,,
2021-12-07,-0.019122124957145978,,
2021-12-08,0.0213792288285785,,
2021-12-09,-0.07086581074023346,,
2021-12-10,-0.07738180599867624,,
2021-12-11,0.02373320844679689,,
2021-12-12,0.008589737832394318,,
2021-12-13,-0.10907031284475288,,
2021-12-14,-0.011671544154190009,,
2021-12-15,0.10006518046472444,,
2021-12-16,-0.009207708511545877,,
2021-12-17,-0.007898365066865814,,
2021-12-18,0.04005524287598068,,
2021-12-19,-0.015169660155555681,,
2021-12-20,-0.03566594639939096,,
2021-12-21,0.03617343938288338,,
2021-12-22,-0.00703697143231559,,
2021-12-23,0.06261111670902281,,
2021-12-24,0.0008956077671616459,,
2021-12-25,0.013498486710526763,,
2021-12-26,0.025992454890635366,,
2021-12-27,-0.012478283648004415,,
2021-12-28,-0.09763095144450563,,
2021-12-29,-0.038686287100142554,,
2021-12-30,0.01156526449407208,,
2021-12-31,-0.01402209251374584,,
2022-01-01,0.047063905474811325,,
2022-01-02,-0.012113274468432989,,
2022-01-03,-0.03512816971793549,,
2022-01-04,-0.013879821297625529,,
2022-01-05,-0.07954044749220944,,
2022-01-06,-0.030601441722614708,,
2022-01-07,-0.09777514963471351,,
2022-01-08,0.04384350791353685,,
2022-01-09,-0.012027133737426187,,
2022-01-10,-0.03525577577898896,,
2022-01-11,0.030734545450280558,,
2022-01-12,0.07882865932758,,
2022-01-13,-0.038167515368707015,,
2022-01-14,0.000911187870089189,,
2022-01-15,0.01102908085177288,,
2022-01-16,0.00047297411167860227,,
2022-01-17,-0.055265611267586036,,
2022-01-18,0.011753610651560307,,
2022-01-19,-0.04150462943114769,,
2022-01-20,-0.0653172219660597,,
2022-01-21,-0.12861257862263994,,
2022-01-22,-0.17309886954729298,,
2022-01-23,0.05438170728479202,,
2022-01-24,-0.08335926912920143,,
2022-01-25,0.032841105420913036,,
2022-01-26,-0.02654018208976136,,
2022-01-27,-0.028438054645702395,,
2022-01-28,0.019728423987499997,,
2022-01-29,0.05192377230084692,,
2022-01-30,-0.031143389637397812,,
2022-01-31,0.06672250001302082,,
2022-02-01,0.09786339689710116,,
2022-02-02,-0.07727781884566998,,
2022-02-03,-0.00363096983632623,,
2022-02-04,0.10156302178719766,,
2022-02-05,0.014938990716527538,,
2022-02-06,0.012189668950100893,,
2022-02-07,0.017873876765178254,,
2022-02-08,-0.03301908828956309,,
2022-02-09,0.004265764787667886,,
2022-02-10,-0.07103777842052979,,
2022-02-11,-0.09728612505739671,,
2022-02-12,-0.005025850473293629,,
2022-02-13,-0.028007854321520247,,
2022-02-14,0.03417131288053536,,
2022-02-15,0.0838588339358986,,
2022-02-16,-0.028931453345114735,,
2022-02-17,-0.08697164760776904,,
2022-02-18,-0.03702870380109445,,
2022-02-19,0.015916419800941363,,
2022-02-20,-0.005954724667620016,,
2022-02-21,-0.08924987320372875,,
2022-02-22,0.0396224565328169,,
2022-02-23,-0.018299812285783007,,
2022-02-24,0.04977714625256459,,
2022-02-25,0.03708004171498883,,
2022-02-26,-0.027003497367782268,,
2022-02-27,-0.05245436709326084,,
2022-02-28,0.15183280710368752,,
2022-03-01,-0.008949971256507476,,
2022-03-02,0.020076716125263096,,
2022-03-03,-0.05214997967377881,,
2022-03-04,-0.07969985085838041,,
2022-03-05,0.015256222747844925,,
2022-03-06,-0.058646857094407874,,
2022-03-07,-0.029072878977330005,,
2022-03-08,0.0017297660700123741,,
2022-03-09,0.06950324722823283,,
2022-03-10,-0.06139165837516629,,
2022-03-11,-0.02683042673548147,,
2022-03-12,0.009935887706937804,,
2022-03-13,-0.03234768183599683,,
2022-03-14,0.028081543146079593,,
2022-03-15,0.021752875683878837,,
2022-03-16,0.057982835117779116,,
2022-03-17,0.00016375435459504097,,
2022-03-18,0.02201440807844453,,
2022-03-19,0.028510647301470207,,
2022-03-20,-0.041975296000099006,,
2022-03-21,0.0017162487174629312,,
2022-03-22,0.01976093970932686,,
2022-03-23,0.04945341670440271,,
2022-03-24,0.07306657374526886,,
2022-03-25,-0.03564654826198877,,
2022-03-26,0.030910215253732855,,
2022-03-27,0.05086394537110476,,
2022-03-28,-0.005738517245572359,,
2022-03-29,0.049380479371495416,,
2022-03-30,0.07757441517492508,,
2022-03-31,0.016272896468401146,,
2022-04-01,0.09101402244404132,,
2022-04-02,-0.01691166684596586,,
2022-04-03,0.03371307755422854,,
2022-04-04,-0.032310308497955846,,
2022-04-05,-0.042634229358646386,,
2022-04-06,-0.11671271121961754,,
2022-04-07,0.05059257975361765,,
2022-04-08,-0.07890934429838015,,
2022-04-09,0.02849779409994406,,
2022-04-10,-0.010949708407751267,,
2022-04-11,-0.11726837570010552,,
2022-04-12,0.0387013044015369,,
2022-04-13,0.016525319004589558,,
2022-04-14,-0.04117125241894825,,
2022-04-15,0.005972294089818219,,
2022-04-16,0.009418861106549516,,
2022-04-17,-0.0181466976476087,,
2022-04-18,0.017284433181281197,,
2022-04-19,0.06055092211642742,,
2022-04-20,-0.029009093779803846,,
2022-04-21,-0.03591321727173278,,
2022-04-22,-0.011319718116364706,,
2022-04-23,0.001238121582647427,,
2022-04-24,-0.014916977948338668,,
2022-04-25,0.02001398691242012,,
2022-04-26,-0.05526819617153227,,
2022-04-27,0.026714474925037944,,
2022-04-28,-0.00199848346389636,,
2022-04-29,-0.04341721656300019,,
2022-04-30,-0.0996597679604053,,
2022-05-01,0.05238847300807476,,
2022-05-02,-0.023594948396613292,,
2022-05-03,-0.019842826678289214,,
2022-05-04,0.07762725525841802,,
2022-05-05,-0.09223379233452028,,
2022-05-06,-0.03395989038716199,,
2022-05-07,-0.034631732332435196,,
2022-05-08,-0.048871689229015136,,
2022-05-09,-0.17320355258927483,,
2022-05-10,0.05221652604940193,,
2022-05-11,-0.28449465532044166,,
2022-05-12,-0.11718989902128782,,
2022-05-13,0.08500453682963643,,
2022-05-14,0.0740359436552601,,
2022-05-15,0.11482877410689488,,
2022-05-16,-0.09179289089962778,,
2022-05-17,0.06265939275789326,,
2022-05-18,-0.13795456426484917,,
2022-05-19,0.04743837392597599,,
2022-05-20,-0.0525614693543924,,
2022-05-21,0.015673928184396852,,
2022-05-22,0.047246252231335786,,
2022-05-23,-0.07232016065562798,,
2022-05-24,0.01193527569934007,,
2022-05-25,-0.034131723132173906,,
2022-05-26,-0.09830821941228364,,
2022-05-27,-0.05905481966988769,,
2022-05-28,0.06641613574403016,,
2022-05-29,0.0127919697917823,,
2022-05-30,0.0493274367999343,,
2022-05-31,-0.03041652695816271,,
2022-06-01,-0.1279238826738667,,
2022-06-02,0.015677286891634532,,
2022-06-03,-0.06664161322788405,,
2022-06-04,0.01701708564988804,,
2022-06-05,-0.011718009046055272,,
2022-06-06,0.09722972000297007,,
2022-06-07,-0.0731313838331934,,
2022-06-08,-0.01509232662724976,,
2022-06-09,0.028599961201901843,,
2022-06-10,-0.07472862123299237,,
2022-06-11,-0.09232618922116222,,
2022-06-12,-0.09589822488740403,,
2022-06-13,-0.08619783544497214,,
2022-06-14,0.052923879195503065,,
2022-06-15,0.14960519214412915,,
2022-06-16,-0.14028137548184727,,
2022-06-17,0.024378928401772477,,
2022-06-18,0.034120986047438684,,
2022-06-19,0.07375053300468037,,
2022-06-20,0.033848352896275594,,
2022-06-21,0.020247333244572875,,
2022-06-22,-0.058650113929693506,,
2022-06-23,0.11227964527856829,,
2022-06-24,0.09983238550299273,,
2022-06-25,0.0030712249953273206,,
2022-06-26,-0.07087314996668029,,
2022-06-27,-0.02460519625946554,,
2022-06-28,-0.08460809262098222,,
2022-06-29,-0.04200938277488577,,
2022-06-30,-0.009492788188605564,,
2022-07-01,-0.025361747520808442,,
2022-07-02,0.01657590507005169,,
2022-07-03,0.0008892285794077905,,
2022-07-04,0.09697621912426257,,
2022-07-05,-0.037858600240516974,,
2022-07-06,0.0460589645679639,,
2022-07-07,0.038183516845182196,,
2022-07-08,-0.006007742314974019,,
2022-07-09,-0.005774284084857543,,
2022-07-10,-0.036743417743983306,,
2022-07-11,-0.09213303920562294,,
2022-07-12,-0.021366187544937333,,
2022-07-13,0.06395745691278232,,
2022-07-14,0.06098968109789543,,
2022-07-15,0.008149663125340026,,
2022-07-16,0.05616368886817274,,
2022-07-17,-0.02391098497455846,,
2022-07-18,0.12393575551062513,,
2022-07-19,0.02780698146144928,,
2022-07-20,-0.06447036389353211,,
2022-07-21,0.02584997883996608,,
2022-07-22,-0.061362363342213636,,
2022-07-23,-0.013647125759147961,,
2022-07-24,0.02388339130448001,,
2022-07-25,-0.11069962562202088,,
2022-07-26,-0.014390517289413181,,
2022-07-27,0.10738362007048531,,
2022-07-28,0.06119208134887874,,
2022-07-29,-0.022404847853373797,,
2022-07-30,0.04278170133157032,,
2022-07-31,-0.03158203401456173,,
2022-08-01,-0.014612082721357188,,
2022-08-02,-0.049554484195654724,,
2022-08-03,-0.030920892576537483,,
2022-08-04,0.007393441731068637,,
2022-08-05,0.04376933712203211,,
2022-08-06,-0.012507561826688364,,
2022-08-07,0.013526254848067657,,
2022-08-08,0.03771661414292917,,
2022-08-09,-0.043685008839613154,,
2022-08-10,0.04824308055111082,,
2022-08-11,0.010520359597239529,,
2022-08-12,0.05705638075201198,,
2022-08-13,0.024931106034846506,,
2022-08-14,-0.03477427828762625,,
2022-08-15,-0.024773552773322324,,
2022-08-16,-0.014886493804881199,,
2022-08-17,-0.06584790474606864,,
2022-08-18,-0.02204065235668023,,
2022-08-19,-0.09688049854835815,,
2022-08-20,-0.017060465729282364,,
2022-08-21,0.03535372129499152,,
2022-08-22,-0.029208276462239877,,
2022-08-23,0.004807108986713784,,
2022-08-24,-0.019482359077060685,,
2022-08-25,0.010170360482409989,,
2022-08-26,-0.10711044666944441,,
2022-08-27,-0.005419061063668543,,
2022-08-28,-0.037031731330159356,,
2022-08-29,0.06593114593177475,,
2022-08-30,-0.03281805931028034,,
2022-08-31,0.0017949067658019646,,
2022-09-01,0.0035075953934531013,,
2022-09-02,-0.01136904415159712,,
2022-09-03,-0.003808602226222771,,
2022-09-04,0.03157747780390852,,
2022-09-05,0.0026941454706857497,,
2022-09-06,-0.04146724754150455,,
2022-09-07,0.05747391656758203,,
2022-09-08,0.0271627320558989,,
2022-09-09,0.03316122516910119,,
2022-09-10,0.011276204458728123,,
2022-09-11,-0.004476597738984836,,
2022-09-12,0.06789970947961262,,
2022-09-13,-0.11277016202353936,,
2022-09-14,0.03198895983333136,,
2022-09-15,-0.031178491468555194,,
2022-09-16,-0.025616453752389585,,
2022-09-17,0.04665678579533842,,
2022-09-18,-0.08301319385946448,,
2022-09-19,0.05121033554267587,,
2022-09-20,-0.039119849008693496,,
2022-09-21,-0.019512687785576965,,
2022-09-22,0.05040662389521279,,
2022-09-23,0.038453343209827996,,
2022-09-24,-0.006329650742609897,,
2022-09-25,-0.034221061761313884,,
2022-09-26,0.04664925876299408,,
2022-09-27,-0.033877444146907625,,
2022-09-28,0.015072497443416799,,
2022-09-29,0.021348960910758188,,
2022-09-30,-0.022016601729991998,,
2022-10-01,-0.022724429477127193,,
2022-10-02,-0.012854582246200986,,
2022-10-03,0.02800689899211051,,
2022-10-04,0.03475937782193448,,
2022-10-05,-0.0012702033009087358,,
2022-10-06,-0.021684958391789164,,
2022-10-07,-0.010339906756149889,,
2022-10-08,-0.01287444604343438,,
2022-10-09,0.010256895658821763,,
2022-10-10,-0.029041734770898362,,
2022-10-11,-0.037910444394708795,,
2022-10-12,0.012456132737251616,,
2022-10-13,-0.020091576744753686,,
2022-10-14,-0.017674159553693416,,
2022-10-15,-0.01446059184753339,,
2022-10-16,0.019750303219346958,,
2022-10-17,0.0344303273225284,,
2022-10-18,-0.034534974919580144,,
2022-10-19,-0.042800398036468235,,
2022-10-20,-0.028414676367428088,,
2022-10-21,0.0010054559557488717,,
2022-10-22,-0.0033664168896358586,,
2022-10-23,0.04387271897872091,,
2022-10-24,-0.03343182324522702,,
2022-10-25,0.08883431760793677,,
2022-10-26,0.011439939119329438,,
2022-10-27,-0.021203232263679952,,
2022-10-28,0.04720098948586339,,
2022-10-29,0.023030410396638463,,
2022-10-30,0.003286183601022028,,
2022-10-31,-0.010674867947033793,,
2022-11-01,-0.011076469497707702,,
2022-11-02,-0.046265877703037334,,
2022-11-03,0.001653575569367096,,
2022-11-04,0.09102527643274196,,
2022-11-05,0.08477462034554567,,
2022-11-06,-0.1178683514190008,,
2022-11-07,-0.09891126007191611,,
2022-11-08,-0.20328191047909672,,
2022-11-09,-0.5498511218579811,,
2022-11-10,0.23452340784563394,,
2022-11-11,-0.07869292531331507,,
2022-11-12,-0.116798579781543,,
2022-11-13,-0.09920980415414053,,
2022-11-14,0.06153821718637353,,
2022-11-15,0.02131935103297673,,
2022-11-16,-0.0009850654595914689,,
2022-11-17,-0.046367763697442055,,
2022-11-18,-0.029113404840685062,,
2022-11-19,-0.030377806885705152,,
2022-11-20,-0.047766518722206344,,
2022-11-21,-0.03385448757735755,,
2022-11-22,0.04886932174285005,,
2022-11-23,0.1431054594496765,,
2022-11-24,0.01585278628437515,,
2022-11-25,-0.03613677704988533,,
2022-11-26,0.006831123178820085,,
2022-11-27,-0.003096046310274333,,
2022-11-28,-0.05151392143521145,,
2022-11-29,-0.0025166637264321264,,
2022-11-30,0.054179610244967716,,
2022-12-01,-0.047265550901750567,,
2022-12-02,0.01713787255007026,,
2022-12-03,-0.030671272371052896,,
2022-12-04,0.03082709059579691,,
2022-12-05,0.008350233822272969,,
2022-12-06,0.03257280856153309,,
2022-12-07,-0.055581188941553256,,
2022-12-08,0.01245142486858777,,
2022-12-09,-0.007986013433380934,,
2022-12-10,-0.00031814530406710834,,
2022-12-11,-0.010991370613477472,,
2022-12-12,-0.008091691435569034,,
2022-12-13,0.03799330064968534,,
2022-12-14,0.02175810292974919,,
2022-12-15,-0.008437487767148744,,
2022-12-16,-0.1337425564539569,,
2022-12-17,0.01926612254702597,,
2022-12-18,-0.007349330459725995,,
2022-12-19,-0.03969506928790309,,
2022-12-20,0.02857873532919675,,
2022-12-21,-0.012297403840713008,,
2022-12-22,-0.028009321791420193,,
2022-12-23,-0.0007088044146695555,,
2022-12-24,-0.029444332320709542,,
2022-12-25,-0.00496059208290347,,
2022-12-26,-0.007145307146553216,,
2022-12-27,-0.019983077346623333,,
2022-12-28,-0.12770760172235815,,
2022-12-29,-0.010716799618490251,,
2022-12-30,0.02337408098539688,,
2022-12-31,0.008067085914869317,,
2023-01-01,0.0021197436969494572,,
2023-01-02,0.12150170405491698,,
2023-01-03,0.16850660530330638,,
2023-01-04,0.006242230190227578,,
2023-01-05,-0.0011625520659611433,,
2023-01-06,0.007814774414708407,,
2023-01-07,-0.03264791544776527,,
2023-01-08,0.08968892795003931,,
2023-01-09,0.12927276976522145,,
2023-01-10,-0.0061228266595823215,,
2023-01-11,0.010003647839469408,,
2023-01-12,-0.010190220126107239,,
2023-01-13,0.09573923755046737,,
2023-01-14,0.28217617942566886,,
2023-01-15,-0.05882218080489781,,
2023-01-16,0.03024722872681097,,
2023-01-17,-0.029983610485944213,,
2023-01-18,-0.09316218706683317,,
2023-01-19,0.02724719423407663,,
2023-01-20,0.1759455233860048,,
2023-01-21,-0.03681957167494566,,
2023-01-22,-0.016016629064497027,,
2023-01-23,0.005197066121623937,,
2023-01-24,-0.06604742822731734,,
2023-01-25,0.0749910013836015,,
2023-01-26,-0.008615549830604429,,
2023-01-27,0.002332999045877921,,
2023-01-28,-0.017722277281642326,,
2023-01-29,0.08592245283174851,,
2023-01-30,-0.08747223107332731,,
2023-01-31,0.0001346639128033183,,
2023-02-01,0.04270381887280917,,
2023-02-02,-0.02938979768956333,,
2023-02-03,0.017167207459751564,,
2023-02-04,-0.014786176510328677,,
2023-02-05,-0.0345581803461483,,
2023-02-06,-0.034085336342724204,,
2023-02-07,0.0499912794892713,,
2023-02-08,-0.028397662624160557,,
2023-02-09,-0.12598310346878225,,
2023-02-10,-0.015941742885568645,,
2023-02-11,0.03426751075528618,,
2023-02-12,0.031246498303071257,,
2023-02-13,-0.03296130856238921,,
2023-02-14,0.048986201565100904,,
2023-02-15,0.0901612813508985,,
2023-02-16,-0.06926020976049153,,
2023-02-17,0.0389334084082758,,
2023-02-18,0.013343054817517134,,
2023-02-19,0.05649804478409372,,
2023-02-20,0.05233688945347061,,
2023-02-21,-0.04828403801676466,,
2023-02-22,-0.0312822128946296,,
2023-02-23,-0.011713992427649924,,
2023-02-24,-0.03606581685167575,,
2023-02-25,-0.023494874780666766,,
2023-02-26,0.03199189449312203,,
2023-02-27,-0.024513562531681746,,
2023-02-28,-0.034733049654763135,,
2023-03-01,0.026760474204884005,,
2023-03-02,-0.023396575529016923,,
2023-03-03,-0.027068710480834868,,
2023-03-04,-0.020450065389083512,,
2023-03-05,0.0005813221859902575,,
2023-03-06,-0.016504710020370062,,
2023-03-07,-0.019079093315762075,,
2023-03-08,-0.09435318214351912,,
2023-03-09,-0.06251521766568192,,
2023-03-10,0.05240232865960624,,
2023-03-11,-0.0009466413039162801,,
2023-03-12,0.10835634507721527,,
2023-03-13,0.006033670344719976,,
2023-03-14,0.0238547815419531,,
2023-03-15,-0.08179879945693025,,
2023-03-16,0.022088882238274384,,
2023-03-17,0.09189607500864468,,
2023-03-18,-0.020386211094762702,,
2023-03-19,0.032721470248916334,,
2023-03-20,0.012334360525996586,,
2023-03-21,0.019675563498399738,,
2023-03-22,-0.051436536266713226,,
2023-03-23,0.03393438309730279,,
2023-03-24,-0.0716178115215908,,
2023-03-25,-0.011239194373614501,,
2023-03-26,0.025657875023427527,,
2023-03-27,-0.0515746895301455,,
2023-03-28,0.02716000994464565,,
2023-03-29,0.03107872320943377,,
2023-03-30,-0.02701689654862329,,
2023-03-31,0.029625194299275927,,
2023-04-01,-0.009287141295886904,,
2023-04-02,-0.026476803470957464,,
2023-04-03,-0.004538276719577204,,
2023-04-04,0.023303043649241958,,
2023-04-05,0.0019799020341668243,,
2023-04-06,-0.01729654366684377,,
2023-04-07,-0.00688418886634865,,
2023-04-08,-0.021244857621866012,,
2023-04-09,0.012945597667566432,,
2023-04-10,0.02827212352539974,,
2023-04-11,0.09733258310624164,,
2023-04-12,0.041130078627634445,,
2023-04-13,0.025763635937048984,,
2023-04-14,0.013694782274162091,,
2023-04-15,-0.028463564522334207,,
2023-04-16,0.0518763679230617,,
2023-04-17,-0.03219882737504485,,
2023-04-18,0.011656109982087317,,
2023-04-19,-0.08994407303601508,,
2023-04-20,-0.0233125248213725,,
2023-04-21,-0.04168233345051614,,
2023-04-22,0.025007917961432542,,
2023-04-23,-0.015534498270643087,,
2023-04-24,-0.004123600864878267,,
2023-04-25,0.02481048678656728,,
2023-04-26,-0.0298312884512173,,
2023-04-27,0.048395847961704076,,
2023-04-28,0.04492750485372159,,
2023-04-29,-0.007902010996705951,,
2023-04-30,-0.015283982208908023,,
2023-05-01,-0.03757526374403025,,
2023-05-02,0.012583921087581381,,
2023-05-03,-0.002119118063319573,,
2023-05-04,-0.022226776966747908,,
2023-05-05,0.04917375282308556,,
2023-05-06,-0.03812003779636691,,
2023-05-07,-0.0058287795458426385,,
2023-05-08,-0.05419009327620334,,
2023-05-09,0.0012405116624640716,,
2023-05-10,0.01301430878360376,,
2023-05-11,-0.03499325489744215,,
2023-05-12,0.03302414853822876,,
2023-05-13,-0.0022567930392768717,,
2023-05-14,0.004071134398657351,,
2023-05-15,0.002571987317593177,,
2023-05-16,-0.01576489988961512,,
2023-05-17,0.01865497318477835,,
2023-05-18,-0.034747663899220196,,
2023-05-19,8.707691835888964e-05,,
2023-05-20,-0.0031924229872884054,,
2023-05-21,-0.03390531265421279,,
2023-05-22,-0.003574242822799622,,
2023-05-23,0.025309609448548234,,
2023-05-24,-0.04180531680621101,,
2023-05-25,0.0019795511070702424,,
2023-05-26,0.005489111899041786,,
2023-05-27,0.05324400383627839,,
2023-05-28,0.01807208142054167,,
2023-05-29,-0.010319249945152846,,
2023-05-30,0.03188257380500728,,
2023-05-31,-0.020475263128682867,,
2023-06-01,-0.015615916646340598,,
2023-06-02,0.03615622668697133,,
2023-06-03,-0.004859603263333433,,
2023-06-04,0.030789841560969207,,
2023-06-05,-0.08343106276717178,,
2023-06-06,0.016607862787240676,,
2023-06-07,-0.09049825625481094,,
2023-06-08,0.014586894178241144,,
2023-06-09,-0.0843036057971105,,
2023-06-10,-0.10453729091240002,,
2023-06-11,-0.0061304021205475494,,
2023-06-12,-0.023446797277815994,,
2023-06-13,-0.01178878275649721,,
2023-06-14,-0.036039988915448004,,
2023-06-15,0.018682683507228258,,
2023-06-16,0.03644317071253013,,
2023-06-17,0.022090681091102325,,
2023-06-18,-0.013590133422473076,,
2023-06-19,0.040261865019508805,,
2023-06-20,0.03406860136659924,,
2023-06-21,0.036682348331604435,,
2023-06-22,-0.036259597364840995,,
2023-06-23,0.029983161520745292,,
2023-06-24,-0.02937376201898969,,
2023-06-25,0.019029783257748737,,
2023-06-26,-0.042101654832801746,,
2023-06-27,0.021270745820646808,,
2023-06-28,-0.03895528780462115,,
2023-06-29,0.11704639744028647,,
2023-06-30,0.050256891195400645,,
2023-07-01,-0.011291349411083434,,
2023-07-02,0.040060952298361575,,
2023-07-03,-0.010951763908346355,,
2023-07-04,-0.005147954484914317,,
2023-07-05,-0.008010226698175719,,
2023-07-06,0.03809170111805201,,
2023-07-07,0.08539625881832759,,
2023-07-08,0.017258241015824714,,
2023-07-09,-0.023422577640200736,,
2023-07-10,-0.001594496072734501,,
2023-07-11,0.03585980272428047,,
2023-07-12,-0.005210918027583039,,
2023-07-13,0.16902145298725826,,
2023-07-14,0.02710575083197835,,
2023-07-15,0.02447706526053962,,
2023-07-16,-0.0004178230560669435,,
2023-07-17,-0.018910119082740734,,
2023-07-18,-0.05055127798454436,,
2023-07-19,0.03164436151836864,,
2023-07-20,-0.038407662431718725,,
2023-07-21,0.006627825607651453,,
2023-07-22,-0.04026745694777676,,
2023-07-23,0.009499232361778851,,
2023-07-24,-0.057507653113031125,,
2023-07-25,-0.004454438837200517,,
2023-07-26,0.07836596106607782,,
2023-07-27,-0.003132342560352238,,
2023-07-28,-0.010085906207048356,,
2023-07-29,0.012998460322992404,,
2023-07-30,-0.036756984939056235,,
2023-07-31,-0.02254579016386349,,
2023-08-01,0.011477075642928738,,
2023-08-02,-0.03597364186004834,,
2023-08-03,-0.022230443438273545,,
2023-08-04,0.007084199320994803,,
2023-08-05,-0.007106031886630125,,
2023-08-06,0.02414650187807171,,
2023-08-07,-0.005043865043109898,,
2023-08-08,0.04833795600905947,,
2023-08-09,0.006894336935597792,,
2023-08-10,0.00958342749207428,,
2023-08-11,-0.0011288192236374348,,
2023-08-12,0.012979500052712778,,
2023-08-13,-0.026954071568203515,,
2023-08-14,0.03646916761435532,,
2023-08-15,-0.05100982480903863,,
2023-08-16,-0.046593443036725274,,
2023-08-17,-0.04948942386682407,,
2023-08-18,-0.017512747801395057,,
2023-08-19,0.025146783593561314,,
2023-08-20,-0.004878289070638648,,
2023-08-21,-0.026292083197853307,,
2023-08-22,-0.03164179231298013,,
2023-08-23,0.054747309191630435,,
2023-08-24,-0.03158612078003889,,
2023-08-25,-0.031015030366295288,,
2023-08-26,-0.005534379992779045,,
2023-08-27,0.024650294920203642,,
2023-08-28,-0.011119685042346634,,
2023-08-29,0.05783219569092434,,
2023-08-30,-0.04445550400225938,,
2023-08-31,-0.054180089084743595,,
2023-09-01,-0.020834586426781126,,
2023-09-02,0.008511674800004811,,
2023-09-03,0.004324918428981526,,
2023-09-04,-0.004014699449828182,,
2023-09-05,0.038810409035103355,,
2023-09-06,-0.032701397748030644,,
2023-09-07,0.01363766750962469,,
2023-09-08,-0.014925702119846859,,
2023-09-09,-0.007884800995387712,,
2023-09-10,-0.06355004778687112,,
2023-09-11,-0.028209697587867538,,
2023-09-12,0.010707634821850505,,
2023-09-13,0.02598977019594226,,
2023-09-14,0.023361168954662562,,
2023-09-15,0.017347520921745987,,
2023-09-16,-0.0015207065731018565,,
2023-09-17,-0.016233546207682935,,
2023-09-18,0.04286826061721726,,
2023-09-19,0.01910267556063288,,
2023-09-20,0.013318986147601936,,
2023-09-21,-0.041517474577459815,,
2023-09-22,-0.002061127897757858,,
2023-09-23,0.001819099194895317,,
2023-09-24,-0.005127852035917099,,
2023-09-25,0.0015469982658289682,,
2023-09-26,-0.019750663696454316,,
2023-09-27,0.005635692952597876,,
2023-09-28,0.04238054481398211,,
2023-09-29,0.016943872043191057,,
2023-09-30,0.05256348845803353,,
2023-10-01,0.10819767261071073,,
2023-10-02,-0.019753177224666834,,
2023-10-03,0.007790465824863421,,
2023-10-04,-0.017649855508707426,,
2023-10-05,-0.019738987723485944,,
2023-10-06,0.03176069683285808,,
2023-10-07,-0.005850777336721516,,
2023-10-08,-0.0018441574196876355,,
2023-10-09,-0.04967645786039149,,
2023-10-10,-0.0005608703142657001,,
2023-10-11,-0.004433302409330985,,
2023-10-12,-0.03266293421278493,,
2023-10-13,0.02480541151398552,,
2023-10-14,0.008090362673446552,,
2023-10-15,-0.00402921271016823,,
2023-10-16,0.08982603842120652,,
2023-10-17,-0.0009291485003570491,,
2023-10-18,-0.022244896870109127,,
2023-10-19,0.06222386310232699,,
2023-10-20,0.08070882917491753,,
2023-10-21,0.0834130212145715,,
2023-10-22,-0.011898127725554675,,
2023-10-23,0.08477101707308905,,
2023-10-24,-0.05479071619724005,,
2023-10-25,0.07387761808534223,,
2023-10-26,0.009615326005081576,,
2023-10-27,-0.03214162489476857,,
2023-10-28,-0.002732254056834715,,
2023-10-29,0.036313030102971225,,
2023-10-30,0.06326274098588526,,
2023-10-31,0.09696529824003228,,
2023-11-01,0.07376900285976161,,
2023-11-02,-0.028886142776444256,,
2023-11-03,-0.01728823616964895,,
2023-11-04,0.06907584112997424,,
2023-11-05,-0.027145283592453356,,
2023-11-06,0.021352772046512185,,
2023-11-07,0.022405475742426538,,
2023-11-08,0.002410168704519933,,
2023-11-09,0.05107829968983872,,
2023-11-10,0.22033849982067427,,
2023-11-11,-0.009549769848017309,,
2023-11-12,0.0003930676774190295,,
2023-11-13,-0.07911732283867419,,
2023-11-14,0.09085019272088589,,
2023-11-15,0.14233597785274366,,
2023-11-16,-0.12442880460126098,,
2023-11-17,0.008508024554604348,,
2023-11-18,0.0020538380698087782,,
2023-11-19,0.04786313384879369,,
2023-11-20,-0.08208935507116302,,
2023-11-21,-0.08370203033509208,,
2023-11-22,0.10203925317733625,,
2023-11-23,-0.017143028586699593,,
2023-11-24,0.005069378827591753,,
2023-11-25,0.03422949696768979,,
2023-11-26,-0.020650404036465515,,
2023-11-27,-0.04551620219213839,,
2023-11-28,0.055317360105386175,,
2023-11-29,0.01800203063055168,,
2023-11-30,-0.0002007546656608661,,
2023-12-01,0.009506261898570085,0.0026218160055577755,0.006884445893012309
2023-12-02,0.06519980080658912,0.0020299360621720552,0.06316986474441706
2023-12-03,-0.012311448246168285,0.006817254703491926,0.01912870294966021
2023-12-04,-0.024264211987632546,0.020029298961162567,0.04429351094879511
2023-12-05,-0.008722325119715582,-0.00443371431902051,0.004288610800695073
2023-12-06,0.015024219376537083,0.0018128807423636317,0.013211338634173451
2023-12-07,0.09104998741632606,0.003347750287503004,0.08770223712882305
2023-12-08,0.10026955210417962,0.006055010948330164,0.09421454115584946
2023-12-09,-0.03711113840190348,0.010596325621008873,0.04770746402291235
2023-12-10,0.03310898266788793,0.004967007786035538,0.02814197488185239
2023-12-11,-0.05994366166403233,0.007858763448894024,0.06780242511292636
2023-12-12,-0.02597409357624212,0.026242654770612717,0.05221674834685484
2023-12-13,0.03209944119143896,0.011082385666668415,0.021017055524770546
2023-12-14,0.06659140020740689,0.032407037913799286,0.034184362293607606
2023-12-15,-0.04416359394991082,0.01717781089246273,0.06134140484237355
2023-12-16,0.014256225451602916,0.013791602104902267,0.00046462334670064817
2023-12-17,-0.034255100068073474,0.016526004299521446,0.05078110436759492
2023-12-18,0.04701489120337995,0.007387932855635881,0.039626958347744067
2023-12-19,-0.018453494783747092,0.017734358087182045,0.03618785287092914
2023-12-20,0.118726303119319,0.010824787430465221,0.10790151568885378
2023-12-21,0.13276837701670477,0.011539730243384838,0.12122864677331993
2023-12-22,0.04322197523857697,0.02228260412812233,0.020939371110454644
2023-12-23,0.09338234422723825,0.005613712128251791,0.08776863209898646
2023-12-24,0.04323883982212861,0.03186875581741333,0.01137008400471528
2023-12-25,0.07347724711307296,0.02401922456920147,0.049458022543871494
2023-12-26,-0.07196432293363086,0.033486507833004,0.10545083076663486
2023-12-27,-0.051277347381113565,0.0025293505750596523,0.05380669795617322
2023-12-28,-0.04704353960757878,0.007377746514976025,0.054421286122554806
2023-12-29,0.04072178936422,0.007335814647376537,0.033385974716843465
2023-12-30,-0.04279828913425232,0.006048603914678097,0.04884689304893042
2023-12-31,-0.003327822305018916,0.005129062104970217,0.008456884409989133
2024-01-01,0.07581884109062843,,
2024-01-02,-0.027183755972326022,,
2024-01-03,-0.07822374170238175,,
2024-01-04,0.06375937588341057,,
2024-01-05,-0.04949749055542356,,
2024-01-06,-0.06327007969872699,,
2024-01-07,-0.05007150463797242,,
2024-01-08,0.0910697956475597,,
2024-01-09,0.01615604295187967,,
2024-01-10,0.02630294487599585,,
2024-01-11,-0.02172433618389242,,
2024-01-12,-0.08553815624619714,,
2024-01-13,0.04235857304250275,,
2024-01-14,-0.016849249387554742,,
2024-01-15,0.0048129272871860465,,
2024-01-16,0.03320601618483862,,
2024-01-17,0.04455670202103215,,
2024-01-18,-0.07930099565798782,,
2024-01-19,-0.009214694368667582,,
2024-01-20,-0.008861568315552768,,
2024-01-21,-0.01898343368579886,,
2024-01-22,-0.08348430598799994,,
2024-01-23,0.007774647674978142,,
2024-01-24,0.05138995236978239,,
2024-01-25,-0.021052061008921884,,
2024-01-26,0.061948775034821865,,
2024-01-27,0.0190365542020566,,
2024-01-28,0.01847392881510808,,
2024-01-29,0.057013439487059274,,
2024-01-30,-0.0009228638350243256,,
2024-01-31,-0.04455183339701624,,
2024-02-01,0.008434874853391573,,
2024-02-02,0.02628646626731638,,
2024-02-03,-0.025929323067386784,,
2024-02-04,-0.0249090118367784,,
2024-02-05,0.0008082312534005348,,
2024-02-06,0.013632118982395983,,
2024-02-07,0.041629155704111784,,
2024-02-08,0.017569676308074732,,
2024-02-09,0.03951580877531183,,
2024-02-10,0.020344634939564725,,
2024-02-11,-0.01497074832515585,,
2024-02-12,0.04101186846336006,,
2024-02-13,0.005362211302887099,,
2024-02-14,0.038352204355237306,,
2024-02-15,-0.028490845604072633,,
2024-02-16,-0.028800599970422173,,
2024-02-17,-0.013301088027708104,,
2024-02-18,0.02882311970364859,,
2024-02-19,-0.006201252314532779,,
2024-02-20,-0.027497970640320567,,
2024-02-21,-0.031161608176007993,,
2024-02-22,-0.033375253803681906,,
2024-02-23,-0.01706068005730639,,
2024-02-24,0.040960097312095683,,
2024-02-25,-0.006543584197412204,,
2024-02-26,0.06064425189385175,,
2024-02-27,-0.014023615224111732,,
2024-02-28,0.08530583734706663,,
2024-02-29,0.061283879933200225,,
2024-03-01,0.0340661820729689,,
2024-03-02,-0.0021729236747279543,,
2024-03-03,0.005052848370415355,,
2024-03-04,0.021026266126585095,,
2024-03-05,-0.05759512569750776,,
2024-03-06,0.039334226239724386,,
2024-03-07,0.09643346833609208,,
2024-03-08,0.008732287475718126,,
2024-03-09,-0.004368315969443594,,
2024-03-10,-0.0006374310279100184,,
2024-03-11,0.02889379271800454,,
2024-03-12,0.015117205547057365,,
2024-03-13,0.08150710612317083,,
2024-03-14,0.07544881647852876,,
2024-03-15,0.03495442630707253,,
2024-03-16,-0.005959616678168766,,
2024-03-17,0.10553022015137188,,
2024-03-18,-0.030796786268869558,,
2024-03-19,-0.14218347553333974,,
2024-03-20,0.11925269178233132,,
2024-03-21,-0.06652861546950696,,
2024-03-22,-0.027581217533242573,,
2024-03-23,-0.008416977719527513,,
2024-03-24,0.059913801268919854,,
2024-03-25,0.02957404633521385,,
2024-03-26,0.008512645584326442,,
2024-03-27,-0.023013266105452203,,
2024-03-28,0.01734250354726658,,
2024-03-29,0.013651258830140551,,
2024-03-30,0.011162089623151643,,
2024-03-31,0.04279237367892107,,
2024-04-01,-0.05213881197669452,,
2024-04-02,-0.061000159086123426,,
2024-04-03,0.022247885811145073,,
2024-04-04,-0.006990674819972992,,
2024-04-05,-0.05277469532880649,,
2024-04-06,0.02497935830055012,,
2024-04-07,0.004096958404519903,,
2024-04-08,0.006292847483159478,,
2024-04-09,-0.04738175724382602,,
2024-04-10,0.005916437694229321,,
2024-04-11,-0.00497664761116067,,
2024-04-12,-0.11625716206965535,,
2024-04-13,-0.09764712816191878,,
2024-04-14,0.0822359772711319,,
2024-04-15,-0.08832833872689437,,
2024-04-16,-0.016218312029378373,,
2024-04-17,-0.032917466098140044,,
2024-04-18,0.07461200806674174,,
2024-04-19,0.004200685185152931,,
2024-04-20,0.05757044263796694,,
2024-04-21,-0.01684657467673846,,
2024-04-22,0.055123827372758866,,
2024-04-23,-0.014948415385725012,,
2024-04-24,-0.046007405905674426,,
2024-04-25,-0.019529606414478807,,
2024-04-26,-0.04074484656676076,,
2024-04-27,0.015584340305559313,,
2024-04-28,-0.024595965455639898,,
2024-04-29,-0.0006060627718430791,,
2024-04-30,-0.0817451970483929,,
2024-05-01,0.05862309726528443,,
2024-05-02,0.02339322221644468,,
2024-05-03,0.04232409494466558,,
2024-05-04,0.016301118848920458,,
2024-05-05,-0.0028921065850296985,,
2024-05-06,0.04751315126908655,,
2024-05-07,-0.031054084285439973,,
2024-05-08,-0.04021891919894038,,
2024-05-09,0.07155615734904601,,
2024-05-10,-0.04438489458311524,,
2024-05-11,-0.006192066826924221,,
2024-05-12,-0.012419448596371122,,
2024-05-13,0.025871316986126897,,
2024-05-14,-0.03628822481328444,,
2024-05-15,0.10773570648285816,,
2024-05-16,0.0058536778787755366,,
2024-05-17,0.06339677933016057,,
2024-05-18,0.017590966959134743,,
2024-05-19,-0.01428878467937784,,
2024-05-20,0.092205441330296,,
2024-05-21,-0.0461000119638277,,
2024-05-22,-0.0070703466601823835,,
2024-05-23,-0.004972873216223062,,
2024-05-24,-0.047648746242847234,,
2024-05-25,0.0038111331081742434,,
2024-05-26,-0.030664889732650552,,
2024-05-27,0.039875041441734,,
2024-05-28,-0.007945136159536353,,
2024-05-29,-0.0034341012725390236,,
2024-05-30,-0.006543215201374444,,
2024-05-31,-0.008050338622716098,,
2024-06-01,0.002369502337462871,,
2024-06-02,-0.016883982626252233,,
2024-06-03,0.010197796248853848,,
2024-06-04,0.0408510045226185,,
2024-06-05,0.009736875781425776,,
2024-06-06,-0.020185249185842524,,
2024-06-07,-0.04517021834134064,,
2024-06-08,-0.028259806227002932,,
2024-06-09,0.02574691721244812,,
2024-06-10,-0.019631756971768576,,
2024-06-11,-0.06166855862139476,,
2024-06-12,0.03779340930450887,,
2024-06-13,-0.05209609825644592,,
2024-06-14,-0.028844603052146492,,
2024-06-15,0.016210031347395886,,
2024-06-16,0.038498501910252725,,
2024-06-17,-0.053008797167079395,,
2024-06-18,-0.041389900876314896,,
2024-06-19,-0.01369689094827519,,
2024-06-20,-0.01588127689498168,,
2024-06-21,0.008329132659201497,,
2024-06-22,-0.006691213360576866,,
2024-06-23,-0.03866694713840393,,
2024-06-24,0.027937679633756613,,
2024-06-25,0.0319178904660081,,
2024-06-26,0.0003966018756847257,,
2024-06-27,0.08979587073523533,,
2024-06-28,-0.0674688544101551,,
2024-06-29,0.00207938500712688,,
2024-06-30,0.04524086534562727,,
2024-07-01,0.0007764857160707714,,
2024-07-02,0.04737614696251409,,
2024-07-03,-0.08822188565166071,,
2024-07-04,-0.0982240591533622,,
2024-07-05,0.05165215003708686,,
2024-07-06,0.06398248660991508,,
2024-07-07,-0.0830628252829123,,
2024-07-08,0.05654127824914185,,
2024-07-09,0.012895783763501307,,
2024-07-10,0.004239633835328926,,
2024-07-11,-0.043910073646635406,,
2024-07-12,0.026610808110675958,,
2024-07-13,0.01704474131299374,,
2024-07-14,0.03934670077056463,,
2024-07-15,0.07980717601984098,,
2024-07-16,0.004861001892402204,,
2024-07-17,-0.031501753731442546,,
2024-07-18,0.022128473356331085,,
2024-07-19,0.061513185774416335,,
2024-07-20,0.02745447194597825,,
2024-07-21,0.05943056007700254,,
2024-07-22,-0.030631890163467207,,
2024-07-23,-0.03537522263119717,,
2024-07-24,0.030070261681161406,,
2024-07-25,-0.034669645423531556,,
2024-07-26,0.06295613293800201,,
2024-07-27,0.00515932947845584,,
2024-07-28,0.00433680839731333,,
2024-07-29,-0.011459371940131361,,
2024-07-30,-0.020252767535938018,,
2024-07-31,-0.041505992627111826,,
2024-08-01,-0.024470005997677704,,
2024-08-02,-0.09387071881384018,,
2024-08-03,-0.06577160119265603,,
2024-08-04,-0.03464591952246652,,
2024-08-05,-0.06114532697851982,,
2024-08-06,0.1039609910908253,,
2024-08-07,0.0037675557183894453,,
2024-08-08,0.11912932265733238,,
2024-08-09,-0.04054262281776133,,
2024-08-10,-0.016095160876847463,,
2024-08-11,-0.08421418444873682,,
2024-08-12,0.034186654551214696,,
2024-08-13,0.0017609947897050872,,
2024-08-14,-0.019194556098134835,,
2024-08-15,-0.008210570939148728,,
2024-08-16,-0.024195643538775135,,
2024-08-17,0.017557804666606214,,
2024-08-18,0.005544433001083983,,
2024-08-19,0.012245661786127085,,
2024-08-20,-0.00820211793083629,,
2024-08-21,0.0026422142551561973,,
2024-08-22,0.003834877540369727,,
2024-08-23,0.06649084252231628,,
2024-08-24,0.04859107097023327,,
2024-08-25,-0.01140437138116142,,
2024-08-26,-0.010593995534682692,,
2024-08-27,-0.06801929221493376,,
2024-08-28,-0.02067354119991115,,
2024-08-29,-0.0270282511171933,,
2024-08-30,-0.014050292405455139,,
2024-08-31,-0.019934811848349488,,
2024-09-01,-0.05063248328036195,,
2024-09-02,0.047881598643361264,,
2024-09-03,-0.056567621523405894,,
2024-09-04,0.04615486864500916,,
2024-09-05,-0.03252382032585898,,
2024-09-06,-0.03412482328856331,,
2024-09-07,0.02161829565773287,,
2024-09-08,0.017601187303957155,,
2024-09-09,0.03801072418548068,,
2024-09-10,0.004499029410690336,,
2024-09-11,-0.023404123541663848,,
2024-09-12,0.027137124142513742,,
2024-09-13,0.021499208540964515,,
2024-09-14,-0.013919030835196208,,
2024-09-15,-0.04229011128198217,,
2024-09-16,-0.00020378165910262878,,
2024-09-17,0.0004915124852150169,,
2024-09-18,0.018490210319257544,,
2024-09-19,0.06392004091956376,,
2024-09-20,0.025780363056322766,,
2024-09-21,0.019995918954451145,,
2024-09-22,-0.03209855036392086,,
2024-09-23,7.829109613487251e-05,,
2024-09-24,0.05427579938201665,,
2024-09-25,-0.03235447248279887,,
2024-09-26,0.04978012177396378,,
2024-09-27,0.013876141939305827,,
2024-09-28,-0.005335714484157691,,
2024-09-29,0.01088130885682954,,
2024-09-30,-0.038648533352438674,,
2024-10-01,-0.04921017820984148,,
2024-10-02,-0.03433833295132687,,
2024-10-03,-0.025976241530536206,,
2024-10-04,0.045636887133867404,,
2024-10-05,-0.0032217674450850504,,
2024-10-06,0.025805334208321276,,
2024-10-07,-0.016883689201343144,,
2024-10-08,-0.004157243192138643,,
2024-10-09,-0.028864023663125602,,
2024-10-10,-0.003057879251324761,,
2024-10-11,0.045700061891195305,,
2024-10-12,0.007668497951519224,,
2024-10-13,0.007291409749833497,,
2024-10-14,0.06477266925737032,,
2024-10-15,-0.017455929682241335,,
2024-10-16,-0.0031487113538008417,,
2024-10-17,-0.025758085235271646,,
2024-10-18,0.030485488285609444,,
2024-10-19,0.02964740289036295,,
2024-10-20,0.04470446128504624,,
2024-10-21,-0.004332762807643214,,
2024-10-22,0.006252560430068821,,
2024-10-23,0.021715426487186905,,
2024-10-24,0.03472427635745299,,
2024-10-25,-0.07256607138743247,,
2024-10-26,0.03547699107893994,,
2024-10-27,0.033656996377744025,,
2024-10-28,0.008747757501492419,,
2024-10-29,0.0070335162184357375,,
2024-10-30,-0.025041977704144076,,
2024-10-31,-0.03783757450521975,,
2024-11-01,-0.012955904922955888,,
2024-11-02,-0.0015155352582635155,,
2024-11-03,-0.021056463899141127,,
2024-11-04,-0.030002962194119607,,
2024-11-05,0.05533701196849569,,
2024-11-06,0.11453667836904736,,
2024-11-07,0.0489535063823847,,
2024-11-08,0.018192053426734175,,
2024-11-09,0.0012761213018762684,,
2024-11-10,0.050729108869180105,,
2024-11-11,0.055537890770552295,,
2024-11-12,-0.04788452550260394,,
2024-11-13,0.013929092948224215,,
2024-11-14,-0.028113743152857376,,
2024-11-15,0.041466401331072,,
2024-11-16,-0.012525123759702605,,
